cycle_id,source_id,candidate_index,base_config_id,filter_pass,selected,rejection_reason,confidence_score,residual_ratio,max_abs_feature_z,U,Re,Ca,E,h,t,theta1_init_deg,theta2_init_deg,theta3_init_deg,D,H,L,H_soft,b,N_per_column,Cd_soft,Cd_cyl,force,F_physics,F_residual,Cd_stem_eff,Cd_leaf_eff,shielding_coef,reconfiguration_factor,reconfiguration_gain
2,2,0,2,1,1,accepted,0.5340627431869507,0.12544839084148407,1.6970609426498413,0.22515460848808289,5628.86474609375,3.1146750450134277,12500000.0,0.009999999776482582,0.0020000000949949026,20.0,120.0,240.0,0.02500000037252903,0.23000000417232513,0.07999999821186066,0.20000000298023224,0.027499999850988388,5.0,2.0,1.2000000476837158,0.4053809344768524,0.463530033826828,-0.058149099349975586,1.4090608358383179,1.5831923484802246,0.6904138326644897,1.2199883460998535,1.1624451875686646
2,2,1,11,1,0,valid_not_selected,0.4637935757637024,0.15366314351558685,1.623000144958496,0.40635398030281067,10158.849609375,264.1976013183594,480000.0,0.009999999776482582,0.0020000000949949026,60.0,180.0,300.0,0.02500000037252903,0.23000000417232513,0.07999999821186066,0.20000000298023224,0.027499999850988388,5.0,2.0,1.2000000476837158,0.8282926678657532,0.9786796569824219,-0.1503869891166687,1.3178054094314575,1.472799301147461,0.5450816750526428,0.40768513083457947,0.38354596495628357
2,2,2,4,1,1,accepted,0.8939378261566162,0.0059921396896243095,2.082158327102661,0.05934051424264908,1483.5128173828125,0.7617901563644409,3550000.0,0.019999999552965164,0.0020000000949949026,20.0,120.0,240.0,0.02500000037252903,0.23000000417232513,0.07999999821186066,0.20000000298023224,0.027499999850988388,5.0,2.0,1.2000000476837158,0.0630405843257904,0.0634206086397171,-0.00038002515793778,0.9157508015632629,2.363532781600952,0.8033161759376526,1.3161903619766235,1.266355276107788
2,2,3,10,1,1,accepted,0.6751641631126404,0.07855987548828125,1.3577500581741333,0.16258101165294647,4064.52490234375,42.29212188720703,480000.0,0.009999999776482582,0.0020000000949949026,60.0,120.0,240.0,0.02500000037252903,0.23000000417232513,0.07999999821186066,0.20000000298023224,0.027499999850988388,5.0,2.0,1.2000000476837158,0.19097740948200226,0.20725969970226288,-0.016282295808196068,1.199820637702942,2.3482649326324463,0.5328376293182373,0.5005654096603394,0.4626900255680084
2,2,4,11,1,0,valid_not_selected,0.5009235739707947,0.1382603496313095,1.4090946912765503,0.3341640830039978,8354.1015625,178.6649627685547,480000.0,0.009999999776482582,0.0020000000949949026,60.0,180.0,300.0,0.02500000037252903,0.23000000417232513,0.07999999821186066,0.20000000298023224,0.027499999850988388,5.0,2.0,1.2000000476837158,0.5961673259735107,0.691818356513977,-0.0956510454416275,1.298359990119934,1.5957541465759277,0.5464446544647217,0.42644771933555603,0.39777007699012756
2,2,5,2,1,1,accepted,0.5513492822647095,0.11907736212015152,1.6970609426498413,0.17437580227851868,4359.3955078125,1.8682007789611816,12500000.0,0.009999999776482582,0.0020000000949949026,20.0,120.0,240.0,0.02500000037252903,0.23000000417232513,0.07999999821186066,0.20000000298023224,0.027499999850988388,5.0,2.0,1.2000000476837158,0.23061834275722504,0.26179182529449463,-0.031173480674624443,1.2569427490234375,1.5516961812973022,0.7094646692276001,1.253087043762207,1.1818732023239136
2,2,6,8,1,0,valid_not_selected,0.6001606583595276,0.0361604280769825,2.3297557830810547,0.05060044676065445,1265.0111083984375,4.096646785736084,480000.0,0.019999999552965164,0.0020000000949949026,60.0,120.0,240.0,0.02500000037252903,0.23000000417232513,0.07999999821186066,0.20000000298023224,0.027499999850988388,5.0,2.0,1.2000000476837158,0.03631076589226723,0.03504357486963272,0.0012671906733885407,0.986059844493866,2.2627739906311035,0.6812132596969604,0.8749722838401794,0.8474695682525635
2,2,7,4,1,0,valid_not_selected,0.4103619456291199,0.17814314365386963,1.6970609426498413,0.34338146448135376,8584.5361328125,25.508586883544922,3550000.0,0.019999999552965164,0.0020000000949949026,20.0,120.0,240.0,0.02500000037252903,0.23000000417232513,0.07999999821186066,0.20000000298023224,0.027499999850988388,5.0,2.0,1.2000000476837158,1.1912864446640015,1.4495060443878174,-0.25821956992149353,1.7286947965621948,1.7304601669311523,0.634393572807312,1.1262873411178589,1.0556319952011108
2,2,8,10,1,1,accepted,0.8068750500679016,0.04291728511452675,1.9155480861663818,0.06605634838342667,1651.40869140625,6.981503963470459,480000.0,0.009999999776482582,0.0020000000949949026,60.0,120.0,240.0,0.02500000037252903,0.23000000417232513,0.07999999821186066,0.20000000298023224,0.027499999850988388,5.0,2.0,1.2000000476837158,0.042543310672044754,0.0444510281085968,-0.0019077174365520477,1.0729187726974487,2.6901516914367676,0.620678186416626,0.7549165487289429,0.699897050857544
2,2,9,7,1,1,accepted,0.8511154651641846,0.032241497188806534,1.0208362340927124,0.38573381304740906,9643.345703125,32.189048767089844,3550000.0,0.009999999776482582,0.0020000000949949026,60.0,180.0,300.0,0.02500000037252903,0.23000000417232513,0.07999999821186066,0.20000000298023224,0.027499999850988388,5.0,2.0,1.2000000476837158,1.0699591636657715,1.1056056022644043,-0.03564637899398804,1.210469365119934,1.771746277809143,0.530057430267334,0.6746220588684082,0.5672835111618042
2,2,10,1,1,1,accepted,0.8450103998184204,0.033681269735097885,1.1010252237319946,0.38899660110473633,9724.9150390625,9.2969970703125,12500000.0,0.019999999552965164,0.0020000000949949026,60.0,180.0,300.0,0.02500000037252903,0.23000000417232513,0.07999999821186066,0.20000000298023224,0.027499999850988388,5.0,2.0,1.2000000476837158,2.4896914958953857,2.4085679054260254,0.08112362772226334,1.3099563121795654,1.7637743949890137,0.6552696824073792,1.2894926071166992,1.125040054321289
2,2,11,10,1,0,valid_not_selected,0.5146749019622803,0.1328439563512802,1.3577500581741333,0.2825835049152374,7064.58740234375,127.76546478271484,480000.0,0.009999999776482582,0.0020000000949949026,60.0,120.0,240.0,0.02500000037252903,0.23000000417232513,0.07999999821186066,0.20000000298023224,0.027499999850988388,5.0,2.0,1.2000000476837158,0.39760667085647583,0.45851802825927734,-0.06091134622693062,1.1246312856674194,1.8925963640213013,0.5010560750961304,0.35326868295669556,0.33248215913772583
2,2,12,6,1,0,valid_not_selected,0.6817774772644043,0.07661040127277374,1.0208361148834229,0.3946542739868164,9866.3564453125,33.695068359375,3550000.0,0.009999999776482582,0.0020000000949949026,60.0,120.0,240.0,0.02500000037252903,0.23000000417232513,0.07999999821186066,0.20000000298023224,0.027499999850988388,5.0,2.0,1.2000000476837158,0.9012186527252197,0.975989580154419,-0.07477094978094101,1.0511795282363892,1.7476762533187866,0.5389321446418762,0.5528636574745178,0.5001716017723083
2,2,13,3,1,0,valid_not_selected,0.7498951554298401,0.0575643815100193,1.1010252237319946,0.31634417176246643,7908.60400390625,6.148522853851318,12500000.0,0.009999999776482582,0.0020000000949949026,60.0,180.0,300.0,0.02500000037252903,0.23000000417232513,0.07999999821186066,0.20000000298023224,0.027499999850988388,5.0,2.0,1.2000000476837158,1.1082862615585327,1.0479609966278076,0.06032522767782211,1.285169005393982,1.6475636959075928,0.649145245552063,1.2032878398895264,1.0278599262237549
2,2,14,4,1,1,accepted,0.5304803848266602,0.1267944723367691,1.6970609426498413,0.18553277850151062,4638.3193359375,7.446874141693115,3550000.0,0.019999999552965164,0.0020000000949949026,20.0,120.0,240.0,0.02500000037252903,0.23000000417232513,0.07999999821186066,0.20000000298023224,0.027499999850988388,5.0,2.0,1.2000000476837158,0.35690298676490784,0.40872734785079956,-0.05182436853647232,1.200639247894287,1.8709932565689087,0.6938772201538086,1.2498735189437866,1.1437991857528687
2,2,15,2,1,0,valid_not_selected,0.5184614658355713,0.1313779205083847,1.6970609426498413,0.296058714389801,7401.46728515625,5.385261058807373,12500000.0,0.009999999776482582,0.0020000000949949026,20.0,120.0,240.0,0.02500000037252903,0.23000000417232513,0.07999999821186066,0.20000000298023224,0.027499999850988388,5.0,2.0,1.2000000476837158,0.7398446202278137,0.8517451286315918,-0.11190050095319748,1.5617412328720093,1.633444905281067,0.6705257892608643,1.174080729484558,1.1320621967315674
2,2,16,4,1,0,valid_not_selected,0.38436204195022583,0.19123408198356628,1.6970609426498413,0.41631215810775757,10407.8037109375,37.494789123535156,3550000.0,0.019999999552965164,0.0020000000949949026,20.0,120.0,240.0,0.02500000037252903,0.23000000417232513,0.07999999821186066,0.20000000298023224,0.027499999850988388,5.0,2.0,1.2000000476837158,1.6265041828155518,2.011093854904175,-0.38458970189094543,1.7704511880874634,1.6355247497558594,0.615132212638855,1.0476148128509521,0.9830799698829651
2,2,17,6,1,1,accepted,0.8063543438911438,0.04304639622569084,1.239938735961914,0.10203036665916443,2550.759033203125,2.2521207332611084,3550000.0,0.009999999776482582,0.0020000000949949026,60.0,120.0,240.0,0.02500000037252903,0.23000000417232513,0.07999999821186066,0.20000000298023224,0.027499999850988388,5.0,2.0,1.2000000476837158,0.08070959895849228,0.08434014022350311,-0.003630538936704397,0.8779276609420776,1.818870186805725,0.6756541728973389,0.9227278828620911,0.8386373519897461
2,2,18,4,1,1,accepted,0.6171991229057312,0.09651271253824234,1.6970609426498413,0.1361139863729477,3402.849609375,4.008097171783447,3550000.0,0.019999999552965164,0.0020000000949949026,20.0,120.0,240.0,0.02500000037252903,0.23000000417232513,0.07999999821186066,0.20000000298023224,0.027499999850988388,5.0,2.0,1.2000000476837158,0.20430822670459747,0.22613292932510376,-0.021824702620506287,1.0073364973068237,1.945648431777954,0.726976215839386,1.2697683572769165,1.1591540575027466
2,2,19,11,1,0,valid_not_selected,0.5748772025108337,0.11071976274251938,1.3577500581741333,0.2582492232322693,6456.23095703125,106.70821380615234,480000.0,0.009999999776482582,0.0020000000949949026,60.0,180.0,300.0,0.02500000037252903,0.23000000417232513,0.07999999821186066,0.20000000298023224,0.027499999850988388,5.0,2.0,1.2000000476837158,0.398013174533844,0.44756776094436646,-0.049554597586393356,1.2669670581817627,1.8049533367156982,0.5521808862686157,0.4650765657424927,0.42798057198524475
2,2,20,5,1,0,valid_not_selected,0.7337971925735474,0.06190452724695206,1.0745265483856201,0.45243602991104126,11310.900390625,44.28402328491211,3550000.0,0.019999999552965164,0.0020000000949949026,60.0,180.0,300.0,0.02500000037252903,0.23000000417232513,0.07999999821186066,0.20000000298023224,0.027499999850988388,5.0,2.0,1.2000000476837158,2.1361238956451416,2.277085781097412,-0.1409619152545929,1.5029767751693726,1.555511713027954,0.5642099380493164,0.7915199398994446,0.6911048889160156
2,2,21,8,1,1,accepted,0.9987562298774719,0.00024890279746614397,1.3577500581741333,0.2323300987482071,5808.251953125,86.36360931396484,480000.0,0.019999999552965164,0.0020000000949949026,60.0,120.0,240.0,0.02500000037252903,0.23000000417232513,0.07999999821186066,0.20000000298023224,0.027499999850988388,5.0,2.0,1.2000000476837158,0.4472889006137848,0.44717758893966675,0.00011130375060020015,1.4580549001693726,1.5898865461349487,0.5110158920288086,0.4450613558292389,0.4464321434497833
2,2,22,2,1,0,valid_not_selected,0.4990116357803345,0.13902518153190613,1.6970609426498413,0.410498708486557,10262.4677734375,10.353200912475586,12500000.0,0.009999999776482582,0.0020000000949949026,20.0,120.0,240.0,0.02500000037252903,0.23000000417232513,0.07999999821186066,0.20000000298023224,0.027499999850988388,5.0,2.0,1.2000000476837158,1.4415414333343506,1.6743130683898926,-0.23277167975902557,1.6642817258834839,1.671750783920288,0.6464132070541382,1.0985444784164429,1.0686477422714233
2,2,23,11,1,1,accepted,0.6071215271949768,0.09980525821447372,1.3577500581741333,0.2369503378868103,5923.75830078125,89.83271026611328,480000.0,0.009999999776482582,0.0020000000949949026,60.0,180.0,300.0,0.02500000037252903,0.23000000417232513,0.07999999821186066,0.20000000298023224,0.027499999850988388,5.0,2.0,1.2000000476837158,0.3507867455482483,0.3896787166595459,-0.0388919860124588,1.2556664943695068,1.8873422145843506,0.5555940866470337,0.48213422298431396,0.4416629374027252
2,2,24,8,1,0,valid_not_selected,0.5684207677841187,0.11297867447137833,1.7472261190414429,0.45523571968078613,11380.892578125,331.58319091796875,480000.0,0.019999999552965164,0.0020000000949949026,60.0,120.0,240.0,0.02500000037252903,0.23000000417232513,0.07999999821186066,0.20000000298023224,0.027499999850988388,5.0,2.0,1.2000000476837158,1.054980754852295,1.1893521547317505,-0.13437142968177795,1.297755241394043,1.1895643472671509,0.496108740568161,0.295028954744339,0.2880649268627167
2,2,25,9,1,0,valid_not_selected,0.5021963119506836,0.13775284588336945,1.7228623628616333,0.4452061057090759,11130.15234375,317.1334533691406,480000.0,0.019999999552965164,0.0020000000949949026,60.0,180.0,300.0,0.02500000037252903,0.23000000417232513,0.07999999821186066,0.20000000298023224,0.027499999850988388,5.0,2.0,1.2000000476837158,1.3519964218139648,1.5679917335510254,-0.21599532663822174,1.641928791999817,1.2565356492996216,0.5617979764938354,0.4018480181694031,0.399601548910141
2,2,26,1,1,1,accepted,0.8231561779975891,0.038921862840652466,1.1010252237319946,0.2387309968471527,5968.27490234375,3.501617431640625,12500000.0,0.019999999552965164,0.0020000000949949026,60.0,180.0,300.0,0.02500000037252903,0.23000000417232513,0.07999999821186066,0.20000000298023224,0.027499999850988388,5.0,2.0,1.2000000476837158,0.9195083975791931,0.88506019115448,0.03444819152355194,1.0879415273666382,1.7535278797149658,0.7467622756958008,1.3917300701141357,1.2551863193511963
2,2,27,7,1,0,valid_not_selected,0.6924014091491699,0.02550056390464306,2.240086555480957,0.05360616371035576,1340.1539306640625,0.6216732263565063,3550000.0,0.009999999776482582,0.0020000000949949026,60.0,180.0,300.0,0.02500000037252903,0.23000000417232513,0.07999999821186066,0.20000000298023224,0.027499999850988388,5.0,2.0,1.2000000476837158,0.05542076751589775,0.054042648524045944,0.001378118060529232,1.0725537538528442,2.71728253364563,0.8368538618087769,1.3194977045059204,1.3951501846313477
2,2,28,0,1,0,valid_not_selected,0.5027422904968262,0.13753552734851837,1.6970609426498413,0.39025235176086426,9756.3076171875,9.3571195602417,12500000.0,0.019999999552965164,0.0020000000949949026,20.0,120.0,240.0,0.02500000037252903,0.23000000417232513,0.07999999821186066,0.20000000298023224,0.027499999850988388,5.0,2.0,1.2000000476837158,1.9850742816925049,2.3016302585601807,-0.316555917263031,1.6978143453598022,1.719434142112732,0.6618335843086243,1.2557445764541626,1.205319881439209
2,2,29,4,1,0,valid_not_selected,0.368091881275177,0.1998845338821411,1.6970609426498413,0.4947234094142914,12368.0849609375,52.94898223876953,3550000.0,0.019999999552965164,0.0020000000949949026,20.0,120.0,240.0,0.02500000037252903,0.23000000417232513,0.07999999821186066,0.20000000298023224,0.027499999850988388,5.0,2.0,1.2000000476837158,2.090183734893799,2.6123526096343994,-0.5221688747406006,1.745965600013733,1.535678505897522,0.598170816898346,0.9667770862579346,0.9052700400352478
2,2,30,0,1,1,accepted,0.6400333046913147,0.08924701809883118,1.6970609426498413,0.16033689677715302,4008.422119140625,1.5794942378997803,12500000.0,0.019999999552965164,0.0020000000949949026,20.0,120.0,240.0,0.02500000037252903,0.23000000417232513,0.07999999821186066,0.20000000298023224,0.027499999850988388,5.0,2.0,1.2000000476837158,0.3280251920223236,0.3601692318916321,-0.032144028693437576,1.061387062072754,1.8261163234710693,0.744654655456543,1.343725323677063,1.2464314699172974
2,2,31,11,1,1,accepted,0.911990225315094,0.01842520199716091,1.3577500581741333,0.13091926276683807,3272.9814453125,27.423757553100586,480000.0,0.009999999776482582,0.0020000000949949026,60.0,180.0,300.0,0.02500000037252903,0.23000000417232513,0.07999999821186066,0.20000000298023224,0.027499999850988388,5.0,2.0,1.2000000476837158,0.16131602227687836,0.16434410214424133,-0.0030280733481049538,1.1796940565109253,2.545624017715454,0.6090621948242188,0.6597744822502136,0.5960765480995178
2,2,32,1,1,0,valid_not_selected,0.773991584777832,0.051238857209682465,1.858438491821289,0.08594342321157455,2148.58544921875,0.4538124203681946,12500000.0,0.019999999552965164,0.0020000000949949026,60.0,180.0,300.0,0.02500000037252903,0.23000000417232513,0.07999999821186066,0.20000000298023224,0.027499999850988388,5.0,2.0,1.2000000476837158,0.173451766371727,0.16499748826026917,0.008454282768070698,1.068114161491394,2.3424532413482666,0.8641631603240967,1.4608166217803955,1.514057993888855
2,2,33,0,1,0,valid_not_selected,0.4848329722881317,0.1447901725769043,1.6970609426498413,0.47434118390083313,11858.529296875,13.823967933654785,12500000.0,0.019999999552965164,0.0020000000949949026,20.0,120.0,240.0,0.02500000037252903,0.23000000417232513,0.07999999821186066,0.20000000298023224,0.027499999850988388,5.0,2.0,1.2000000476837158,2.84918475151062,3.3315622806549072,-0.48237746953964233,1.7675251960754395,1.6823623180389404,0.6449980735778809,1.2040104866027832,1.157960295677185
2,2,34,3,1,1,accepted,0.8375786542892456,0.03544802591204643,1.1010252237319946,0.20840153098106384,5210.03857421875,2.668412208557129,12500000.0,0.009999999776482582,0.0020000000949949026,60.0,180.0,300.0,0.02500000037252903,0.23000000417232513,0.07999999821186066,0.20000000298023224,0.027499999850988388,5.0,2.0,1.2000000476837158,0.49420687556266785,0.4772879481315613,0.016918916255235672,1.1761653423309326,1.6131978034973145,0.7208210229873657,1.2901084423065186,1.1536556482315063
2,2,35,11,1,1,accepted,0.8605008721351624,0.030048126354813576,1.9787652492523193,0.0634230449795723,1585.5760498046875,6.435970783233643,480000.0,0.009999999776482582,0.0020000000949949026,60.0,180.0,300.0,0.02500000037252903,0.23000000417232513,0.07999999821186066,0.20000000298023224,0.027499999850988388,5.0,2.0,1.2000000476837158,0.060636602342128754,0.05886773765087128,0.001768865273334086,1.0941596031188965,3.120069980621338,0.7206268906593323,0.9333674311637878,0.8950931429862976
2,2,36,3,1,0,valid_not_selected,0.7576305270195007,0.05551189184188843,1.1010252237319946,0.4469008147716522,11172.5205078125,12.270814895629883,12500000.0,0.009999999776482582,0.0020000000949949026,60.0,180.0,300.0,0.02500000037252903,0.23000000417232513,0.07999999821186066,0.20000000298023224,0.027499999850988388,5.0,2.0,1.2000000476837158,2.172889471054077,2.058612108230591,0.11427745223045349,1.3776657581329346,1.7390484809875488,0.5889873504638672,1.1051307916641235,0.925014317035675
2,2,37,9,1,1,accepted,0.9912111163139343,0.0017655527917668223,1.3577500581741333,0.23082704842090607,5770.67578125,85.24976348876953,480000.0,0.019999999552965164,0.0020000000949949026,60.0,180.0,300.0,0.02500000037252903,0.23000000417232513,0.07999999821186066,0.20000000298023224,0.027499999850988388,5.0,2.0,1.2000000476837158,0.6271089911460876,0.6282181143760681,-0.0011091522173956037,1.6007241010665894,1.7783806324005127,0.5926162004470825,0.5978631973266602,0.5910475850105286
2,2,38,9,1,1,accepted,0.5959911346435547,0.10350589454174042,1.457574486732483,0.34931057691574097,8732.763671875,195.22854614257812,480000.0,0.019999999552965164,0.0020000000949949026,60.0,180.0,300.0,0.02500000037252903,0.23000000417232513,0.07999999821186066,0.20000000298023224,0.027499999850988388,5.0,2.0,1.2000000476837158,0.9560645222663879,1.0664482116699219,-0.11038367450237274,1.6575109958648682,1.3758416175842285,0.565532922744751,0.43979954719543457,0.4383399188518524
2,2,39,8,1,1,accepted,0.829138994216919,0.037473488599061966,1.3577500581741333,0.15178239345550537,3794.559814453125,36.86062240600586,480000.0,0.019999999552965164,0.0020000000949949026,60.0,120.0,240.0,0.02500000037252903,0.23000000417232513,0.07999999821186066,0.20000000298023224,0.027499999850988388,5.0,2.0,1.2000000476837158,0.2294045388698578,0.22111846506595612,0.008286080323159695,1.3145568370819092,1.8341891765594482,0.5531560182571411,0.5875225067138672,0.5785768032073975
2,2,40,8,1,0,valid_not_selected,0.6138632893562317,0.09759661555290222,1.6246616840362549,0.40697184205055237,10174.2958984375,265.00164794921875,480000.0,0.019999999552965164,0.0020000000949949026,60.0,120.0,240.0,0.02500000037252903,0.23000000417232513,0.07999999821186066,0.20000000298023224,0.027499999850988388,5.0,2.0,1.2000000476837158,0.9093499183654785,1.0076978206634521,-0.09834789484739304,1.3451712131500244,1.238673210144043,0.49492931365966797,0.30843114852905273,0.30347639322280884
2,2,41,6,1,1,accepted,0.8222839832305908,0.03913389891386032,1.0208361148834229,0.13407579064369202,3351.894775390625,3.8889598846435547,3550000.0,0.009999999776482582,0.0020000000949949026,60.0,120.0,240.0,0.02500000037252903,0.23000000417232513,0.07999999821186066,0.20000000298023224,0.027499999850988388,5.0,2.0,1.2000000476837158,0.1350066214799881,0.1405051350593567,-0.005498513579368591,0.9186338782310486,1.8018132448196411,0.651237964630127,0.8669513463973999,0.7800722122192383
2,2,42,0,1,0,valid_not_selected,0.534646213054657,0.12522999942302704,1.6970609426498413,0.28534671664237976,7133.66748046875,5.002612113952637,12500000.0,0.019999999552965164,0.0020000000949949026,20.0,120.0,240.0,0.02500000037252903,0.23000000417232513,0.07999999821186066,0.20000000298023224,0.027499999850988388,5.0,2.0,1.2000000476837158,1.041197657585144,1.1902530193328857,-0.1490553915500641,1.4719154834747314,1.7406988143920898,0.6886520385742188,1.3081506490707397,1.2408021688461304
2,2,43,7,1,0,valid_not_selected,0.6820988059043884,0.07651615887880325,1.1712982654571533,0.48150667548179626,12037.6669921875,50.15766906738281,3550000.0,0.009999999776482582,0.0020000000949949026,60.0,180.0,300.0,0.02500000037252903,0.23000000417232513,0.07999999821186066,0.20000000298023224,0.027499999850988388,5.0,2.0,1.2000000476837158,1.4174575805664062,1.5349024534225464,-0.11744484305381775,1.2310177087783813,1.613324761390686,0.509793758392334,0.5902308821678162,0.4987025558948517
2,2,44,4,1,0,valid_not_selected,0.4337301552295685,0.1670665442943573,1.6970609426498413,0.29817482829093933,7454.37060546875,19.234224319458008,3550000.0,0.019999999552965164,0.0020000000949949026,20.0,120.0,240.0,0.02500000037252903,0.23000000417232513,0.07999999821186066,0.20000000298023224,0.027499999850988388,5.0,2.0,1.2000000476837158,0.922356367111206,1.1073590517044067,-0.1850026547908783,1.6444507837295532,1.7806551456451416,0.6480336785316467,1.1715444326400757,1.0939431190490723
2,2,45,10,1,1,accepted,0.5863142609596252,0.10677987337112427,1.3577500581741333,0.21714861690998077,5428.71533203125,75.44561004638672,480000.0,0.009999999776482582,0.0020000000949949026,60.0,120.0,240.0,0.02500000037252903,0.23000000417232513,0.07999999821186066,0.20000000298023224,0.027499999850988388,5.0,2.0,1.2000000476837158,0.2829781472682953,0.31680673360824585,-0.03382858261466026,1.175887942314148,2.1309866905212402,0.5120542645454407,0.414978563785553,0.38724076747894287
2,2,46,8,1,1,accepted,0.7681761384010315,0.05274723842740059,1.3577500581741333,0.3134028911590576,7835.072265625,157.1541290283203,480000.0,0.019999999552965164,0.0020000000949949026,60.0,120.0,240.0,0.02500000037252903,0.23000000417232513,0.07999999821186066,0.20000000298023224,0.027499999850988388,5.0,2.0,1.2000000476837158,0.657614529132843,0.6942334175109863,-0.03661889582872391,1.4386953115463257,1.3869119882583618,0.4965173602104187,0.3577413856983185,0.35740169882774353
2,2,47,3,1,1,accepted,0.8963292837142944,0.021889491006731987,1.2229641675949097,0.1536625474691391,3841.563720703125,1.4507319927215576,12500000.0,0.009999999776482582,0.0020000000949949026,60.0,180.0,300.0,0.02500000037252903,0.23000000417232513,0.07999999821186066,0.20000000298023224,0.027499999850988388,5.0,2.0,1.2000000476837158,0.2940165400505066,0.2877185344696045,0.006298012100160122,1.1337647438049316,1.7082536220550537,0.7681766152381897,1.3407487869262695,1.260055661201477
2,2,48,6,1,0,valid_not_selected,0.7050595283508301,0.06989460438489914,1.0208361148834229,0.3714824914932251,9287.0625,29.854473114013672,3550000.0,0.009999999776482582,0.0020000000949949026,60.0,120.0,240.0,0.02500000037252903,0.23000000417232513,0.07999999821186066,0.20000000298023224,0.027499999850988388,5.0,2.0,1.2000000476837158,0.8303865194320679,0.8927875757217407,-0.06240103393793106,1.0577384233474731,1.7731692790985107,0.5458269119262695,0.5745806097984314,0.5195420384407043
2,2,49,3,1,1,accepted,0.9254918098449707,0.015485995449125767,1.6218265295028687,0.10670245438814163,2667.561279296875,0.6995196342468262,12500000.0,0.009999999776482582,0.0020000000949949026,60.0,180.0,300.0,0.02500000037252903,0.23000000417232513,0.07999999821186066,0.20000000298023224,0.027499999850988388,5.0,2.0,1.2000000476837158,0.1667533963918686,0.16421043872833252,0.002542962087318301,1.11540687084198,1.9423437118530273,0.8138024806976318,1.3838812112808228,1.3837242126464844
2,2,50,3,1,1,accepted,0.772188663482666,0.05170527473092079,1.1010252237319946,0.2776094079017639,6940.23486328125,4.734993934631348,12500000.0,0.009999999776482582,0.0020000000949949026,60.0,180.0,300.0,0.02500000037252903,0.23000000417232513,0.07999999821186066,0.20000000298023224,0.027499999850988388,5.0,2.0,1.2000000476837158,0.8529017567634583,0.8109703063964844,0.04193144291639328,1.2457407712936401,1.6189643144607544,0.6720012426376343,1.2327111959457397,1.0648082494735718
2,2,51,7,1,0,valid_not_selected,0.804129421710968,0.04359901696443558,1.0208362340927124,0.2152506709098816,5381.2666015625,10.023554801940918,3550000.0,0.009999999776482582,0.0020000000949949026,60.0,180.0,300.0,0.02500000037252903,0.23000000417232513,0.07999999821186066,0.20000000298023224,0.027499999850988388,5.0,2.0,1.2000000476837158,0.4796704947948456,0.4596310257911682,0.02003946155309677,1.1287676095962524,2.0117950439453125,0.6332551836967468,0.9499147534370422,0.8150465488433838
2,2,52,3,1,0,valid_not_selected,0.7392604947090149,0.06042099371552467,1.1010252237319946,0.38596421480178833,9649.1044921875,9.15261459350586,12500000.0,0.009999999776482582,0.0020000000949949026,60.0,180.0,300.0,0.02500000037252903,0.23000000417232513,0.07999999821186066,0.20000000298023224,0.027499999850988388,5.0,2.0,1.2000000476837158,1.6488661766052246,1.5549166202545166,0.09394960850477219,1.344665765762329,1.7048685550689697,0.6142163872718811,1.15162992477417,0.971203088760376
2,2,53,0,1,1,accepted,0.5782923102378845,0.10953517258167267,1.6970609426498413,0.21155893802642822,5288.9736328125,2.749880313873291,12500000.0,0.019999999552965164,0.0020000000949949026,20.0,120.0,240.0,0.02500000037252903,0.23000000417232513,0.07999999821186066,0.20000000298023224,0.027499999850988388,5.0,2.0,1.2000000476837158,0.5560404658317566,0.624438464641571,-0.06839797645807266,1.2249873876571655,1.7652913331985474,0.7167477607727051,1.3321642875671387,1.244842529296875
2,2,54,7,1,1,accepted,0.8366869688034058,0.03566104918718338,1.0208362340927124,0.24959640204906464,6239.90966796875,13.47750186920166,3550000.0,0.009999999776482582,0.0020000000949949026,60.0,180.0,300.0,0.02500000037252903,0.23000000417232513,0.07999999821186066,0.20000000298023224,0.027499999850988388,5.0,2.0,1.2000000476837158,0.5985735654830933,0.5779628157615662,0.020610760897397995,1.149424433708191,1.9751282930374146,0.6036887764930725,0.8817226886749268,0.7479235529899597
2,2,55,10,1,0,valid_not_selected,0.4827686846256256,0.14564353227615356,1.391119122505188,0.3287164866924286,8217.912109375,172.88717651367188,480000.0,0.009999999776482582,0.0020000000949949026,60.0,120.0,240.0,0.02500000037252903,0.23000000417232513,0.07999999821186066,0.20000000298023224,0.027499999850988388,5.0,2.0,1.2000000476837158,0.4859176576137543,0.5687528252601624,-0.08283516764640808,1.0903078317642212,1.7565951347351074,0.49798524379730225,0.32670706510543823,0.3086404800415039
2,2,56,9,1,0,valid_not_selected,0.5430595278739929,0.12210726737976074,1.5850375890731812,0.3924904465675354,9812.2607421875,246.47792053222656,480000.0,0.019999999552965164,0.0020000000949949026,60.0,180.0,300.0,0.02500000037252903,0.23000000417232513,0.07999999821186066,0.20000000298023224,0.027499999850988388,5.0,2.0,1.2000000476837158,1.1214967966079712,1.2774872779846191,-0.15599048137664795,1.6530559062957764,1.3111158609390259,0.5632317066192627,0.41831234097480774,0.41667380928993225
2,2,57,6,1,0,valid_not_selected,0.7897167205810547,0.04721619933843613,1.0208361148834229,0.2879193425178528,7197.9833984375,17.933887481689453,3550000.0,0.009999999776482582,0.0020000000949949026,60.0,120.0,240.0,0.02500000037252903,0.23000000417232513,0.07999999821186066,0.20000000298023224,0.027499999850988388,5.0,2.0,1.2000000476837158,0.5651914477348328,0.5932000875473022,-0.028008652850985527,1.0588301420211792,1.8360902070999146,0.5756731033325195,0.6650340557098389,0.5990775227546692
2,2,58,5,1,0,valid_not_selected,0.7330794334411621,0.06210023909807205,1.2085012197494507,0.10411547869443893,2602.88671875,2.3451106548309326,3550000.0,0.019999999552965164,0.0020000000949949026,60.0,180.0,300.0,0.02500000037252903,0.23000000417232513,0.07999999821186066,0.20000000298023224,0.027499999850988388,5.0,2.0,1.2000000476837158,0.21687854826450348,0.20419780910015106,0.012680732645094395,1.0148708820343018,2.2033843994140625,0.826298177242279,1.3946607112884521,1.3732637166976929
2,2,59,9,1,1,accepted,0.657696008682251,0.08380249887704849,1.3577500581741333,0.16010969877243042,4002.7421875,41.01617431640625,480000.0,0.019999999552965164,0.0020000000949949026,60.0,180.0,300.0,0.02500000037252903,0.23000000417232513,0.07999999821186066,0.20000000298023224,0.027499999850988388,5.0,2.0,1.2000000476837158,0.4688165485858917,0.43256640434265137,0.036250144243240356,1.419756531715393,2.292900800704956,0.6552454233169556,0.854564368724823,0.8337305188179016
2,2,60,2,1,0,valid_not_selected,0.4929773509502411,0.1414584070444107,1.6970609426498413,0.45323747396469116,11330.9365234375,12.621258735656738,12500000.0,0.009999999776482582,0.0020000000949949026,20.0,120.0,240.0,0.02500000037252903,0.23000000417232513,0.07999999821186066,0.20000000298023224,0.027499999850988388,5.0,2.0,1.2000000476837158,1.7378615140914917,2.0242018699645996,-0.2863403856754303,1.6730347871780396,1.6719326972961426,0.6390068531036377,1.0710983276367188,1.0429787635803223
2,2,61,2,1,1,accepted,0.587689995765686,0.1063111275434494,1.6970609426498413,0.1225525438785553,3063.8134765625,0.9227747917175293,12500000.0,0.009999999776482582,0.0020000000949949026,20.0,120.0,240.0,0.02500000037252903,0.23000000417232513,0.07999999821186066,0.20000000298023224,0.027499999850988388,5.0,2.0,1.2000000476837158,0.11104652285575867,0.12425635755062103,-0.013209833763539791,1.095132827758789,1.5633094310760498,0.7371507883071899,1.2913745641708374,1.2119805812835693
2,2,62,5,1,0,valid_not_selected,0.7385883331298828,0.06060292199254036,1.0208362340927124,0.23992286622524261,5998.0712890625,12.453058242797852,3550000.0,0.019999999552965164,0.0020000000949949026,60.0,180.0,300.0,0.02500000037252903,0.23000000417232513,0.07999999821186066,0.20000000298023224,0.027499999850988388,5.0,2.0,1.2000000476837158,0.9342884421348572,0.8809031248092651,0.05338530242443085,1.1973919868469238,1.8998894691467285,0.6889612674713135,1.214563250541687,1.069252371788025
2,2,63,0,1,0,valid_not_selected,0.5221971869468689,0.12994201481342316,1.6970609426498413,0.3196711540222168,7991.7783203125,6.278530120849609,12500000.0,0.019999999552965164,0.0020000000949949026,20.0,120.0,240.0,0.02500000037252903,0.23000000417232513,0.07999999821186066,0.20000000298023224,0.027499999850988388,5.0,2.0,1.2000000476837158,1.3240931034088135,1.5218446254730225,-0.19775156676769257,1.565567135810852,1.7357094287872314,0.6787563562393188,1.2931251525878906,1.2331072092056274
2,2,64,10,1,0,valid_not_selected,0.43887993693351746,0.16470587253570557,1.7293870449066162,0.4478702247142792,11196.755859375,320.9402770996094,480000.0,0.009999999776482582,0.0020000000949949026,60.0,120.0,240.0,0.02500000037252903,0.23000000417232513,0.07999999821186066,0.20000000298023224,0.027499999850988388,5.0,2.0,1.2000000476837158,0.756810188293457,0.906040370464325,-0.14923016726970673,1.0250186920166016,1.5164600610733032,0.49674296379089355,0.2906532287597656,0.2756648063659668
2,2,65,7,1,1,accepted,0.8359130024909973,0.03584614023566246,1.0208362340927124,0.12483645975589752,3120.9111328125,3.371441602706909,3550000.0,0.009999999776482582,0.0020000000949949026,60.0,180.0,300.0,0.02500000037252903,0.23000000417232513,0.07999999821186066,0.20000000298023224,0.027499999850988388,5.0,2.0,1.2000000476837158,0.20611855387687683,0.19898568093776703,0.007132868282496929,1.0730876922607422,2.175701856613159,0.7347645163536072,1.15255868434906,1.0689324140548706
2,2,66,9,1,1,accepted,0.5810872316360474,0.1085708737373352,1.3577500581741333,0.10382731258869171,2595.6826171875,17.248172760009766,480000.0,0.019999999552965164,0.0020000000949949026,60.0,180.0,300.0,0.02500000037252903,0.23000000417232513,0.07999999821186066,0.20000000298023224,0.027499999850988388,5.0,2.0,1.2000000476837158,0.2528509199619293,0.22808727622032166,0.02476363442838192,1.1629470586776733,2.6511449813842773,0.7421715259552002,1.1118732690811157,1.0953093767166138
2,2,67,5,1,1,accepted,0.8726953864097595,0.02723374031484127,1.0208362340927124,0.31778979301452637,7944.74462890625,21.848047256469727,3550000.0,0.019999999552965164,0.0020000000949949026,60.0,180.0,300.0,0.02500000037252903,0.23000000417232513,0.07999999821186066,0.20000000298023224,0.027499999850988388,5.0,2.0,1.2000000476837158,1.463067889213562,1.4242794513702393,0.038788456469774246,1.3585562705993652,1.8021210432052612,0.6282944083213806,1.0601708889007568,0.9221699833869934
2,2,68,0,1,1,accepted,0.8787915110588074,0.025841515511274338,1.9066698551177979,0.08223549276590347,2055.887451171875,0.4154987037181854,12500000.0,0.019999999552965164,0.0020000000949949026,20.0,120.0,240.0,0.02500000037252903,0.23000000417232513,0.07999999821186066,0.20000000298023224,0.027499999850988388,5.0,2.0,1.2000000476837158,0.11620362102985382,0.11928615719079971,-0.003082534996792674,0.9322851300239563,2.1440978050231934,0.8046154379844666,1.3661092519760132,1.2974801063537598
2,2,69,1,1,0,valid_not_selected,0.8196671009063721,0.03977140039205551,1.1241074800491333,0.16819976270198822,4204.994140625,1.7382084131240845,12500000.0,0.019999999552965164,0.0020000000949949026,60.0,180.0,300.0,0.02500000037252903,0.23000000417232513,0.07999999821186066,0.20000000298023224,0.027499999850988388,5.0,2.0,1.2000000476837158,0.49217185378074646,0.47334620356559753,0.01882564090192318,1.043332576751709,1.8678438663482666,0.8006394505500793,1.4298369884490967,1.3504599332809448
2,2,70,2,1,0,valid_not_selected,0.5058214664459229,0.1363143026828766,1.6970609426498413,0.36714428663253784,9178.6064453125,8.281797409057617,12500000.0,0.009999999776482582,0.0020000000949949026,20.0,120.0,240.0,0.02500000037252903,0.23000000417232513,0.07999999821186066,0.20000000298023224,0.027499999850988388,5.0,2.0,1.2000000476837158,1.157591462135315,1.3402924537658691,-0.1827010214328766,1.6418614387512207,1.6643624305725098,0.6547280550003052,1.127059817314148,1.0940977334976196
2,2,71,7,1,1,accepted,0.9511176943778992,0.010023488663136959,1.0208362340927124,0.30857062339782715,7714.26513671875,20.598798751831055,3550000.0,0.009999999776482582,0.0020000000949949026,60.0,180.0,300.0,0.02500000037252903,0.23000000417232513,0.07999999821186066,0.20000000298023224,0.027499999850988388,5.0,2.0,1.2000000476837158,0.8043072819709778,0.7963253259658813,0.007981957867741585,1.1802653074264526,1.8983445167541504,0.5636134147644043,0.7785630226135254,0.6548997163772583
2,2,72,10,1,0,valid_not_selected,0.4588800370693207,0.15579329431056976,1.5497113466262817,0.3800148069858551,9500.369140625,231.05792236328125,480000.0,0.009999999776482582,0.0020000000949949026,60.0,120.0,240.0,0.02500000037252903,0.23000000417232513,0.07999999821186066,0.20000000298023224,0.027499999850988388,5.0,2.0,1.2000000476837158,0.5943797826766968,0.7040690183639526,-0.10968922823667526,1.0581499338150024,1.636170744895935,0.49674558639526367,0.30702102184295654,0.29076817631721497
2,2,73,1,1,0,valid_not_selected,0.8205541968345642,0.03955506533384323,1.1010252237319946,0.3013925552368164,7534.8134765625,5.581052780151367,12500000.0,0.019999999552965164,0.0020000000949949026,60.0,180.0,300.0,0.02500000037252903,0.23000000417232513,0.07999999821186066,0.20000000298023224,0.027499999850988388,5.0,2.0,1.2000000476837158,1.4687367677688599,1.412851333618164,0.055885426700115204,1.1698261499404907,1.742181658744812,0.7039793729782104,1.3534637689590454,1.1959878206253052
2,2,74,8,1,1,accepted,0.8900480270385742,0.023295974358916283,1.3577500581741333,0.2675245404243469,6688.11328125,114.51097869873047,480000.0,0.019999999552965164,0.0020000000949949026,60.0,120.0,240.0,0.02500000037252903,0.23000000417232513,0.07999999821186066,0.20000000298023224,0.027499999850988388,5.0,2.0,1.2000000476837158,0.5398726463317871,0.5527494549751282,-0.012876837514340878,1.463975429534912,1.4932258129119873,0.5022223591804504,0.40049049258232117,0.4018763601779938
2,2,75,1,1,1,accepted,0.8615175485610962,0.029811972752213478,1.1010252237319946,0.4143177568912506,10357.943359375,10.546738624572754,12500000.0,0.019999999552965164,0.0020000000949949026,60.0,180.0,300.0,0.02500000037252903,0.23000000417232513,0.07999999821186066,0.20000000298023224,0.027499999850988388,5.0,2.0,1.2000000476837158,2.819918632507324,2.7382850646972656,0.08163367956876755,1.347618818283081,1.7679533958435059,0.6435316801071167,1.2680566310882568,1.1039468050003052
2,2,76,5,1,1,accepted,0.7874623537063599,0.04778794199228287,1.0208362340927124,0.27913540601730347,6978.38525390625,16.856313705444336,3550000.0,0.019999999552965164,0.0020000000949949026,60.0,180.0,300.0,0.02500000037252903,0.23000000417232513,0.07999999821186066,0.20000000298023224,0.027499999850988388,5.0,2.0,1.2000000476837158,1.2081626653671265,1.1530603170394897,0.055102378129959106,1.282584309577942,1.8586457967758179,0.656330943107605,1.1405059099197388,0.9955765604972839
2,2,77,5,1,1,accepted,0.8450508117675781,0.03367170691490173,1.0208362340927124,0.4070920944213867,10177.3017578125,35.852386474609375,3550000.0,0.019999999552965164,0.0020000000949949026,60.0,180.0,300.0,0.02500000037252903,0.23000000417232513,0.07999999821186066,0.20000000298023224,0.027499999850988388,5.0,2.0,1.2000000476837158,1.9356390237808228,2.0030863285064697,-0.06744733452796936,1.474887728691101,1.6367367506027222,0.5802100896835327,0.8729045987129211,0.7601631283760071
2,2,78,6,1,1,accepted,0.8359997272491455,0.03582540526986122,1.0208361148834229,0.2152055948972702,5380.1396484375,10.019357681274414,3550000.0,0.009999999776482582,0.0020000000949949026,60.0,120.0,240.0,0.02500000037252903,0.23000000417232513,0.07999999821186066,0.20000000298023224,0.027499999850988388,5.0,2.0,1.2000000476837158,0.3370097279548645,0.3495318591594696,-0.012522120028734207,1.015439510345459,1.8357328176498413,0.6072606444358826,0.7549343109130859,0.6770688891410828
2,2,79,5,1,0,valid_not_selected,0.7305279970169067,0.06279755383729935,1.0208362340927124,0.13264979422092438,3316.24462890625,3.806675910949707,3550000.0,0.019999999552965164,0.0020000000949949026,60.0,180.0,300.0,0.02500000037252903,0.23000000417232513,0.07999999821186066,0.20000000298023224,0.027499999850988388,5.0,2.0,1.2000000476837158,0.32267138361930847,0.30360567569732666,0.019065694883465767,1.0258970260620117,2.0682120323181152,0.7959553599357605,1.3671345710754395,1.2961629629135132
