sample_index,config_index,config_name,velocity_index,U,Re,Ca,E,h,t,theta1_deg,theta2_deg,theta3_deg,D,H,L,H_soft,b,N_per_col,Cd_soft_prior,Cd_cyl_prior,F_exp,F_matlab_iter,F_matlab_pre,F_total_rigid,F_total_Ca,F_leaf_iter,Fcol_1,Fcol_2,Fcol_3,shielding_coef_matlab,angle_diff_deg_matlab,F_pinn_pred,F_pinn_physics,F_pinn_residual,F_pinn_stem,F_pinn_leaf,is_leaked_anchor,in_train,in_val
0,0,PVC_20_0,0,0.05,1250.0,0.1536,12500000.0,0.02,0.002,20.0,120.0,240.0,0.025,0.23,0.08,0.2,0.0275,5.0,2.0,1.2,0.0709378486274445,0.0336345816892088,0.039134894783636,0.0432660161513775,0.0901211106887397,0.0262295740526523,0.0008135348621951,0.0127080195952286,0.0127080195952285,0.9039982308571836,100.7996461714367,0.034359865,0.030407043,0.003952823,0.008123919,0.022283124,0,1,0
1,0,PVC_20_0,1,0.075,1875.0,0.3456000000000001,12500000.0,0.02,0.002,20.0,120.0,240.0,0.025,0.23,0.08,0.2,0.0275,5.0,2.0,1.2,0.1744314938271145,0.0743877496643835,0.0871436294643161,0.0973485363405995,0.1593408879271548,0.0575215070991685,0.0018697602204855,0.0278258734393415,0.0278258734393415,0.9087177823789736,101.7435564757947,0.07725554,0.0683679,0.008887638,0.018278817,0.050089084,0,1,0
2,0,PVC_20_0,2,0.1,2500.0,0.6144000000000002,12500000.0,0.02,0.002,20.0,120.0,240.0,0.025,0.23,0.08,0.2,0.0275,5.0,2.0,1.2,0.1479500413426891,0.1291707719098964,0.1527253936304373,0.1730640646055102,0.2398573306826115,0.0987296595067693,0.0034281059321311,0.0476507767873189,0.0476507767873192,0.9148201168894032,102.96402337788064,0.1372086,0.12142381,0.015784783,0.032495677,0.08892813,0,0,1
3,0,PVC_20_0,3,0.125,3125.0,0.96,12500000.0,0.02,0.002,20.0,120.0,240.0,0.025,0.23,0.08,0.2,0.0275,5.0,2.0,1.2,0.2046474114656966,0.1960371721097696,0.2344287791057915,0.2704126009461096,0.3304243481718545,0.147684390338311,0.0055843384213758,0.0710500259584681,0.071050025958467,0.9218372104214624,104.36744208429248,0.21411872,0.189486,0.024632718,0.050774492,0.13871151,0,1,0
4,0,PVC_20_0,4,0.15,3750.0,1.3824000000000003,12500000.0,0.02,0.002,20.0,120.0,240.0,0.025,0.23,0.08,0.2,0.0275,5.0,2.0,1.2,0.2702466826837835,0.2729516263519967,0.3306787732827386,0.389394145362398,0.4302381918676797,0.2021811525181284,0.0084910377516167,0.0968450573832547,0.0968450573832569,0.929221724357026,105.84434487140524,0.3078578,0.2724411,0.035416707,0.07311527,0.19932583,0,0,1
5,0,PVC_20_0,5,0.175,4375.0,1.8816,12500000.0,0.02,0.002,20.0,120.0,240.0,0.025,0.23,0.08,0.2,0.0275,5.0,2.0,1.2,0.3938428466725199,0.3580834931902462,0.4400051225104804,0.5300086978543749,0.5387290841943244,0.2603143559245964,0.0123952918034794,0.1239595320605578,0.123959532060559,0.9363734873531384,107.2746974706277,0.4182704,0.37015155,0.04811887,0.099518,0.27063355,0,1,0
6,0,PVC_20_0,6,0.2,5000.0,2.4576000000000007,12500000.0,0.02,0.002,20.0,120.0,240.0,0.025,0.23,0.08,0.2,0.0275,5.0,2.0,1.2,0.4308538284023981,0.4500698557853667,0.5612945763728885,0.6922562584220409,0.6554680473544892,0.3207619477478429,0.0177160615173739,0.1515229431152347,0.1515229431152342,0.9426351430102188,108.52702860204374,0.5451753,0.48245695,0.06271835,0.12998271,0.35247424,0,1,0
7,0,PVC_20_0,7,0.225,5625.0,3.110400000000001,12500000.0,0.02,0.002,20.0,120.0,240.0,0.025,0.23,0.08,0.2,0.0275,5.0,2.0,1.2,0.618007323909936,0.5482565351214791,0.6940913106532945,0.8761368270653956,0.7801182642646856,0.383043866414543,0.0252199603718324,0.1789119530213495,0.178911953021361,0.9472165993742344,109.4433198748469,0.6883654,0.6091741,0.079191305,0.16450934,0.44466475,0,1,0
8,0,PVC_20_0,8,0.25,6250.0,3.84,12500000.0,0.02,0.002,20.0,120.0,240.0,0.025,0.23,0.08,0.2,0.0275,5.0,2.0,1.2,0.8448036358001367,0.6530832629063898,0.8391246520847244,1.0816504037844386,0.912406945127233,0.4479606099439089,0.036485370165733,0.2057376198890882,0.2057376198890875,0.9489527144176124,109.7905428835225,0.8476105,0.7500992,0.097511284,0.20309797,0.5470012,0,1,0
9,0,PVC_20_0,9,0.275,6875.0,4.646400000000001,12500000.0,0.02,0.002,20.0,120.0,240.0,0.025,0.23,0.08,0.2,0.0275,5.0,2.0,1.2,1.050018073869392,0.7673264976503289,0.9998211177909846,1.308796988579171,1.0521078114402376,0.519046208114782,0.0554440342434519,0.2318010869356668,0.2318010869356632,0.945531055823059,109.1062111646118,1.0226573,0.9050082,0.1176491,0.24574855,0.6592597,0,1,0
10,0,PVC_20_0,10,0.3,7500.0,5.529600000000001,12500000.0,0.02,0.002,20.0,120.0,240.0,0.025,0.23,0.08,0.2,0.0275,5.0,2.0,1.2,1.2444380169698588,0.9026069207730054,1.1891800626405722,1.5575765814495917,1.1990295658094186,0.6100714226361499,0.0959905090711166,0.2570404567825241,0.2570404567825091,0.9301102165471802,106.02204330943604,1.2132332,1.0736599,0.1395734,0.29246107,0.78119886,0,1,0
11,0,PVC_20_0,11,0.3249999999999999,8125.0,6.4895999999999985,12500000.0,0.02,0.002,20.0,120.0,240.0,0.025,0.23,0.08,0.2,0.0275,5.0,2.0,1.2,1.3540567027639765,1.1405386357224132,1.4811381544484834,1.8279891823957009,1.3530079627445366,0.8130401085129485,0.2500753156555241,0.281482396428706,0.2814823964287184,0.8688808847061124,93.77617694122247,1.4190464,1.255796,0.1632505,0.34323555,0.9125604,0,1,0
12,0,PVC_20_0,12,0.35,8750.0,7.5264,12500000.0,0.02,0.002,20.0,120.0,240.0,0.025,0.23,0.08,0.2,0.0275,5.0,2.0,1.2,1.6986725389127455,1.5387027233432224,1.8792652989066156,2.1200347914174995,1.513900159878123,1.1837963095096418,0.5733868476514815,0.3052047309290803,0.30520473092908,0.7781207848244164,75.62415696488327,1.6397893,1.4511443,0.18864498,0.398072,1.0530723,0,0,1
13,0,PVC_20_0,13,0.375,9375.0,8.64,12500000.0,0.02,0.002,20.0,120.0,240.0,0.025,0.23,0.08,0.2,0.0275,5.0,2.0,1.2,1.9440239308891696,1.8784986299858724,2.218864407227224,2.433713408514987,1.6815805748117367,1.4829164037630016,0.8262952900029443,0.3283105568799629,0.3283105568800943,0.7271667879693575,65.4333575938715,1.8751419,1.6594222,0.21571976,0.45697042,1.2024517,0,1,0
14,0,PVC_20_0,14,0.4,10000.0,9.830400000000004,12500000.0,0.02,0.002,20.0,120.0,240.0,0.025,0.23,0.08,0.2,0.0275,5.0,2.0,1.2,2.1254226965158165,2.1792223708384255,2.533271176640807,2.769025033688163,1.855937771019836,1.734924274314538,1.0331017479700937,0.3509112631722509,0.3509112631721936,0.693079377098121,58.615875419624174,2.124772,1.880336,0.24443613,0.51993084,1.3604052,0,1,0
15,0,PVC_20_0,15,0.425,10625.0,11.097599999999998,12500000.0,0.02,0.002,20.0,120.0,240.0,0.025,0.23,0.08,0.2,0.0275,5.0,2.0,1.2,2.394437916897374,2.4571814564631116,2.836798146914093,3.125969666937028,2.036872067911241,1.9580473903396296,1.211814592272637,0.3731163990334541,0.3731163990335383,0.6676045754145521,53.520915082910406,2.3883398,2.1135862,0.27475348,0.58695316,1.526633,0,1,0
16,0,PVC_20_0,16,0.45,11250.0,12.4416,12500000.0,0.02,0.002,20.0,120.0,240.0,0.025,0.23,0.08,0.2,0.0275,5.0,2.0,1.2,2.681726953036037,2.720351210932834,3.135228748487896,3.5045473082615812,2.2242936733676544,2.161005722389012,1.3709491462400665,0.3950282880743168,0.3950282880746289,0.647418892112417,49.4837784224834,2.665497,2.3588698,0.3066272,0.65803736,1.7008324,0,1,0
17,0,PVC_20_0,17,0.475,11875.0,13.8624,12500000.0,0.02,0.002,20.0,120.0,240.0,0.025,0.23,0.08,0.2,0.0275,5.0,2.0,1.2,2.967823368030025,2.9734576020266053,3.431520520289392,3.904757957661824,2.4181212014819526,2.3488995763431024,1.515420936791077,0.4167393197758759,0.4167393197761493,0.630828633114732,46.16572662294641,2.9558809,2.6158822,0.33999875,0.7331837,1.8826984,0,1,0
18,0,PVC_20_0,18,0.5,12500.0,15.36,12500000.0,0.02,0.002,20.0,120.0,240.0,0.025,0.23,0.08,0.2,0.0275,5.0,2.0,1.2,3.0878709034320053,3.219661225143292,3.727431612930833,4.326601615137754,2.618280479704991,2.5251110876487735,1.6484486463924508,0.4383312206279778,0.4383312206283445,0.6168425733743841,43.36851467487682,3.2590687,2.8843207,0.37474808,0.8123919,2.071929,0,1,0
19,1,PVC_20_180,0,0.05,1250.0,0.1536,12500000.0,0.02,0.002,60.0,180.0,300.0,0.025,0.23,0.08,0.2,0.0275,5.0,2.0,1.2,0.30792153391171,0.0351867889868806,0.039070390419249,0.0432660161513775,0.0901211106887397,0.0265617889868806,0.0132808944934403,1.3017747352357181e-22,0.0132808944934403,0.9950531921969868,119.01063843939738,0.041759357,0.03695543,0.004803926,0.008501402,0.028454028,0,1,0
20,1,PVC_20_180,1,0.075,1875.0,0.3456000000000001,12500000.0,0.02,0.002,60.0,180.0,300.0,0.025,0.23,0.08,0.2,0.0275,5.0,2.0,1.2,0.1735710014687228,0.0808523407462532,0.0891856449244258,0.0973485363405995,0.1593408879271548,0.0614460907462532,0.0307230453731265,2.828999327966679e-22,0.0307230453731266,0.9886113001012864,117.7222600202573,0.09390293,0.08310048,0.01080245,0.019128151,0.06397233,0,0,1
21,1,PVC_20_180,2,0.1,2500.0,0.6144000000000002,12500000.0,0.02,0.002,60.0,180.0,300.0,0.025,0.23,0.08,0.2,0.0275,5.0,2.0,1.2,0.3431977175664898,0.1480610831339171,0.1617945106419179,0.1730640646055102,0.2398573306826115,0.1135610831339171,0.0567805415669585,4.807653904573005e-22,0.0567805415669585,0.9791058358533394,115.82116717066788,0.16680041,0.14761192,0.019188486,0.03400561,0.113606304,0,1,0
22,1,PVC_20_180,3,0.125,3125.0,0.96,12500000.0,0.02,0.002,60.0,180.0,300.0,0.025,0.23,0.08,0.2,0.0275,5.0,2.0,1.2,0.3193219585982909,0.2402862407852709,0.259400089885593,0.2704126009461096,0.3304243481718545,0.1863799907852709,0.0931899953926358,7.104417629325785e-22,0.093189995392635,0.9660651174892294,113.2130234978459,0.26034865,0.23039848,0.029950168,0.053133756,0.17726472,0,1,0
23,1,PVC_20_180,4,0.15,3750.0,1.3824000000000003,12500000.0,0.02,0.002,60.0,180.0,300.0,0.025,0.23,0.08,0.2,0.0275,5.0,2.0,1.2,0.3108356812394426,0.3618559359487703,0.3850011294127896,0.389394145362398,0.4302381918676797,0.2842309359487702,0.1421154679743863,3.0935382519350277e-21,0.1421154679743839,0.948983647120999,109.7967294241998,0.37441608,0.33134374,0.043072343,0.076512605,0.25483114,0,1,0
24,1,PVC_20_180,5,0.175,4375.0,1.8816,12500000.0,0.02,0.002,60.0,180.0,300.0,0.025,0.23,0.08,0.2,0.0275,5.0,2.0,1.2,0.5591400401125988,0.5168144052291231,0.5412445867769947,0.5300086978543749,0.5387290841943244,0.4111581552291232,0.2055790776145593,4.078542732778526e-21,0.2055790776145639,0.9275635094853104,105.51270189706212,0.50884324,0.45030662,0.058536626,0.10414216,0.34616446,0,1,0
25,1,PVC_20_180,6,0.2,5000.0,2.4576000000000007,12500000.0,0.02,0.002,60.0,180.0,300.0,0.025,0.23,0.08,0.2,0.0275,5.0,2.0,1.2,0.606210294373831,0.706365382071644,0.7287228697985488,0.692256258422041,0.6554680473544893,0.568365382071644,0.2841826910358151,5.1431820930079055e-21,0.2841826910358288,0.9021280359972086,100.42560719944171,0.66344374,0.58712226,0.0763215,0.13602243,0.4510998,0,1,0
26,1,PVC_20_180,7,0.225,5625.0,3.110400000000001,12500000.0,0.02,0.002,60.0,180.0,300.0,0.025,0.23,0.08,0.2,0.0275,5.0,2.0,1.2,0.8631705238791982,0.9260020804823058,0.9442373882621728,0.8761368270653956,0.7801182642646856,0.7513458304823057,0.3756729152411787,6.2701980261872035e-21,0.375672915241127,0.8739357996228629,94.78715992457258,0.838005,0.74160266,0.09640237,0.17215337,0.5694493,0,1,0
27,1,PVC_20_180,8,0.25,6250.0,3.84,12500000.0,0.02,0.002,60.0,180.0,300.0,0.025,0.23,0.08,0.2,0.0275,5.0,2.0,1.2,1.05731216454787,1.165691669558793,1.1810948392670035,1.0816504037844386,0.912406945127233,0.9500666695587934,0.4750333347794266,2.2009042811635357e-21,0.4750333347793667,0.8448962855708713,88.97925711417425,1.0322908,0.913539,0.11875184,0.21253502,0.70100397,0,1,0
28,1,PVC_20_180,9,0.275,6875.0,4.646400000000001,12500000.0,0.02,0.002,60.0,180.0,300.0,0.025,0.23,0.08,0.2,0.0275,5.0,2.0,1.2,1.2427418871352138,1.414135872179956,1.4318194133462692,1.308796988579171,1.0521078114402376,1.1532296221799558,0.5766148110900617,2.6106018494419884e-21,0.5766148110898941,0.8167735638933007,83.35471277866012,1.2460421,1.1027024,0.14333975,0.2571674,0.84553504,0,0,1
29,1,PVC_20_180,10,0.3,7500.0,5.529600000000001,12500000.0,0.02,0.002,60.0,180.0,300.0,0.025,0.23,0.08,0.2,0.0275,5.0,2.0,1.2,1.5060391451982262,1.6629531982427124,1.6906583483070408,1.5575765814495914,1.1990295658094183,1.3524531982427124,0.6762265991215327,3.058404494445308e-21,0.6762265991211797,0.790643891271539,78.12877825430779,1.4789792,1.3088458,0.17013344,0.30605042,1.0027953,0,1,0
30,1,PVC_20_180,11,0.3249999999999999,8125.0,6.4895999999999985,12500000.0,0.02,0.002,60.0,180.0,300.0,0.025,0.23,0.08,0.2,0.0275,5.0,2.0,1.2,1.597334669758122,1.9077188966832377,1.954181214281438,1.8279891823957009,1.3530079627445366,1.5433126466832374,0.77165632334145,3.543883096745525e-21,0.7716563233417875,0.7669125914078441,73.38251828156882,1.7308052,1.5317072,0.19909798,0.35918418,1.172523,0,1,0
31,1,PVC_20_180,12,0.35,8750.0,7.5264,12500000.0,0.02,0.002,60.0,180.0,300.0,0.025,0.23,0.08,0.2,0.0275,5.0,2.0,1.2,1.9695085277645925,2.146944377451057,2.2207044784750627,2.1200347914174995,1.513900159878123,1.724319377451057,0.8621596887255584,1.1680538094411012e-22,0.8621596887254985,0.7455744570679468,69.11489141358936,2.0012069,1.7710108,0.23019616,0.41656864,1.3544421,0,1,0
32,1,PVC_20_180,13,0.375,9375.0,8.64,12500000.0,0.02,0.002,60.0,180.0,300.0,0.025,0.23,0.08,0.2,0.0275,5.0,2.0,1.2,2.290629248426143,2.380785744202374,2.489574701911814,2.433713408514987,1.6815805748117367,1.8956294942023737,0.9478147471011196,1.0756809847823296e-22,0.9478147471012542,0.7264378897460444,65.28757794920887,2.289859,2.0264707,0.26338845,0.47820383,1.5482669,0,1,0
33,1,PVC_20_180,14,0.4,10000.0,9.830400000000004,12500000.0,0.02,0.002,60.0,180.0,300.0,0.025,0.23,0.08,0.2,0.0275,5.0,2.0,1.2,2.650298939633086,2.610154161210464,2.7606744268518537,2.769025033688164,1.8559377710198364,2.058154161210464,1.0290770806050962,9.475226346598773e-23,1.029077080605368,0.7092531153909278,61.85062307818556,2.596426,2.2977939,0.29863223,0.54408973,1.7537041,0,1,0
34,1,PVC_20_180,15,0.425,10625.0,11.097599999999998,12500000.0,0.02,0.002,60.0,180.0,300.0,0.025,0.23,0.08,0.2,0.0275,5.0,2.0,1.2,2.8269872028005274,2.836223857463311,3.034142107844662,3.125969666937028,2.036872067911241,2.213067607463311,1.106533803731741,8.7516926624977e-23,1.10653380373157,0.6937710769750265,58.7542153950053,2.9205601,2.5846815,0.3358787,0.6142263,1.9704552,0,1,0
35,1,PVC_20_180,16,0.45,11250.0,12.4416,12500000.0,0.02,0.002,60.0,180.0,300.0,0.025,0.23,0.08,0.2,0.0275,5.0,2.0,1.2,3.219596979060391,3.060191192258402,3.310226171172721,3.5045473082615812,2.2242936733676544,2.361566192258403,1.1807830961293202,1.4413170816828388e-23,1.1807830961290828,0.6797663179107134,55.95326358214267,3.2618985,2.8868341,0.3750645,0.6886135,2.1982207,0,1,0
36,1,PVC_20_180,17,0.475,11875.0,13.8624,12500000.0,0.02,0.002,60.0,180.0,300.0,0.025,0.23,0.08,0.2,0.0275,5.0,2.0,1.2,3.6433434769649793,3.2831688450715752,3.5892119641871263,3.904757957661824,2.4181212014819526,2.5047625950715755,1.252381297535874,2.179188728057331e-23,1.2523812975357016,0.6670430368350557,53.40860736701114,3.6200356,3.2039542,0.41608143,0.76725143,2.4367027,0,0,1
37,1,PVC_20_180,18,0.5,12500.0,15.36,12500000.0,0.02,0.002,60.0,180.0,300.0,0.025,0.23,0.08,0.2,0.0275,5.0,2.0,1.2,4.037886845944374,3.50614737980613,3.871386302827002,4.326601615137754,2.618280479704991,2.64364737980613,1.321823689903051,7.380154456745868e-22,1.3218236899030793,0.6554343383492289,51.08686766984579,3.9944003,3.5357485,0.4586518,0.8501401,2.6856084,0,1,0
38,2,PVC_10_0,0,0.05,1250.0,0.1536,12500000.0,0.01,0.002,20.0,120.0,240.0,0.025,0.23,0.08,0.2,0.0275,5.0,2.0,1.2,0.0042966540649302,0.0211297908446044,0.023879947391818,0.0259455080756887,0.0493730553443698,0.0131147870263261,0.0004067674310975,0.0063540097976143,0.0063540097976142,0.9039982308571836,100.7996461714367,0.022405151,0.019827615,0.0025775353,0.008383057,0.011444559,0,1,0
39,2,PVC_10_0,1,0.075,1875.0,0.3456000000000001,12500000.0,0.01,0.002,20.0,120.0,240.0,0.025,0.23,0.08,0.2,0.0275,5.0,2.0,1.2,0.004442573738018,0.0468969998321917,0.053274939732158,0.0583773931702997,0.0893735689635774,0.0287607535495842,0.0009348801102427,0.0139129367196707,0.0139129367196707,0.9087177823789736,101.7435564757947,0.05038241,0.0445863,0.0057961084,0.018861875,0.025724426,0,1,0
40,2,PVC_10_0,2,0.1,2500.0,0.6144000000000002,12500000.0,0.01,0.002,20.0,120.0,240.0,0.025,0.23,0.08,0.2,0.0275,5.0,2.0,1.2,0.1179255143629092,0.0818353859549482,0.0936126968152187,0.1037820323027551,0.1371786653413057,0.0493648297533846,0.0017140529660655,0.0238253883936594,0.0238253883936596,0.9148201168894032,102.96402337788064,0.089496255,0.07920039,0.010295866,0.03353223,0.04566816,0,0,1
41,2,PVC_10_0,3,0.125,3125.0,0.96,12500000.0,0.01,0.002,20.0,120.0,240.0,0.025,0.23,0.08,0.2,0.0275,5.0,2.0,1.2,0.3397746800375429,0.1249717110548848,0.1441675145528957,0.1621594254730548,0.1921652990859272,0.0738421951691555,0.0027921692106879,0.035525012979234,0.0355250129792335,0.9218372104214624,104.36744208429248,0.13969263,0.123622045,0.016070593,0.052394103,0.071227945,0,0,1
42,2,PVC_10_0,4,0.15,3750.0,1.3824000000000003,12500000.0,0.01,0.002,20.0,120.0,240.0,0.025,0.23,0.08,0.2,0.0275,5.0,2.0,1.2,0.1625054290840353,0.1752883131759984,0.2041518866413693,0.233509572681199,0.2539315959338399,0.1010905762590642,0.0042455188758083,0.0484225286916273,0.0484225286916284,0.929221724357026,105.84434487140524,0.20090258,0.17779022,0.023112351,0.0754475,0.102342725,0,1,0
43,2,PVC_10_0,5,0.175,4375.0,1.8816,12500000.0,0.01,0.002,20.0,120.0,240.0,0.025,0.23,0.08,0.2,0.0275,5.0,2.0,1.2,0.1731316697620997,0.2318698715951231,0.2728306862552402,0.3178324739271874,0.3221926670971622,0.1301571779622982,0.0061976459017397,0.0619797660302789,0.0619797660302795,0.9363734873531384,107.2746974706277,0.27304253,0.241631,0.031411525,0.10269243,0.13893858,0,0,1
44,2,PVC_10_0,6,0.2,5000.0,2.4576000000000007,12500000.0,0.01,0.002,20.0,120.0,240.0,0.025,0.23,0.08,0.2,0.0275,5.0,2.0,1.2,0.3281648016278033,0.2940349278926834,0.3496472881864443,0.4151281292110205,0.3967340236772446,0.1603809738739214,0.0088580307586869,0.0757614715576173,0.0757614715576171,0.9426351430102188,108.52702860204374,0.35601485,0.31505796,0.040956892,0.13412891,0.18092905,0,1,0
45,2,PVC_10_0,7,0.225,5625.0,3.110400000000001,12500000.0,0.01,0.002,20.0,120.0,240.0,0.025,0.23,0.08,0.2,0.0275,5.0,2.0,1.2,0.4748879681816121,0.3614563925607396,0.4343737803266473,0.5253965385326979,0.4773872571323428,0.1915219332072715,0.0126099801859162,0.0894559765106747,0.0894559765106805,0.9472165993742344,109.4433198748469,0.44970828,0.39797264,0.05173564,0.16975687,0.22821575,0,0,1
46,2,PVC_10_0,8,0.25,6250.0,3.84,12500000.0,0.01,0.002,20.0,120.0,240.0,0.025,0.23,0.08,0.2,0.0275,5.0,2.0,1.2,0.5574852671189098,0.4343541314531949,0.5273748260423623,0.6486377018922194,0.5640159725636166,0.2239803049719544,0.0182426850828665,0.1028688099445441,0.1028688099445437,0.9489527144176124,109.7905428835225,0.5539991,0.4902656,0.06373354,0.20957641,0.28068918,0,1,0
47,2,PVC_10_0,9,0.275,6875.0,4.646400000000001,12500000.0,0.01,0.002,20.0,120.0,240.0,0.025,0.23,0.08,0.2,0.0275,5.0,2.0,1.2,0.5972995953096499,0.5141163738251644,0.6303636838954922,0.7848516192895856,0.6565070307201188,0.259523104057391,0.0277220171217259,0.1159005434678334,0.1159005434678316,0.945531055823059,109.1062111646118,0.6687518,0.5918168,0.076934986,0.25358748,0.33822927,0,1,0
48,2,PVC_10_0,10,0.3,7500.0,5.529600000000001,12500000.0,0.01,0.002,20.0,120.0,240.0,0.025,0.23,0.08,0.2,0.0275,5.0,2.0,1.2,0.7768981463500139,0.6065534603865027,0.7498400313202861,0.9340382907247958,0.7547647829047093,0.3050357113180749,0.0479952545355583,0.128520228391262,0.1285202283912545,0.9301102165471802,106.02204330943604,0.79381925,0.7024962,0.09132307,0.30179,0.40070617,0,1,0
49,2,PVC_10_0,11,0.3249999999999999,8125.0,6.4895999999999985,12500000.0,0.01,0.002,20.0,120.0,240.0,0.025,0.23,0.08,0.2,0.0275,5.0,2.0,1.2,0.9824646024422948,0.7524724428612066,0.9227722022242416,1.0961977161978504,0.8587071063722683,0.4065200542564742,0.125037657827762,0.140741198214353,0.1407411982143592,0.8688808847061124,93.77617694122247,0.92904615,0.82216626,0.1068799,0.3541841,0.46798217,0,1,0
50,2,PVC_10_0,12,0.35,8750.0,7.5264,12500000.0,0.01,0.002,20.0,120.0,240.0,0.025,0.23,0.08,0.2,0.0275,5.0,2.0,1.2,1.096636164075445,0.9806638616716112,1.1509451494533078,1.2713298957087498,0.9682625799390614,0.5918981547548209,0.2866934238257407,0.1526023654645401,0.15260236546454,0.7781207848244164,75.62415696488327,1.0742679,0.9506813,0.12358653,0.41076973,0.5399116,0,1,0
51,2,PVC_10_0,13,0.375,9375.0,8.64,12500000.0,0.01,0.002,20.0,120.0,240.0,0.025,0.23,0.08,0.2,0.0275,5.0,2.0,1.2,1.2108826384116291,1.1818274399929365,1.3520103286136118,1.4594348292574937,1.0833684124058682,0.7414582018815008,0.4131476450014721,0.1641552784399814,0.1641552784400471,0.7271667879693575,65.4333575938715,1.2293134,1.0878901,0.14142329,0.47154695,0.61634326,0,1,0
52,2,PVC_10_0,14,0.4,10000.0,9.830400000000004,12500000.0,0.01,0.002,20.0,120.0,240.0,0.025,0.23,0.08,0.2,0.0275,5.0,2.0,1.2,1.3690028072641989,1.3656111854192128,1.5426355883204037,1.660512516844082,1.203968885509918,0.8674621371572689,0.5165508739850467,0.1754556315861254,0.1754556315860968,0.693079377098121,58.615875419624174,1.3940065,1.2336366,0.16036983,0.53651565,0.6971209,0,1,0
53,2,PVC_10_0,15,0.425,10625.0,11.097599999999998,12500000.0,0.01,0.002,20.0,120.0,240.0,0.025,0.23,0.08,0.2,0.0275,5.0,2.0,1.2,1.6664570121787143,1.5401688532315556,1.7299771984570462,1.874562958468514,1.3300141589556205,0.9790236951698148,0.6059072961363187,0.186558199516727,0.1865581995167691,0.6676045754145521,53.520915082910406,1.5681667,1.3877614,0.18040544,0.6056758,0.78208554,0,0,1
54,2,PVC_10_0,16,0.45,11250.0,12.4416,12500000.0,0.01,0.002,20.0,120.0,240.0,0.025,0.23,0.08,0.2,0.0275,5.0,2.0,1.2,1.7020379401606682,1.709488105466417,1.916926874243948,2.101586154130791,1.461459336683827,1.080502861194506,0.6854745731200331,0.1975141440371584,0.1975141440373144,0.647418892112417,49.4837784224834,1.7516128,1.5501037,0.20150915,0.6790275,0.8710761,0,1,0
55,2,PVC_10_0,17,0.475,11875.0,13.8624,12500000.0,0.01,0.002,20.0,120.0,240.0,0.025,0.23,0.08,0.2,0.0275,5.0,2.0,1.2,1.9143138489059408,1.8759319260133027,2.1049633851446963,2.3415821038309117,1.5982637257409764,1.1744497881715512,0.7577104683955385,0.2083696598879379,0.2083696598880746,0.630828633114732,46.16572662294641,1.9441627,1.7205027,0.22365995,0.7565708,0.9639319,0,0,1
56,2,PVC_10_0,18,0.5,12500.0,15.36,12500000.0,0.01,0.002,20.0,120.0,240.0,0.025,0.23,0.08,0.2,0.0275,5.0,2.0,1.2,2.087332105993255,2.041080612571646,2.294965806465416,2.5945508075688775,1.7403902398524953,1.2625555438243867,0.8242243231962254,0.2191656103139889,0.2191656103141722,0.6168425733743841,43.36851467487682,2.1456358,1.898799,0.24683693,0.83830565,1.0604932,0,1,0
57,3,PVC_10_180,0,0.05,1250.0,0.1536,12500000.0,0.01,0.002,60.0,180.0,300.0,0.025,0.23,0.08,0.2,0.0275,5.0,2.0,1.2,0.176152284215675,0.0219058944934403,0.0238476952096245,0.0259455080756887,0.0493730553443698,0.0132808944934403,0.0066404472467201,6.508873676178591e-23,0.0066404472467201,0.9950531921969868,119.01063843939738,0.026806124,0.023722354,0.0030837695,0.008810695,0.014911659,0,1,0
58,3,PVC_10_180,1,0.075,1875.0,0.3456000000000001,12500000.0,0.01,0.002,60.0,180.0,300.0,0.025,0.23,0.08,0.2,0.0275,5.0,2.0,1.2,0.1749381362194811,0.0501292953731266,0.0542959474622129,0.0583773931702997,0.0893735689635774,0.0307230453731266,0.0153615226865632,1.4144996639833397e-22,0.0153615226865633,0.9886113001012864,117.7222600202573,0.060283393,0.05334838,0.0069350107,0.019824062,0.03352432,0,0,1
59,3,PVC_10_180,2,0.1,2500.0,0.6144000000000002,12500000.0,0.01,0.002,60.0,180.0,300.0,0.025,0.23,0.08,0.2,0.0275,5.0,2.0,1.2,0.1075147251244672,0.0912805415669585,0.0981472553209589,0.1037820323027551,0.1371786653413057,0.0567805415669585,0.0283902707834792,2.4038269522865027e-22,0.0283902707834792,0.9791058358533394,115.82116717066788,0.107095,0.09477474,0.012320262,0.03524278,0.059531953,0,1,0
60,3,PVC_10_180,3,0.125,3125.0,0.96,12500000.0,0.01,0.002,60.0,180.0,300.0,0.025,0.23,0.08,0.2,0.0275,5.0,2.0,1.2,0.1983937713911245,0.1470962453926354,0.1566531699427965,0.1621594254730548,0.1921652990859272,0.0931899953926354,0.0465949976963179,3.5522088146628924e-22,0.0465949976963175,0.9660651174892294,113.2130234978459,0.16718459,0.14795154,0.019233046,0.05506684,0.09288471,0,0,1
61,3,PVC_10_180,4,0.15,3750.0,1.3824000000000003,12500000.0,0.01,0.002,60.0,180.0,300.0,0.025,0.23,0.08,0.2,0.0275,5.0,2.0,1.2,0.2763685593624601,0.2197404679743851,0.2313130647063948,0.233509572681199,0.2539315959338398,0.1421154679743851,0.0710577339871931,1.5467691259675138e-21,0.0710577339871919,0.948983647120999,109.7967294241998,0.24048033,0.21281524,0.0276651,0.079296246,0.133519,0,1,0
62,3,PVC_10_180,5,0.175,4375.0,1.8816,12500000.0,0.01,0.002,60.0,180.0,300.0,0.025,0.23,0.08,0.2,0.0275,5.0,2.0,1.2,0.3855059894128523,0.3112353276145616,0.3234504183884973,0.3178324739271874,0.3221926670971622,0.2055790776145616,0.1027895388072796,2.039271366389263e-21,0.1027895388072819,0.9275635094853104,105.51270189706212,0.32689512,0.28928873,0.03760639,0.107930996,0.18135774,0,1,0
63,3,PVC_10_180,6,0.2,5000.0,2.4576000000000007,12500000.0,0.01,0.002,60.0,180.0,300.0,0.025,0.23,0.08,0.2,0.0275,5.0,2.0,1.2,0.472907608065416,0.422182691035822,0.4333614348992745,0.4151281292110205,0.3967340236772446,0.284182691035822,0.1420913455179075,2.5715910465039527e-21,0.1420913455179144,0.9021280359972086,100.42560719944171,0.42632726,0.37728208,0.049045183,0.14097112,0.23631096,0,1,0
64,3,PVC_10_180,7,0.225,5625.0,3.110400000000001,12500000.0,0.01,0.002,60.0,180.0,300.0,0.025,0.23,0.08,0.2,0.0275,5.0,2.0,1.2,0.5852380034751905,0.5503291652411529,0.5594468191310864,0.5253965385326979,0.4773872571323428,0.3756729152411528,0.1878364576205893,3.1350990130936018e-21,0.1878364576205635,0.8739357996228629,94.78715992457258,0.53866076,0.4766927,0.06196808,0.17841655,0.29827616,0,1,0
65,3,PVC_10_180,8,0.25,6250.0,3.84,12500000.0,0.01,0.002,60.0,180.0,300.0,0.025,0.23,0.08,0.2,0.0275,5.0,2.0,1.2,0.6845232810763484,0.6906583347793966,0.6983599196335017,0.6486377018922194,0.5640159725636166,0.4750333347793967,0.2375166673897133,1.1004521405817678e-21,0.2375166673896833,0.8448962855708713,88.97925711417425,0.6637671,0.58740693,0.07636016,0.22026736,0.36713958,0,0,1
66,3,PVC_10_180,9,0.275,6875.0,4.646400000000001,12500000.0,0.01,0.002,60.0,180.0,300.0,0.025,0.23,0.08,0.2,0.0275,5.0,2.0,1.2,0.8764917513892456,0.8375210610899779,0.8463628316731346,0.7848516192895856,0.6565070307201188,0.5766148110899779,0.2883074055450308,1.3053009247209942e-21,0.288307405544947,0.8167735638933007,83.35471277866012,0.80150515,0.70930016,0.09220499,0.2665235,0.44277662,0,1,0
67,3,PVC_10_180,10,0.3,7500.0,5.529600000000001,12500000.0,0.01,0.002,60.0,180.0,300.0,0.025,0.23,0.08,0.2,0.0275,5.0,2.0,1.2,0.9029657104791228,0.9867265991213562,1.0005791741535204,0.9340382907247956,0.7547647829047092,0.6762265991213562,0.3381132995607663,1.529202247222654e-21,0.3381132995605898,0.790643891271539,78.12877825430779,0.95172286,0.8422381,0.10948473,0.31718498,0.52505314,0,0,1
68,3,PVC_10_180,11,0.3249999999999999,8125.0,6.4895999999999985,12500000.0,0.01,0.002,60.0,180.0,300.0,0.025,0.23,0.08,0.2,0.0275,5.0,2.0,1.2,1.0138746610493636,1.1360625733416183,1.159293732140719,1.0961977161978504,0.8587071063722683,0.7716563233416187,0.385828161670725,1.7719415483727624e-21,0.3858281616708937,0.7669125914078441,73.38251828156882,1.1142588,0.98607856,0.1281802,0.3722518,0.61382675,0,1,0
69,3,PVC_10_180,12,0.35,8750.0,7.5264,12500000.0,0.01,0.002,60.0,180.0,300.0,0.025,0.23,0.08,0.2,0.0275,5.0,2.0,1.2,1.3139471014006894,1.2847846887255283,1.3216647392375314,1.2713298957087498,0.9682625799390614,0.8621596887255285,0.4310798443627792,5.840269047205506e-23,0.4310798443627492,0.7455744570679468,69.11489141358936,1.2889429,1.1406722,0.14827074,0.43172398,0.70894825,0,1,0
70,3,PVC_10_180,13,0.375,9375.0,8.64,12500000.0,0.01,0.002,60.0,180.0,300.0,0.025,0.23,0.08,0.2,0.0275,5.0,2.0,1.2,1.5928974305404149,1.4329709971011868,1.487365475955907,1.4594348292574937,1.0833684124058682,0.9478147471011868,0.4739073735505597,5.378404923911648e-23,0.4739073735506271,0.7264378897460444,65.28757794920887,1.4755983,1.3058648,0.1697335,0.4956016,0.81026316,0,0,1
71,3,PVC_10_180,14,0.4,10000.0,9.830400000000004,12500000.0,0.01,0.002,60.0,180.0,300.0,0.025,0.23,0.08,0.2,0.0275,5.0,2.0,1.2,1.744983586371465,1.5810770806052323,1.6563372134259269,1.660512516844082,1.203968885509918,1.029077080605232,0.5145385403025481,4.7376131732993863e-23,0.514538540302684,0.7092531153909278,61.85062307818556,1.6740389,1.4814978,0.19254108,0.5638845,0.9176133,0,1,0
72,3,PVC_10_180,15,0.425,10625.0,11.097599999999998,12500000.0,0.01,0.002,60.0,180.0,300.0,0.025,0.23,0.08,0.2,0.0275,5.0,2.0,1.2,1.9275761164444596,1.7296900537316553,1.8286491789223311,1.874562958468514,1.3300141589556205,1.1065338037316554,0.5532669018658705,4.37584633124885e-23,0.553266901865785,0.6937710769750265,58.7542153950053,1.8840646,1.6674109,0.21665367,0.63657266,1.0308383,0,1,0
73,3,PVC_10_180,16,0.45,11250.0,12.4416,12500000.0,0.01,0.002,60.0,180.0,300.0,0.025,0.23,0.08,0.2,0.0275,5.0,2.0,1.2,2.2017435964795204,1.8794080961292017,2.00442558558636,2.101586154130791,1.461459336683827,1.1807830961292014,0.5903915480646601,7.206585408414194e-24,0.5903915480645414,0.6797663179107134,55.95326358214267,2.1054316,1.8634441,0.24198748,0.7136662,1.1497779,0,1,0
74,3,PVC_10_180,17,0.475,11875.0,13.8624,12500000.0,0.01,0.002,60.0,180.0,300.0,0.025,0.23,0.08,0.2,0.0275,5.0,2.0,1.2,2.4811915824778445,2.0307875475357875,2.1838091070935635,2.3415821038309117,1.5982637257409764,1.2523812975357878,0.626190648767937,1.0895943640286655e-23,0.6261906487678508,0.6670430368350557,53.40860736701114,2.3377018,2.0694387,0.2682632,0.7951651,1.2742736,0,1,0
75,3,PVC_10_180,18,0.5,12500.0,15.36,12500000.0,0.01,0.002,60.0,180.0,300.0,0.025,0.23,0.08,0.2,0.0275,5.0,2.0,1.2,2.58728394938047,2.184323689903066,2.3669431514135013,2.5945508075688775,1.7403902398524953,1.321823689903065,0.6609118449515256,3.690077228372934e-22,0.6609118449515397,0.6554343383492289,51.08686766984579,2.5793285,2.285238,0.2940904,0.8810694,1.4041686,0,1,0
76,4,Rguijiao_20_0,0,0.05,1250.0,0.5408450704225354,3550000.0,0.02,0.002,20.0,120.0,240.0,0.025,0.23,0.08,0.2,0.0275,5.0,2.0,1.2,0.0793856494724032,0.0324989115574355,0.0383294915516303,0.0432660161513775,0.0621935218811163,0.024918400489793,0.0008497143564129,0.01203434306669,0.01203434306669,0.9132076485962528,102.64152971925058,0.030479867,0.026973419,0.0035064481,0.007817128,0.019156292,0,1,0
77,4,Rguijiao_20_0,1,0.075,1875.0,1.2169014084507046,3550000.0,0.02,0.002,20.0,120.0,240.0,0.025,0.23,0.08,0.2,0.0275,5.0,2.0,1.2,0.0659801209663584,0.0691252701114748,0.0833284839964337,0.0973485363405995,0.1113872249247655,0.0515371973860431,0.0020769807445777,0.0247301083207328,0.0247301083207325,0.9264792029623252,105.29584059246508,0.068432674,0.060560063,0.007872614,0.017588535,0.042971525,0,1,0
78,4,Rguijiao_20_0,2,0.1,2500.0,2.1633802816901415,3550000.0,0.02,0.002,20.0,120.0,240.0,0.025,0.23,0.08,0.2,0.0275,5.0,2.0,1.2,0.1321777238857109,0.1146849682631044,0.1419757083265941,0.1730640646055102,0.1694842166595452,0.0825465076785798,0.0042239702049877,0.0391612687367963,0.0391612687367957,0.9396970657067488,107.93941314134976,0.12129435,0.10734041,0.013953937,0.03126851,0.0760719,0,1,0
79,4,Rguijiao_20_0,3,0.125,3125.0,3.3802816901408455,3550000.0,0.02,0.002,20.0,120.0,240.0,0.025,0.23,0.08,0.2,0.0275,5.0,2.0,1.2,0.1964015706516235,0.1668430987547168,0.2124315438724652,0.2704126009461096,0.2356654243613148,0.1157154155385837,0.0082218198271528,0.0537467978557119,0.0537467978557189,0.9483026543957804,109.66053087915606,0.18879782,0.16707812,0.021719696,0.048857044,0.118221074,0,1,0
80,4,Rguijiao_20_0,4,0.15,3750.0,4.867605633802818,3550000.0,0.02,0.002,20.0,120.0,240.0,0.025,0.23,0.08,0.2,0.0275,5.0,2.0,1.2,0.2594615993214618,0.2270202410967026,0.2967953510930207,0.389394145362398,0.3094025329951292,0.1532407487736674,0.0178225839538064,0.0677090824099292,0.0677090824099318,0.9432054380284892,108.64108760569783,0.27060786,0.23947653,0.031131325,0.07035414,0.1691224,0,1,0
81,4,Rguijiao_20_0,5,0.175,4375.0,6.6253521126760555,3550000.0,0.02,0.002,20.0,120.0,240.0,0.025,0.23,0.08,0.2,0.0275,5.0,2.0,1.2,0.3580071787220014,0.3389157388947396,0.4364942607132331,0.5300086978543749,0.3903210198717865,0.2450521580834845,0.083324848100685,0.0808636549914018,0.0808636549913976,0.8541660132726032,90.83320265452063,0.366328,0.32418478,0.04214322,0.095759794,0.22842497,0,1,0
82,4,Rguijiao_20_0,6,0.2,5000.0,8.653521126760566,3550000.0,0.02,0.002,20.0,120.0,240.0,0.025,0.23,0.08,0.2,0.0275,5.0,2.0,1.2,0.4749536578501292,0.5345469632334798,0.6312342488315276,0.6922562584220409,0.4781389119458625,0.4220508401869907,0.2354182853967056,0.0933162773951535,0.0933162773951315,0.7266942310020241,65.33884620040482,0.47550982,0.42080605,0.05470378,0.12507404,0.29573202,0,1,0
83,4,Rguijiao_20_0,7,0.225,5625.0,10.952112676056345,3550000.0,0.02,0.002,20.0,120.0,240.0,0.025,0.23,0.08,0.2,0.0275,5.0,2.0,1.2,0.5159441426942311,0.6892534397896197,0.7961056759614401,0.8761368270653956,0.572634814685099,0.549318899718179,0.338789580536259,0.1052646595909051,0.1052646595910148,0.670148461378206,54.02969227564121,0.59766394,0.52890724,0.06875671,0.15829681,0.37061045,0,0,1
84,4,Rguijiao_20_0,8,0.25,6250.0,13.521126760563382,3550000.0,0.02,0.002,20.0,120.0,240.0,0.025,0.23,0.08,0.2,0.0275,5.0,2.0,1.2,0.5834466511386793,0.8277502102488772,0.9547738341524132,1.0816504037844386,0.6736294195786664,0.6548582237048778,0.4210446938394636,0.1169067649327393,0.1169067649326748,0.6344692843003009,46.89385686006018,0.7322741,0.64803153,0.08424259,0.19542818,0.45260334,0,1,0
85,4,Rguijiao_20_0,9,0.275,6875.0,16.360563380281693,3550000.0,0.02,0.002,20.0,120.0,240.0,0.025,0.23,0.08,0.2,0.0275,5.0,2.0,1.2,0.8144222650989796,0.9584884365518253,1.1125703520984656,1.308796988579171,0.7809739906344116,0.747797574099505,0.4909791109530982,0.1284092315732291,0.1284092315731776,0.6089425430519531,41.78850861039061,0.8788104,0.77770996,0.10110042,0.2364681,0.5412419,0,1,0
86,4,Rguijiao_20_0,10,0.3,7500.0,19.47042253521127,3550000.0,0.02,0.002,20.0,120.0,240.0,0.025,0.23,0.08,0.2,0.0275,5.0,2.0,1.2,0.9322098921200066,1.0856673930425833,1.2716459692362132,1.5575765814495917,0.8945427854265336,0.8326075029076012,0.5528031099462882,0.13990219648067,0.1399021964806429,0.5894266758495521,37.885335169910434,1.0367448,0.9174756,0.11926931,0.28141657,0.63605905,0,1,0
87,4,Rguijiao_20_0,11,0.3249999999999999,8125.0,22.850704225352107,3550000.0,0.02,0.002,20.0,120.0,240.0,0.025,0.23,0.08,0.2,0.0275,5.0,2.0,1.2,0.9858451687424892,1.211830636553957,1.4331638142843146,1.8279891823957009,1.0142278431202958,0.9119779589515616,0.6090114334010359,0.1514832627752547,0.1514832627752708,0.5738567336420652,34.771346728413036,1.205565,1.0668753,0.13868958,0.3302736,0.7366017,0,1,0
88,4,Rguijiao_20_0,12,0.35,8750.0,26.501408450704226,3550000.0,0.02,0.002,20.0,120.0,240.0,0.025,0.23,0.08,0.2,0.0275,5.0,2.0,1.2,1.1948414876278228,1.338668532505231,1.597859449966205,2.1200347914174995,1.1399352714498874,0.9876901773699108,0.6612422258050119,0.1632239757824332,0.1632239757824657,0.5610531815486459,32.21063630972918,1.3847808,1.2254812,0.15929966,0.38303918,0.842442,0,1,0
89,4,Rguijiao_20_0,13,0.375,9375.0,30.422535211267608,3550000.0,0.02,0.002,20.0,120.0,240.0,0.025,0.23,0.08,0.2,0.0275,5.0,2.0,1.2,1.440152115751815,1.4673637883148736,1.7662426590511358,2.433713408514987,1.2715825233661076,1.060987337659134,0.7106358211716229,0.1751757582435145,0.1751757582439966,0.5502813851974463,30.05627703948926,1.5738542,1.392899,0.18095513,0.43971342,0.9531857,0,1,0
90,4,Rguijiao_20_0,14,0.4,10000.0,34.614084507042264,3550000.0,0.02,0.002,20.0,120.0,240.0,0.025,0.23,0.08,0.2,0.0275,5.0,2.0,1.2,1.593971353909389,1.5987710635838766,1.9386873331984629,2.769025033688163,1.409096350097862,1.1327657674555012,0.7580162026333679,0.1873747824108774,0.1873747824112558,0.541055083479405,28.211016695881,1.7698326,1.5687745,0.20105815,0.5002962,1.0684783,0,0,1
91,4,Rguijiao_20_0,15,0.425,10625.0,39.07605633802816,3550000.0,0.02,0.002,20.0,120.0,240.0,0.025,0.23,0.08,0.2,0.0275,5.0,2.0,1.2,1.847556255403248,1.7335219714616097,2.115478213375515,3.125969666937028,1.552411230212476,1.2036863276574403,0.8039943712792009,0.1998459781889951,0.1998459781892442,0.5330373568610054,26.607471372201076,1.9325849,1.7527953,0.17978957,0.5647874,1.188008,0,1,0
92,4,Rguijiao_20_0,16,0.45,11250.0,43.80845070422536,3550000.0,0.02,0.002,20.0,120.0,240.0,0.025,0.23,0.08,0.2,0.0275,5.0,2.0,1.2,1.939511177826187,1.8720905166011292,2.2968373433330243,3.5045473082615812,1.7014681421074092,1.2742435752342802,0.8490320877711035,0.2126057437315154,0.2126057437316613,0.5259861899102013,25.197237982040264,1.9673375,1.944694,0.022643505,0.63318723,1.3115067,0,0,1
93,4,Rguijiao_20_0,17,0.475,11875.0,48.8112676056338,3550000.0,0.02,0.002,20.0,120.0,240.0,0.025,0.23,0.08,0.2,0.0275,5.0,2.0,1.2,2.025065923268333,2.0148366236445727,2.4829408973397715,3.904757957661824,1.856213589699108,1.3448117959956138,0.8934833874720043,0.225664204261689,0.2256642042619205,0.5197225775987143,23.94451551974285,2.001955,2.1442447,-0.14228968,0.7054957,1.438749,1,1,0
94,4,Rguijiao_20_0,18,0.5,12500.0,54.08450704225353,3550000.0,0.02,0.002,20.0,120.0,240.0,0.025,0.23,0.08,0.2,0.0275,5.0,2.0,1.2,2.115951000593316,2.1627122051393917,2.6745867275644484,4.326601615137754,2.0165988183440904,1.4163239131226903,0.9382701399474404,0.2390268865876556,0.2390268865875941,0.5142316011353053,22.846320227061057,2.1118114,2.351259,-0.23944764,0.7817127,1.5695462,1,1,0
95,5,Rguijiao_20_180,0,0.05,1250.0,0.5408450704225354,3550000.0,0.02,0.002,60.0,180.0,300.0,0.025,0.23,0.08,0.2,0.0275,5.0,2.0,1.2,0.0325656693138743,0.0367160170360109,0.0402253884338104,0.0432660161513775,0.0621935218811163,0.0280910170360109,0.0140455085180055,4.771743856829315e-23,0.0140455085180054,0.9817633051929197,116.35266103858392,0.03667992,0.032460425,0.004219496,0.008065623,0.024394803,0,1,0
96,5,Rguijiao_20_180,1,0.075,1875.0,1.2169014084507046,3550000.0,0.02,0.002,60.0,180.0,300.0,0.025,0.23,0.08,0.2,0.0275,5.0,2.0,1.2,0.1428789409248123,0.0889189262823194,0.0951392029311258,0.0973485363405995,0.1113872249247655,0.0695126762823194,0.0347563381411596,9.746241935080204e-23,0.0347563381411597,0.9558129092354352,111.16258184708704,0.08238475,0.07290763,0.009477122,0.018147651,0.05475997,0,0,1
97,5,Rguijiao_20_180,2,0.1,2500.0,2.1633802816901415,3550000.0,0.02,0.002,60.0,180.0,300.0,0.025,0.23,0.08,0.2,0.0275,5.0,2.0,1.2,0.1548112907421445,0.1728155780108139,0.1795675324875687,0.1730640646055102,0.1694842166595452,0.1383155780108139,0.0691577890054094,1.5577213172937632e-22,0.0691577890054045,0.9151419789270024,103.02839578540048,0.14610285,0.12929606,0.016806787,0.032262493,0.09703357,0,0,1
98,5,Rguijiao_20_180,3,0.125,3125.0,3.3802816901408455,3550000.0,0.02,0.002,60.0,180.0,300.0,0.025,0.23,0.08,0.2,0.0275,5.0,2.0,1.2,0.3438483557488102,0.28852082265265,0.2932866007355652,0.2704126009461096,0.2356654243613148,0.23461457265265,0.1173072863263237,3.3007463737436993e-22,0.1173072863263263,0.8628254853421491,92.56509706842982,0.22757055,0.20139256,0.026177982,0.050410144,0.15098241,0,1,0
99,5,Rguijiao_20_180,4,0.15,3750.0,4.867605633802818,3550000.0,0.02,0.002,60.0,180.0,300.0,0.025,0.23,0.08,0.2,0.0275,5.0,2.0,1.2,0.366254055023492,0.4199612489443504,0.4254901279268279,0.389394145362398,0.3094025329951292,0.3423362489443503,0.1711681244721924,3.05124727294964e-22,0.1711681244721578,0.8097938811688252,81.95877623376504,0.32645702,0.28890485,0.03755219,0.072590604,0.21631426,0,1,0
100,5,Rguijiao_20_180,5,0.175,4375.0,6.6253521126760555,3550000.0,0.02,0.002,60.0,180.0,300.0,0.025,0.23,0.08,0.2,0.0275,5.0,2.0,1.2,0.5469441334324355,0.5510766056594543,0.5651826167115339,0.5300086978543749,0.3903210198717865,0.4454203556594542,0.2227101778297348,4.1042530329803873e-22,0.2227101778297194,0.7638893976914618,72.77787953829234,0.44237104,0.391488,0.050883062,0.09880387,0.2926841,0,0,1
101,5,Rguijiao_20_180,6,0.2,5000.0,8.653521126760566,3550000.0,0.02,0.002,60.0,180.0,300.0,0.025,0.23,0.08,0.2,0.0275,5.0,2.0,1.2,0.6811033656741817,0.6769141645937052,0.7079388309804265,0.692256258422041,0.4781389119458626,0.5389141645937052,0.269457082296837,5.165577981504803e-22,0.2694570822968682,0.7262254317357066,65.24508634714132,0.57486874,0.5087535,0.06611527,0.12904997,0.37970352,0,1,0
102,5,Rguijiao_20_180,7,0.225,5625.0,10.952112676056345,3550000.0,0.02,0.002,60.0,180.0,300.0,0.025,0.23,0.08,0.2,0.0275,5.0,2.0,1.2,0.8595311386746253,0.7983452864181254,0.852977906015553,0.8761368270653956,0.572634814685099,0.6236890364181253,0.3118445182090889,6.088031377611513e-22,0.3118445182090364,0.6954247081998566,59.084941639971305,0.72345716,0.64028007,0.08317711,0.16332884,0.4769512,0,0,1
103,5,Rguijiao_20_180,8,0.25,6250.0,13.521126760563382,3550000.0,0.02,0.002,60.0,180.0,300.0,0.025,0.23,0.08,0.2,0.0275,5.0,2.0,1.2,0.9238037460398186,0.9175270460050696,1.0006116853570175,1.0816504037844386,0.6736294195786664,0.7019020460050698,0.3509510230025885,4.434387053442468e-23,0.3509510230024812,0.669931215766119,53.98624315322379,0.88757575,0.78562784,0.101947874,0.20164058,0.58398724,0,0,1
104,5,Rguijiao_20_180,9,0.275,6875.0,16.360563380281693,3550000.0,0.02,0.002,60.0,180.0,300.0,0.025,0.23,0.08,0.2,0.0275,5.0,2.0,1.2,1.156620347853205,1.0364611265685406,1.1513648803259389,1.308796988579171,0.7809739906344116,0.7755548765685405,0.3877774382842328,1.5124849128356416e-22,0.3877774382843076,0.6485116804817453,49.70233609634906,1.0664726,0.9443505,0.12212217,0.24398509,0.7003654,0,0,1
105,5,Rguijiao_20_180,10,0.3,7500.0,19.47042253521127,3550000.0,0.02,0.002,60.0,180.0,300.0,0.025,0.23,0.08,0.2,0.0275,5.0,2.0,1.2,1.4060607370635116,1.1567227249733012,1.3057371620300184,1.5575765814495914,0.8945427854265335,0.8462227249733013,0.4231113624866595,2.1849816489099323e-22,0.4231113624866418,0.6302563526296132,46.05127052592263,1.2586759,1.1160107,0.14266528,0.29036242,0.8256482,0,1,0
106,5,Rguijiao_20_180,11,0.3249999999999999,8125.0,22.850704225352107,3550000.0,0.02,0.002,60.0,180.0,300.0,0.025,0.23,0.08,0.2,0.0275,5.0,2.0,1.2,1.4605862438268795,1.2794927711121664,1.4641516654341982,1.8279891823957009,1.0142278431202958,0.9150865211121664,0.4575432605560906,2.0516509139301945e-22,0.4575432605560757,0.6144993240306158,42.89986480612316,1.4597962,1.300191,0.15960512,0.34077254,0.95941854,0,0,1
107,5,Rguijiao_20_180,12,0.35,8750.0,26.501408450704226,3550000.0,0.02,0.002,60.0,180.0,300.0,0.025,0.23,0.08,0.2,0.0275,5.0,2.0,1.2,1.593818940550544,1.4056439890137542,1.6269539707539693,2.1200347914174995,1.1399352714498874,0.9830189890137542,0.4915094945069929,1.0935383213203508e-22,0.4915094945067613,0.6007478518105063,40.14957036210126,1.6535678,1.4965059,0.1570619,0.39521548,1.1012903,0,1,0
108,5,Rguijiao_20_180,13,0.375,9375.0,30.422535211267608,3550000.0,0.02,0.002,60.0,180.0,300.0,0.025,0.23,0.08,0.2,0.0275,5.0,2.0,1.2,1.7949695980666105,1.5358195524307292,1.7944229826905296,2.433713408514987,1.2715825233661076,1.0506633024307293,0.5253316512151601,1.4952705100679777e-22,0.5253316512155691,0.5886312869578509,37.726257391570186,1.7834426,1.7046063,0.07883637,0.45369127,1.250915,0,1,0
109,5,Rguijiao_20_180,14,0.4,10000.0,34.614084507042264,3550000.0,0.02,0.002,60.0,180.0,300.0,0.025,0.23,0.08,0.2,0.0275,5.0,2.0,1.2,1.817214420622622,1.6704939734723805,1.9667830873666663,2.769025033688164,1.4090963500978622,1.1184939734723804,0.559246986736295,1.9560245508440653e-22,0.5592469867360854,0.5778660455710628,35.573209114212574,1.7940965,1.9241867,-0.13009022,0.5161999,1.4079869,0,1,0
110,5,Rguijiao_20_180,15,0.425,10625.0,39.07605633802816,3550000.0,0.02,0.002,60.0,180.0,300.0,0.025,0.23,0.08,0.2,0.0275,5.0,2.0,1.2,1.9982558183649808,1.8100177923245864,2.1442147168528565,3.125969666937028,1.552411230212476,1.1868615423245863,0.593430771162302,4.2097403675047305e-22,0.5934307711622846,0.5682315710847408,33.646314216948156,1.8878161,2.154982,-0.267166,0.58274126,1.5722407,0,1,0
111,5,Rguijiao_20_180,16,0.45,11250.0,43.80845070422536,3550000.0,0.02,0.002,60.0,180.0,300.0,0.025,0.23,0.08,0.2,0.0275,5.0,2.0,1.2,2.143940641798216,1.9546498895575888,2.3268629054233436,3.5045473082615812,1.7014681421074092,1.2560248895575885,0.6280124447789766,7.673410289454221e-23,0.6280124447786118,0.559553466515148,31.910693303029603,2.0858192,2.3967705,-0.31095123,0.65331537,1.7434552,0,1,0
112,5,Rguijiao_20_180,17,0.475,11875.0,48.8112676056338,3550000.0,0.02,0.002,60.0,180.0,300.0,0.025,0.23,0.08,0.2,0.0275,5.0,2.0,1.2,2.17088732718335,2.1045809643056614,2.5148441644272825,3.904757957661824,1.856213589699108,1.3261747143056613,0.6630873571526702,1.0249265637744416e-21,0.6630873571529909,0.5516924395720808,30.338487914416163,2.3049986,2.649367,-0.34436843,0.72792244,1.9214447,1,1,0
113,5,Rguijiao_20_180,18,0.5,12500.0,54.08450704225353,3550000.0,0.02,0.002,60.0,180.0,300.0,0.025,0.23,0.08,0.2,0.0275,5.0,2.0,1.2,2.288050701472371,2.2599505533270987,2.70825186354645,4.326601615137754,2.0165988183440904,1.3974505533270989,0.6987252766637595,1.5449125679692257e-21,0.6987252766633394,0.5445352440126555,28.907048802531108,2.5339918,2.9126196,-0.3786278,0.8065623,2.1060574,1,1,0
114,6,Rguijiao_10_0,0,0.05,1250.0,0.5408450704225354,3550000.0,0.01,0.002,60.0,120.0,240.0,0.025,0.23,0.08,0.2,0.0275,5.0,2.0,1.2,0.0324759688509956,0.0258635609230205,0.0286245304431439,0.0259455080756887,0.0354092609405581,0.0190570973256927,0.0070227542590027,0.006017171533345,0.006017171533345,0.6977755424463832,59.55510848927661,0.019978572,0.017680228,0.002298344,0.0058837757,0.011796451,0,0,1
115,6,Rguijiao_10_0,1,0.075,1875.0,1.2169014084507046,3550000.0,0.01,0.002,60.0,120.0,240.0,0.025,0.23,0.08,0.2,0.0275,5.0,2.0,1.2,0.0179007847665779,0.0576696177562314,0.0638240429957052,0.0583773931702997,0.0653967374623828,0.0421082773913125,0.0173781690705798,0.0123650541603664,0.0123650541603662,0.6890503199407609,57.810063988152194,0.044856653,0.039696306,0.0051603476,0.013238495,0.02645781,0,1,0
116,6,Rguijiao_10_0,2,0.1,2500.0,2.1633802816901415,3550000.0,0.01,0.002,60.0,120.0,240.0,0.025,0.23,0.08,0.2,0.0275,5.0,2.0,1.2,0.0765607808603618,0.1017441307749041,0.1121476750800585,0.1037820323027551,0.1019921083297726,0.0737401632395007,0.0345788945027047,0.0195806343683981,0.0195806343683978,0.6682419812158508,53.64839624317014,0.07950949,0.07036263,0.009146861,0.023535103,0.046827525,0,1,0
117,6,Rguijiao_10_0,3,0.125,3125.0,3.3802816901408455,3550000.0,0.01,0.002,60.0,120.0,240.0,0.025,0.23,0.08,0.2,0.0275,5.0,2.0,1.2,0.238060967554567,0.1565260689371462,0.1717850912979007,0.1621594254730548,0.1447858371806574,0.1124004410188773,0.0586536431631618,0.0268733989278559,0.0268733989278594,0.6360481936807482,47.20963873614963,0.12376318,0.10952531,0.014237871,0.0367736,0.07275171,0,0,1
118,6,Rguijiao_10_0,4,0.15,3750.0,4.867605633802818,3550000.0,0.01,0.002,60.0,120.0,240.0,0.025,0.23,0.08,0.2,0.0275,5.0,2.0,1.2,0.1772611195275857,0.217442240772249,0.2391846528572462,0.233509572681199,0.1935137664975646,0.1532931446460267,0.0855840622360962,0.0338545412049646,0.0338545412049659,0.601946935502953,40.38938710059059,0.1773983,0.1569902,0.020408101,0.05295398,0.10403623,0,1,0
119,6,Rguijiao_10_0,5,0.175,4375.0,6.6253521126760555,3550000.0,0.01,0.002,60.0,120.0,240.0,0.025,0.23,0.08,0.2,0.0275,5.0,2.0,1.2,0.1836469604207344,0.280617010908379,0.3114841475971416,0.3178324739271874,0.2479886349358932,0.1922187439062671,0.1113550889148674,0.0404318274957009,0.0404318274956988,0.573158472747165,34.63169454943299,0.24015349,0.21252622,0.027627282,0.072076246,0.14044997,0,1,0
120,6,Rguijiao_10_0,6,0.2,5000.0,8.653521126760566,3550000.0,0.01,0.002,60.0,120.0,240.0,0.025,0.23,0.08,0.2,0.0275,5.0,2.0,1.2,0.3012953869988273,0.3450803710781583,0.3876419766078395,0.4151281292110205,0.3080694559729313,0.228044818543561,0.1347285411484185,0.0466581386975767,0.0466581386975657,0.5506797302548299,30.13594605096597,0.3117282,0.27586973,0.03585847,0.09414041,0.18172932,0,0,1
121,6,Rguijiao_10_0,7,0.225,5625.0,10.952112676056345,3550000.0,0.01,0.002,60.0,120.0,240.0,0.025,0.23,0.08,0.2,0.0275,5.0,2.0,1.2,0.3997516594805505,0.4112772805666099,0.4675319467609101,0.5253965385326979,0.3736455323425495,0.2611869186955044,0.1559222591045444,0.0526323297954525,0.0526323297955074,0.5332547841912738,26.650956838254757,0.39156598,0.34673002,0.044835944,0.119146444,0.22758359,0,1,0
122,6,Rguijiao_10_0,8,0.25,6250.0,13.521126760563382,3550000.0,0.01,0.002,60.0,120.0,240.0,0.025,0.23,0.08,0.2,0.0275,5.0,2.0,1.2,0.3755049316080843,0.4799223779455572,0.5512947620418728,0.6486377018922194,0.4446272097893332,0.2923822764340013,0.1754755115012942,0.0584533824663696,0.0584533824663374,0.5195333904825377,23.906678096507537,0.4506783,0.4247966,0.025881669,0.1470944,0.2777022,0,1,0
123,6,Rguijiao_10_0,9,0.275,6875.0,16.360563380281693,3550000.0,0.01,0.002,60.0,120.0,240.0,0.025,0.23,0.08,0.2,0.0275,5.0,2.0,1.2,0.5174230302127327,0.5516476331163089,0.6391182655113563,0.7848516192895856,0.5209401203172058,0.3222979507153197,0.1938887191421164,0.0642046157866145,0.0642046157865888,0.5085000165114327,21.700003302286547,0.45387268,0.50974613,-0.055873442,0.17798422,0.3317619,0,1,0
124,6,Rguijiao_10_0,10,0.3,7500.0,19.47042253521127,3550000.0,0.01,0.002,60.0,120.0,240.0,0.025,0.23,0.08,0.2,0.0275,5.0,2.0,1.2,0.7263884434646286,0.6269435204421615,0.7311768267350057,0.9340382907247958,0.6025213927132668,0.3514578777239862,0.2115556812433297,0.069951098240335,0.0699510982403214,0.4994452101163029,19.889042023260572,0.5240498,0.601251,-0.07720118,0.21181592,0.38943505,0,1,0
125,6,Rguijiao_10_0,11,0.3249999999999999,8125.0,22.850704225352107,3550000.0,0.01,0.002,60.0,120.0,240.0,0.025,0.23,0.08,0.2,0.0275,5.0,2.0,1.2,0.8567210390125444,0.7061750801941703,0.8276178153256931,1.0961977161978504,0.6893170465601479,0.3802548930533082,0.2287716302780453,0.0757416313876273,0.0757416313876354,0.49187702781083,18.37540556216601,0.60824245,0.6989876,-0.09074516,0.2485895,0.4503981,0,1,0
126,6,Rguijiao_10_0,12,0.35,8750.0,26.501408450704226,3550000.0,0.01,0.002,60.0,120.0,240.0,0.025,0.23,0.08,0.2,0.0275,5.0,2.0,1.2,0.703173159721274,0.789610266247754,0.9285617589422032,1.2713298957087498,0.7812801357249437,0.4089787230359459,0.2457547472534964,0.0816119878912166,0.0816119878912328,0.4854498968439984,17.089979368799675,0.69832367,0.8026435,-0.10431982,0.28830498,0.5143385,0,1,0
127,6,Rguijiao_10_0,13,0.375,9375.0,30.422535211267608,3550000.0,0.01,0.002,60.0,120.0,240.0,0.025,0.23,0.08,0.2,0.0275,5.0,2.0,1.2,0.7567718916219093,0.8774448063479823,1.0341058048791931,1.4594348292574937,0.8783693866830538,0.4378415838513356,0.26266582560758,0.0875878791217572,0.0875878791219983,0.4799163085108004,15.983261702160092,0.79338175,0.91192454,-0.118542805,0.33096236,0.5809622,0,0,1
128,6,Rguijiao_10_0,14,0.4,10000.0,34.614084507042264,3550000.0,0.01,0.002,60.0,120.0,240.0,0.025,0.23,0.08,0.2,0.0275,5.0,2.0,1.2,0.9265901082648575,0.9698213215211062,1.144327652218,1.660512516844082,0.9805481750489312,0.4669982757792141,0.2796234933681475,0.0936873912054387,0.0936873912056279,0.4750952756249523,15.019055124990471,0.8931099,1.0265592,-0.13344933,0.37656164,0.6499976,0,0,1
129,6,Rguijiao_10_0,15,0.425,10625.0,39.07605633802816,3550000.0,0.01,0.002,60.0,120.0,240.0,0.025,0.23,0.08,0.2,0.0275,5.0,2.0,1.2,0.9616321088321236,1.066843543852975,1.259289253042589,1.874562958468514,1.087783740106238,0.4965613637702707,0.296715385581151,0.0999229890944975,0.0999229890946221,0.4708517990060102,14.17035980120204,0.99728554,1.1463029,-0.14901738,0.42510277,0.7212002,0,0,1
130,6,Rguijiao_10_0,16,0.45,11250.0,43.80845070422536,3550000.0,0.01,0.002,60.0,120.0,240.0,0.025,0.23,0.08,0.2,0.0275,5.0,2.0,1.2,1.1405758332963636,1.1685863876392877,1.3790396391001185,2.101586154130791,1.2000465710537047,0.5266119661210766,0.3140062223894883,0.1063028718657577,0.1063028718658306,0.4670832735983927,13.416654719678547,1.1057192,1.27094,-0.16522078,0.47658578,0.79435414,0,1,0
131,6,Rguijiao_10_0,17,0.475,11875.0,48.8112676056338,3550000.0,0.01,0.002,60.0,120.0,240.0,0.025,0.23,0.08,0.2,0.0275,5.0,2.0,1.2,1.0781453071446094,1.2751034470739535,1.5036174186758733,2.3415821038309117,1.317309919849554,0.5572078828381399,0.3315436785763351,0.1128321021308445,0.1128321021309602,0.4637103747830947,12.74207495661895,1.218247,1.4002826,-0.18203561,0.53101075,0.8692719,1,1,0
132,6,Rguijiao_10_0,18,0.5,12500.0,54.08450704225353,3550000.0,0.01,0.002,60.0,120.0,240.0,0.025,0.23,0.08,0.2,0.0275,5.0,2.0,1.2,1.16541294231698,1.3864324384093032,1.633052771195128,2.5945508075688775,1.4395494091720455,0.5883895249195046,0.3493626383318797,0.1195134432938278,0.119513443293797,0.4606708271994854,12.134165439897089,1.33473,1.5341713,-0.1994413,0.5883776,0.94579375,1,0,1
133,7,Rguijiao_10_180,0,0.05,1250.0,0.5408450704225354,3550000.0,0.01,0.002,60.0,180.0,300.0,0.025,0.23,0.08,0.2,0.0275,5.0,2.0,1.2,0.0710515245456794,0.0226705085180054,0.0244251942169052,0.0259455080756887,0.0354092609405581,0.0140455085180054,0.0070227542590027,2.3858719284146575e-23,0.0070227542590027,0.9817633051929197,116.35266103858392,0.02383134,0.021089824,0.002741516,0.008368153,0.012721671,0,1,0
134,7,Rguijiao_10_180,1,0.075,1875.0,1.2169014084507046,3550000.0,0.01,0.002,60.0,180.0,300.0,0.025,0.23,0.08,0.2,0.0275,5.0,2.0,1.2,0.1230620035709213,0.0541625881411597,0.0572727264655629,0.0583773931702997,0.0653967374623827,0.0347563381411597,0.0173781690705798,4.8731209675401025e-23,0.0173781690705798,0.9558129092354352,111.16258184708704,0.05354186,0.047382485,0.006159375,0.018828344,0.028554142,0,0,1
135,7,Rguijiao_10_180,2,0.1,2500.0,2.1633802816901415,3550000.0,0.01,0.002,60.0,180.0,300.0,0.025,0.23,0.08,0.2,0.0275,5.0,2.0,1.2,0.1277802269070481,0.1036577890054069,0.1070337662437843,0.1037820323027551,0.1019921083297726,0.0691577890054069,0.0345788945027047,7.788606586468815e-23,0.0345788945027022,0.9151419789270024,103.02839578540048,0.09499097,0.08406334,0.010927629,0.033472613,0.05059073,0,0,1
136,7,Rguijiao_10_180,3,0.125,3125.0,3.3802816901408455,3550000.0,0.01,0.002,60.0,180.0,300.0,0.025,0.23,0.08,0.2,0.0275,5.0,2.0,1.2,0.2069648252583665,0.171213536326325,0.1735964253677825,0.1621594254730548,0.1447858371806574,0.117307286326325,0.0586536431631618,1.6503731868718496e-22,0.0586536431631631,0.8628254853421491,92.56509706842982,0.14803588,0.13100606,0.01702982,0.052300952,0.0787051,0,1,0
137,7,Rguijiao_10_180,4,0.15,3750.0,4.867605633802818,3550000.0,0.01,0.002,60.0,180.0,300.0,0.025,0.23,0.08,0.2,0.0275,5.0,2.0,1.2,0.2575985551249031,0.2487931244721752,0.251557563963414,0.233509572681199,0.1935137664975646,0.1711681244721751,0.0855840622360962,1.52562363647482e-22,0.0855840622360789,0.8097938811688252,81.95877623376504,0.21249768,0.18805246,0.024445219,0.075313374,0.112739086,0,1,0
138,7,Rguijiao_10_180,5,0.175,4375.0,6.6253521126760555,3550000.0,0.01,0.002,60.0,180.0,300.0,0.025,0.23,0.08,0.2,0.0275,5.0,2.0,1.2,0.3659816961283393,0.3283664278297271,0.3354194333557669,0.3178324739271874,0.2479886349358932,0.2227101778297271,0.1113550889148674,2.0521265164901937e-22,0.1113550889148597,0.7638893976914618,72.77787953829234,0.28816503,0.25501624,0.033148784,0.10250987,0.15250637,0,1,0
139,7,Rguijiao_10_180,6,0.2,5000.0,8.653521126760566,3550000.0,0.01,0.002,60.0,180.0,300.0,0.025,0.23,0.08,0.2,0.0275,5.0,2.0,1.2,0.4905824588660451,0.4074570822968526,0.4229694154902133,0.4151281292110205,0.3080694559729313,0.2694570822968526,0.1347285411484185,2.5827889907524013e-22,0.1347285411484341,0.7262254317357066,65.24508634714132,0.3747969,0.33168808,0.04310881,0.13389045,0.19779763,0,1,0
140,7,Rguijiao_10_180,7,0.225,5625.0,10.952112676056345,3550000.0,0.01,0.002,60.0,180.0,300.0,0.025,0.23,0.08,0.2,0.0275,5.0,2.0,1.2,0.5705785339634338,0.4865007682090627,0.5138170780077765,0.5253965385326979,0.3736455323425495,0.3118445182090626,0.1559222591045444,3.0440156888057563e-22,0.1559222591045182,0.6954247081998566,59.084941639971305,0.47210845,0.41784173,0.054266732,0.16945508,0.24838665,0,1,0
141,7,Rguijiao_10_180,8,0.25,6250.0,13.521126760563382,3550000.0,0.01,0.002,60.0,180.0,300.0,0.025,0.23,0.08,0.2,0.0275,5.0,2.0,1.2,0.6228552961824495,0.566576023002535,0.6081183426785088,0.6486377018922194,0.4446272097893332,0.3509510230025349,0.1754755115012942,2.217193526721234e-23,0.1754755115012406,0.669931215766119,53.98624315322379,0.5796308,0.513242,0.06638878,0.20920381,0.30403823,0,1,0
142,7,Rguijiao_10_180,9,0.275,6875.0,16.360563380281693,3550000.0,0.01,0.002,60.0,180.0,300.0,0.025,0.23,0.08,0.2,0.0275,5.0,2.0,1.2,0.7124390228690939,0.6486836882842704,0.7061355651629695,0.7848516192895856,0.5209401203172058,0.3877774382842702,0.1938887191421164,7.562424564178208e-23,0.1938887191421538,0.6485116804817453,49.70233609634906,0.6957871,0.6176517,0.0781354,0.2531366,0.36451507,0,0,1
143,7,Rguijiao_10_180,10,0.3,7500.0,19.47042253521127,3550000.0,0.01,0.002,60.0,180.0,300.0,0.025,0.23,0.08,0.2,0.0275,5.0,2.0,1.2,0.8545188299638963,0.7336113624866507,0.8081185810150092,0.9340382907247956,0.6025213927132668,0.4231113624866506,0.2115556812433297,1.0924908244549661e-22,0.2115556812433209,0.6302563526296132,46.05127052592263,0.81298596,0.7308393,0.08214665,0.3012535,0.4295858,0,1,0
144,7,Rguijiao_10_180,11,0.3249999999999999,8125.0,22.850704225352107,3550000.0,0.01,0.002,60.0,180.0,300.0,0.025,0.23,0.08,0.2,0.0275,5.0,2.0,1.2,0.839006317582831,0.8219495105560831,0.914278957717099,1.0961977161978504,0.6893170465601479,0.4575432605560832,0.2287716302780453,1.0258254569650973e-22,0.2287716302780378,0.6144993240306158,42.89986480612316,0.8996699,0.8525861,0.0470838,0.35355443,0.49903166,0,1,0
145,7,Rguijiao_10_180,12,0.35,8750.0,26.501408450704226,3550000.0,0.01,0.002,60.0,180.0,300.0,0.025,0.23,0.08,0.2,0.0275,5.0,2.0,1.2,0.9622376533312956,0.914134494506877,1.0247894853769846,1.2713298957087498,0.7812801357249437,0.4915094945068771,0.2457547472534964,5.467691606601754e-23,0.2457547472533806,0.6007478518105063,40.14957036210126,0.92352945,0.982691,-0.05916153,0.41003948,0.5726515,0,1,0
146,7,Rguijiao_10_180,13,0.375,9375.0,30.422535211267608,3550000.0,0.01,0.002,60.0,180.0,300.0,0.025,0.23,0.08,0.2,0.0275,5.0,2.0,1.2,0.9720920391175436,1.0104879012153647,1.1397896163452648,1.4594348292574937,0.8783693866830538,0.5253316512153646,0.26266582560758,7.47635255033989e-23,0.2626658256077845,0.5886312869578509,37.726257391570186,0.9860519,1.120974,-0.13492206,0.4707086,0.65026534,0,1,0
147,7,Rguijiao_10_180,14,0.4,10000.0,34.614084507042264,3550000.0,0.01,0.002,60.0,180.0,300.0,0.025,0.23,0.08,0.2,0.0275,5.0,2.0,1.2,1.1325283029788116,1.1112469867361905,1.2593915436833334,1.660512516844082,0.9805481750489312,0.5592469867361902,0.2796234933681475,9.780122754220326e-23,0.2796234933680427,0.5778660455710628,35.573209114212574,1.1034753,1.2672782,-0.16380285,0.5355618,0.73171645,0,1,0
148,7,Rguijiao_10_180,15,0.425,10625.0,39.07605633802816,3550000.0,0.01,0.002,60.0,180.0,300.0,0.025,0.23,0.08,0.2,0.0275,5.0,2.0,1.2,1.1095963018892503,1.2165870211622931,1.3836854834264285,1.874562958468514,1.087783740106238,0.5934307711622933,0.296715385581151,2.1048701837523653e-22,0.2967153855811423,0.5682315710847408,33.646314216948156,1.2367573,1.4214694,-0.18471213,0.60459906,0.81687033,0,1,0
149,7,Rguijiao_10_180,16,0.45,11250.0,43.80845070422536,3550000.0,0.01,0.002,60.0,180.0,300.0,0.025,0.23,0.08,0.2,0.0275,5.0,2.0,1.2,1.2849382076668006,1.3266374447787943,1.5127439527116715,2.101586154130791,1.2000465710537047,0.6280124447787943,0.3140062223894883,3.8367051447271113e-23,0.3140062223893059,0.559553466515148,31.910693303029603,1.3776009,1.5834358,-0.20583485,0.6778203,0.9056155,0,1,0
150,7,Rguijiao_10_180,17,0.475,11875.0,48.8112676056338,3550000.0,0.01,0.002,60.0,180.0,300.0,0.025,0.23,0.08,0.2,0.0275,5.0,2.0,1.2,1.3797824450851115,1.4414936071528306,1.6466252072136414,2.3415821038309117,1.317309919849554,0.6630873571528306,0.3315436785763351,5.124632818872208e-22,0.3315436785764954,0.5516924395720808,30.338487914416163,1.525188,1.7530851,-0.22789712,0.7552258,0.99785936,1,1,0
151,7,Rguijiao_10_180,18,0.5,12500.0,54.08450704225353,3550000.0,0.01,0.002,60.0,180.0,300.0,0.025,0.23,0.08,0.2,0.0275,5.0,2.0,1.2,1.5289097101421296,1.5612252766635497,1.785375931773225,2.5945508075688775,1.4395494091720455,0.6987252766635494,0.3493626383318797,7.7245628398461285e-22,0.3493626383316697,0.5445352440126555,28.907048802531108,1.6793996,1.9303418,-0.25094223,0.83681524,1.0935266,1,0,1
152,8,guijiao_20_0,0,0.05,1250.0,4.000000000000002,480000.0,0.02,0.002,60.0,120.0,240.0,0.025,0.23,0.08,0.2,0.0275,5.0,2.0,1.2,0.032742837451039,0.0408128239564717,0.0456318293134674,0.0432660161513775,0.036119592739972,0.0352635901970325,0.0190451011034664,0.0081092445467825,0.0081092445467835,0.6207086587638792,44.14173175277584,0.02832941,0.025070911,0.0032584986,0.0055428124,0.019528098,0,1,0
153,8,guijiao_20_0,1,0.075,1875.0,9.000000000000004,480000.0,0.02,0.002,60.0,120.0,240.0,0.025,0.23,0.08,0.2,0.0275,5.0,2.0,1.2,0.1314956474223337,0.0767138896563382,0.0887790026089726,0.0973485363405995,0.0666164278539741,0.0631331706039175,0.0373782931439302,0.0128774387299906,0.0128774387299966,0.5476172653796397,29.523453075927947,0.06276286,0.05554632,0.0072165383,0.012471328,0.04307499,0,1,0
154,8,guijiao_20_0,2,0.1,2500.0,16.000000000000007,480000.0,0.02,0.002,60.0,120.0,240.0,0.025,0.23,0.08,0.2,0.0275,5.0,2.0,1.2,0.126360703250377,0.1122644404855517,0.135376812339931,0.1730640646055102,0.1037820323027551,0.086183986698977,0.0518376176700672,0.017173184514439,0.0171731845144707,0.5097271442960274,21.945428859205464,0.10907347,0.096686125,0.01238734,0.02217125,0.07451487,0,1,0
155,8,guijiao_20_0,3,0.125,3125.0,25.000000000000004,480000.0,0.02,0.002,60.0,120.0,240.0,0.025,0.23,0.08,0.2,0.0275,5.0,2.0,1.2,0.1059692735858313,0.1504033942252597,0.1860661495944205,0.2704126009461096,0.1471960086181032,0.1074700180750227,0.0646142322284258,0.0214278929233012,0.0214278929232955,0.4879163392761434,17.583267855228684,0.12815964,0.14718334,-0.019023707,0.034642577,0.11254077,0,1,0
156,8,guijiao_20_0,4,0.15,3750.0,36.000000000000014,480000.0,0.02,0.002,60.0,120.0,240.0,0.025,0.23,0.08,0.2,0.0275,5.0,2.0,1.2,0.2565729378228881,0.1928209696366232,0.2415477174347433,0.389394145362398,0.1965871936950057,0.1288093933877331,0.0770775914903952,0.0258659009486735,0.0258659009486644,0.4736922646489864,14.73845292979729,0.23105788,0.20568573,0.025372144,0.04988531,0.15580043,0,0,1
157,8,guijiao_20_0,5,0.175,4375.0,49.0,480000.0,0.02,0.002,60.0,120.0,240.0,0.025,0.23,0.08,0.2,0.0275,5.0,2.0,1.2,0.3404709155166152,0.2402422028775978,0.302217001389831,0.5300086978543749,0.2517633599257206,0.1509881528182851,0.0898323201962335,0.0305779163110115,0.0305779163110401,0.4635932751643793,12.71865503287586,0.3019654,0.2709876,0.030977786,0.06789944,0.20308816,0,1,0
158,8,guijiao_20_0,6,0.2,5000.0,64.00000000000003,480000.0,0.02,0.002,60.0,120.0,240.0,0.025,0.23,0.08,0.2,0.0275,5.0,2.0,1.2,0.3722697183904166,0.2929643518930001,0.3682835323558533,0.6922562584220409,0.3125797817554755,0.1743268332236374,0.1031419220825261,0.0355924555705181,0.0355924555705932,0.4559947882136078,11.198957642721552,0.37467137,0.34214994,0.03252142,0.088685,0.25346494,0,1,0
159,8,guijiao_20_0,7,0.225,5625.0,81.00000000000004,480000.0,0.02,0.002,60.0,120.0,240.0,0.025,0.23,0.08,0.2,0.0275,5.0,2.0,1.2,0.4480170052425906,0.3510930113078662,0.4398506613122654,0.8761368270653956,0.3789228261720919,0.1989360006695023,0.1171151400382554,0.0409104303155882,0.0409104303156586,0.4500365997601545,10.007319952030912,0.44595635,0.41852218,0.027434178,0.11224194,0.30628023,0,0,1
160,8,guijiao_20_0,8,0.25,6250.0,100.0,480000.0,0.02,0.002,60.0,120.0,240.0,0.025,0.23,0.08,0.2,0.0275,5.0,2.0,1.2,0.5355852766050546,0.414644906177552,0.5169602875641912,1.0816504037844386,0.4507004612451197,0.2248287961524733,0.1317870258835686,0.046520885134469,0.0465208851344357,0.4452192837621094,9.043856752421874,0.5123207,0.4996928,0.012627897,0.13857031,0.3611225,0,1,0
161,8,guijiao_20_0,9,0.275,6875.0,121.00000000000004,480000.0,0.02,0.002,60.0,120.0,240.0,0.025,0.23,0.08,0.2,0.0275,5.0,2.0,1.2,0.5370653024866279,0.4835951068402654,0.5996182284811433,1.308796988579171,0.5278363467025782,0.2519729190586038,0.1471564465809225,0.0524082362387951,0.0524082362388861,0.4412316780723684,8.24633561447368,0.573175,0.5854136,-0.01223858,0.16767007,0.4177435,0,1,0
162,8,guijiao_20_0,10,0.3,7500.0,144.00000000000003,480000.0,0.02,0.002,60.0,120.0,240.0,0.025,0.23,0.08,0.2,0.0275,5.0,2.0,1.2,0.6555957218682805,0.5578998709421858,0.687809108508826,1.5575765814495917,0.6102659439560176,0.2803158351234126,0.1632044836782467,0.0585556757225594,0.0585556757226063,0.4378689379799039,7.573787595980775,0.6329569,0.6755332,-0.042576242,0.19954124,0.4759919,0,1,0
163,8,guijiao_20_0,11,0.3249999999999999,8125.0,168.99999999999997,480000.0,0.02,0.002,60.0,120.0,240.0,0.025,0.23,0.08,0.2,0.0275,5.0,2.0,1.2,0.7337173366210548,0.6375080680503,0.7815053080994505,1.8279891823957009,0.6979338410007996,0.3097973687055929,0.1799038779909052,0.0649467453573243,0.0649467453573633,0.4349901530338275,6.9980306067654965,0.6980253,0.7699485,-0.07192322,0.23418379,0.5357647,0,1,0
164,8,guijiao_20_0,12,0.35,8750.0,196.0,480000.0,0.02,0.002,60.0,120.0,240.0,0.025,0.23,0.08,0.2,0.0275,5.0,2.0,1.2,0.7751927574201041,0.722367034463776,0.880672501165277,2.1200347914174995,0.7907918466694392,0.3403561388142903,0.1972240252350311,0.0715660567896328,0.0715660567896263,0.4324948701603218,6.498974032064353,0.7717093,0.86857116,-0.09686187,0.27159777,0.59697336,0,1,0
165,8,guijiao_20_0,13,0.375,9375.0,225.00000000000003,480000.0,0.02,0.002,60.0,120.0,240.0,0.025,0.23,0.08,0.2,0.0275,5.0,2.0,1.2,0.7986027466730938,0.8124255221699014,0.985273080850235,2.433713408514987,0.8887975928431237,0.3719327635544963,0.2151336663035852,0.0783995486254042,0.0783995486255068,0.4303093299937395,6.061865998747891,0.85374546,0.9712936,-0.11754819,0.3117832,0.65951043,0,1,0
166,8,guijiao_20_0,14,0.4,10000.0,256.0000000000001,480000.0,0.02,0.002,60.0,120.0,240.0,0.025,0.23,0.08,0.2,0.0275,5.0,2.0,1.2,0.8843925263702239,0.9076351427224468,1.0952683184254786,2.769025033688163,0.9919134838395532,0.4044714044913576,0.2336023233157758,0.0854345405877812,0.0854345405878005,0.4283780139400006,5.675602788000106,0.9424611,1.0779335,-0.13547248,0.35474,0.7231935,0,1,0
167,8,guijiao_20_0,15,0.425,10625.0,288.99999999999994,480000.0,0.02,0.002,60.0,120.0,240.0,0.025,0.23,0.08,0.2,0.0275,5.0,2.0,1.2,1.0040017469821052,1.007950981580787,1.2106197020970677,3.125969666937028,1.1001058901120482,0.4379203942912782,0.2526010380731285,0.0926596781090159,0.0926596781091337,0.4266582423480071,5.331648469601419,1.0326813,1.1841244,-0.15144296,0.4004682,0.7836561,0,1,0
168,8,guijiao_20_0,16,0.45,11250.0,324.00000000000006,480000.0,0.02,0.002,60.0,120.0,240.0,0.025,0.23,0.08,0.2,0.0275,5.0,2.0,1.2,1.0186392680129828,1.1133317640542546,1.3312897518440854,3.5045473082615812,1.2133445182183458,0.4722323716810503,0.2721027173738427,0.1000648271537622,0.1000648271534454,0.4251166042749423,5.023320854988469,1.1201377,1.2859578,-0.1658201,0.44896775,0.8369901,0,1,0
169,8,guijiao_20_0,17,0.475,11875.0,361.0,480000.0,0.02,0.002,60.0,120.0,240.0,0.025,0.23,0.08,0.2,0.0275,5.0,2.0,1.2,1.1686152113818125,1.2237397958616056,1.4572425091728796,3.904757957661824,1.331601910745421,0.5073641746749805,0.2920822577747082,0.1076409584503827,0.1076409584498894,0.4237265283923708,4.745305678474153,1.2047858,1.3839417,-0.17915589,0.50023884,0.88370275,0,1,0
170,8,guijiao_20_0,18,0.5,12500.0,400.00000000000006,480000.0,0.02,0.002,60.0,120.0,240.0,0.025,0.23,0.08,0.2,0.0275,5.0,2.0,1.2,1.1435231350344282,1.339140766586438,1.5884437954530188,4.326601615137754,1.4548530438729457,0.5432765866899321,0.3125165344105317,0.1153800261396431,0.1153800261397572,0.4224665886030792,4.493317720615835,1.2621638,1.4502687,-0.18810496,0.55428123,0.8959875,0,1,0
171,9,guijiao_20_180,0,0.05,1250.0,4.000000000000002,480000.0,0.02,0.002,60.0,180.0,300.0,0.025,0.23,0.08,0.2,0.0275,5.0,2.0,1.2,0.0849623688996956,0.0467152022069339,0.0473044054592752,0.0432660161513775,0.036119592739972,0.0380902022069339,0.0190451011034664,3.1155212470937636e-22,0.0190451011034674,0.8389751951338482,87.79503902676966,0.030872662,0.027321441,0.0035512208,0.007471241,0.0198502,0,1,0
172,9,guijiao_20_180,1,0.075,1875.0,9.000000000000004,480000.0,0.02,0.002,60.0,180.0,300.0,0.025,0.23,0.08,0.2,0.0275,5.0,2.0,1.2,0.206868884967502,0.0941628362878687,0.0988104004342541,0.0973485363405995,0.0666164278539741,0.0747565862878687,0.0373782931439302,3.932609058869873e-22,0.0373782931439384,0.7209258070110234,64.18516140220468,0.068762586,0.06085319,0.007909394,0.01681029,0.0440429,0,1,0
173,9,guijiao_20_180,2,0.1,2500.0,16.000000000000007,480000.0,0.02,0.002,60.0,180.0,300.0,0.025,0.23,0.08,0.2,0.0275,5.0,2.0,1.2,0.2304863104220836,0.1381752353401145,0.1531680839508373,0.1730640646055102,0.1037820323027551,0.1036752353401145,0.0518376176700672,7.925297630942796e-22,0.0518376176700472,0.6509374432479669,50.18748864959335,0.120589964,0.10671963,0.013870333,0.029884964,0.076834664,0,1,0
174,9,guijiao_20_180,3,0.125,3125.0,25.000000000000004,480000.0,0.02,0.002,60.0,180.0,300.0,0.025,0.23,0.08,0.2,0.0275,5.0,2.0,1.2,0.3719495846301655,0.1831347144568532,0.2110515651108992,0.2704126009461096,0.1471960086181032,0.1292284644568532,0.0646142322284258,6.314029735378286e-23,0.0646142322284274,0.6060657285199573,41.21314570399147,0.18536198,0.1640425,0.021319479,0.046695255,0.117347255,0,1,0
175,9,guijiao_20_180,4,0.15,3750.0,36.000000000000014,480000.0,0.02,0.002,60.0,180.0,300.0,0.025,0.23,0.08,0.2,0.0275,5.0,2.0,1.2,0.4915699290294634,0.2317801829807865,0.2734650852704479,0.389394145362398,0.1965871936950057,0.1541551829807865,0.0770775914903952,1.1234836941065252e-22,0.0770775914903912,0.5746968858415347,34.93937716830695,0.26211944,0.2319737,0.030145755,0.06724116,0.16473253,0,1,0
176,9,guijiao_20_180,5,0.175,4375.0,49.0,480000.0,0.02,0.002,60.0,180.0,300.0,0.025,0.23,0.08,0.2,0.0275,5.0,2.0,1.2,0.4082214887684472,0.2853208903925015,0.3409818937666126,0.5300086978543749,0.2517633599257206,0.1796646403925015,0.0898323201962335,1.3686391369419637e-22,0.089832320196268,0.5514178779469232,30.28357558938464,0.35007912,0.30982214,0.040256966,0.091522686,0.21829945,0,1,0
177,9,guijiao_20_180,6,0.2,5000.0,64.00000000000003,480000.0,0.02,0.002,60.0,180.0,300.0,0.025,0.23,0.08,0.2,0.0275,5.0,2.0,1.2,0.6384890064335522,0.3442838441650122,0.4139181564876513,0.692256258422041,0.3125797817554755,0.2062838441650121,0.1031419220825261,1.151074463640673e-22,0.103141922082486,0.5333973566224427,26.67947132448853,0.44868058,0.39710045,0.051580142,0.11953986,0.2775606,0,1,0
178,9,guijiao_20_180,7,0.225,5625.0,81.00000000000004,480000.0,0.02,0.002,60.0,180.0,300.0,0.025,0.23,0.08,0.2,0.0275,5.0,2.0,1.2,0.6797599177148046,0.4088865300764432,0.4924445594804105,0.8761368270653956,0.3789228261720919,0.2342302800764432,0.1171151400382554,1.0509096147156285e-21,0.1171151400381877,0.5190048119891868,23.800962397837367,0.55751854,0.4934994,0.06401913,0.1512926,0.34220678,0,1,0
179,9,guijiao_20_180,8,0.25,6250.0,100.0,480000.0,0.02,0.002,60.0,180.0,300.0,0.025,0.23,0.08,0.2,0.0275,5.0,2.0,1.2,0.6456429710798517,0.4791990517671735,0.5766466745556156,1.0816504037844386,0.4507004612451197,0.2635740517671735,0.1317870258835686,2.441323264670244e-21,0.1317870258836049,0.5072302929326756,21.446058586535116,0.6758212,0.5988339,0.076987274,0.18678102,0.41205293,0,1,0
180,9,guijiao_20_180,9,0.275,6875.0,121.00000000000004,480000.0,0.02,0.002,60.0,180.0,300.0,0.025,0.23,0.08,0.2,0.0275,5.0,2.0,1.2,0.7804605983595287,0.5552191431618227,0.6665587632815673,1.308796988579171,0.5278363467025782,0.2943128931618226,0.1471564465809225,7.467273798961916e-22,0.1471564465809,0.4974122016824001,19.48244033648001,0.78346384,0.71299434,0.07046949,0.226005,0.48698932,0,1,0
181,9,guijiao_20_180,10,0.3,7500.0,144.00000000000003,480000.0,0.02,0.002,60.0,180.0,300.0,0.025,0.23,0.08,0.2,0.0275,5.0,2.0,1.2,0.706659879548603,0.6369089673567362,0.7621836187642346,1.5575765814495914,0.6102659439560175,0.3264089673567362,0.1632044836782467,1.0497243174072344e-20,0.1632044836784894,0.4890975824173845,17.81951648347689,0.7284466,0.8359141,-0.10746748,0.26896465,0.5669494,0,1,0
182,9,guijiao_20_180,11,0.3249999999999999,8125.0,168.99999999999997,480000.0,0.02,0.002,60.0,180.0,300.0,0.025,0.23,0.08,0.2,0.0275,5.0,2.0,1.2,0.8475066443397874,0.7242140059818064,0.8635046736030352,1.8279891823957009,0.6979338410007996,0.3598077559818065,0.1799038779909052,1.9914623835959675e-20,0.1799038779909012,0.4819652172435679,16.39304344871357,0.8417727,0.9675516,-0.12577891,0.31565988,0.6518917,0,1,0
183,9,guijiao_20_180,12,0.35,8750.0,196.0,480000.0,0.02,0.002,60.0,180.0,300.0,0.025,0.23,0.08,0.2,0.0275,5.0,2.0,1.2,0.898661843360923,0.8170730504699926,0.9704936046110056,2.1200347914174995,0.7907918466694392,0.3944480504699925,0.1972240252350311,3.60287815025112e-20,0.1972240252349613,0.4757799239915147,15.15598479830294,0.96385777,1.1078812,-0.14402339,0.36609074,0.7417904,0,1,0
184,9,guijiao_20_180,13,0.375,9375.0,225.00000000000003,480000.0,0.02,0.002,60.0,180.0,300.0,0.025,0.23,0.08,0.2,0.0275,5.0,2.0,1.2,0.9627760987603188,0.9154235826070116,1.083115227331351,2.433713408514987,0.8887975928431237,0.4302673326070115,0.2151336663035852,6.256844499426554e-20,0.2151336663034263,0.4703657542492118,14.073150849842364,1.0807885,1.2422844,-0.16149592,0.42025727,0.82202715,0,1,0
185,9,guijiao_20_180,14,0.4,10000.0,256.0000000000001,480000.0,0.02,0.002,60.0,180.0,300.0,0.025,0.23,0.08,0.2,0.0275,5.0,2.0,1.2,1.1509913967727492,1.019204646631488,1.201330678800956,2.769025033688164,0.9919134838395532,0.4672046466314878,0.2336023233157758,1.0485403568952036e-19,0.233602323315712,0.4655887195860795,13.117743917215904,1.1901826,1.3680247,-0.17784218,0.47815943,0.8898653,0,1,0
186,9,guijiao_20_180,15,0.425,10625.0,288.99999999999994,480000.0,0.02,0.002,60.0,180.0,300.0,0.025,0.23,0.08,0.2,0.0275,5.0,2.0,1.2,1.2544623005756004,1.128358326146257,1.3250994996787142,3.125969666937028,1.1001058901120482,0.505202076146257,0.2526010380731285,1.7030078897980204e-19,0.2526010380731285,0.461344224802756,12.268844960551206,1.3025254,1.4971545,-0.19462904,0.53979707,0.95735735,0,1,0
187,9,guijiao_20_180,16,0.45,11250.0,324.00000000000006,480000.0,0.02,0.002,60.0,180.0,300.0,0.025,0.23,0.08,0.2,0.0275,5.0,2.0,1.2,1.341188262935919,1.2428304347479435,1.454380997332975,3.5045473082615812,1.2133445182183458,0.5442054347479437,0.2721027173738427,2.6903286103104894e-19,0.272102717374101,0.4575488280040769,11.50976560081537,1.4178576,1.6297202,-0.2118626,0.6051704,1.0245497,0,1,0
188,9,guijiao_20_180,17,0.475,11875.0,361.0,480000.0,0.02,0.002,60.0,180.0,300.0,0.025,0.23,0.08,0.2,0.0275,5.0,2.0,1.2,1.5874711168410052,1.3625707655494588,1.589135135314914,3.904757957661824,1.331601910745421,0.5841645155494589,0.2920822577747082,2.5470766655761582e-18,0.2920822577747506,0.4541366004588445,10.827320091768913,1.5361155,1.7656488,-0.22953328,0.67427945,1.0913694,0,1,0
189,9,guijiao_20_180,18,0.5,12500.0,400.00000000000006,480000.0,0.02,0.002,60.0,180.0,300.0,0.025,0.23,0.08,0.2,0.0275,5.0,2.0,1.2,1.6530265216046232,1.487533068821366,1.7293230856415187,4.326601615137754,1.4548530438729457,0.625033068821366,0.3125165344105317,1.3374012732765382e-18,0.3125165344108342,0.4510525892465199,10.210517849303985,1.6570281,1.9046288,-0.24760064,0.7471241,1.1575047,0,1,0
190,10,guijiao_10_0,0,0.05,1250.0,4.000000000000002,480000.0,0.01,0.002,60.0,120.0,240.0,0.025,0.23,0.08,0.2,0.0275,5.0,2.0,1.2,0.0617897026499427,0.0247189119782358,0.0271284146567337,0.0259455080756887,0.022372296369986,0.0176317950985162,0.0095225505517332,0.0040546222733912,0.0040546222733917,0.6207086587638792,44.14173175277584,0.017594688,0.015570767,0.0020239195,0.005647978,0.009922789,0,1,0
191,10,guijiao_10_0,1,0.075,1875.0,9.000000000000004,480000.0,0.01,0.002,60.0,120.0,240.0,0.025,0.23,0.08,0.2,0.0275,5.0,2.0,1.2,0.0748781734106174,0.0480600698281691,0.0540926263044863,0.0583773931702997,0.043011338926987,0.0315665853019587,0.0186891465719651,0.0064387193649953,0.0064387193649983,0.5476172653796397,29.523453075927947,0.039079987,0.03458499,0.0044949967,0.012707948,0.021877043,0,1,0
192,10,guijiao_10_0,2,0.1,2500.0,16.000000000000007,480000.0,0.01,0.002,60.0,120.0,240.0,0.025,0.23,0.08,0.2,0.0275,5.0,2.0,1.2,0.0810628049799575,0.0733822202427758,0.0849384061699655,0.1037820323027551,0.0691410161513775,0.0430919933494885,0.0259188088350336,0.0085865922572195,0.0085865922572353,0.5097271442960274,21.945428859205464,0.06826254,0.060412046,0.007850494,0.022591911,0.037820134,0,1,0
193,10,guijiao_10_0,3,0.125,3125.0,25.000000000000004,480000.0,0.01,0.002,60.0,120.0,240.0,0.025,0.23,0.08,0.2,0.0275,5.0,2.0,1.2,0.1153995268560947,0.1021548221126298,0.1199861997972102,0.1621594254730548,0.1005511293090516,0.0537350090375113,0.0323071161142129,0.0107139464616506,0.0107139464616477,0.4879163392761434,17.583267855228684,0.10434477,0.09237565,0.011969118,0.035299856,0.05707579,0,1,0
194,10,guijiao_10_0,4,0.15,3750.0,36.000000000000014,480000.0,0.01,0.002,60.0,120.0,240.0,0.025,0.23,0.08,0.2,0.0275,5.0,2.0,1.2,0.2225753912261617,0.1352229848183116,0.1595863587173717,0.233509572681199,0.1371060968475028,0.0644046966938665,0.0385387957451976,0.0129329504743367,0.0129329504743322,0.4736922646489864,14.73845292979729,0.14596565,0.12978035,0.0161853,0.05083179,0.07894856,0,1,0
195,10,guijiao_10_0,5,0.175,4375.0,49.0,480000.0,0.01,0.002,60.0,120.0,240.0,0.025,0.23,0.08,0.2,0.0275,5.0,2.0,1.2,0.1903546977289281,0.1729492264387989,0.2039366256949155,0.3178324739271874,0.1787098049628603,0.0754940764091425,0.0449161600981167,0.0152889581555057,0.01528895815552,0.4635932751643793,12.71865503287586,0.1913105,0.1720112,0.019299295,0.069187716,0.10282348,0,1,0
196,10,guijiao_10_0,6,0.2,5000.0,64.00000000000003,480000.0,0.01,0.002,60.0,120.0,240.0,0.025,0.23,0.08,0.2,0.0275,5.0,2.0,1.2,0.2699236716170325,0.2154821759465,0.2531417661779266,0.4151281292110205,0.2252898908777377,0.0871634166118187,0.051570961041263,0.017796227785259,0.0177962277852966,0.4559947882136078,11.198957642721552,0.23954497,0.21859412,0.02095086,0.090367645,0.12822647,0,1,0
197,10,guijiao_10_0,7,0.225,5625.0,81.00000000000004,480000.0,0.01,0.002,60.0,120.0,240.0,0.025,0.23,0.08,0.2,0.0275,5.0,2.0,1.2,0.2920288631577393,0.2628746306539331,0.3072534556561327,0.5253965385326979,0.2767895380860459,0.0994680003347511,0.0585575700191277,0.0204552151577941,0.0204552151578293,0.4500365997601545,10.007319952030912,0.290054,0.26920414,0.020849857,0.11437152,0.15483263,0,1,0
198,10,guijiao_10_0,8,0.25,6250.0,100.0,480000.0,0.01,0.002,60.0,120.0,240.0,0.025,0.23,0.08,0.2,0.0275,5.0,2.0,1.2,0.2983164243350416,0.315134953088776,0.3662926437820956,0.6486377018922194,0.3331627306225599,0.1124143980762366,0.0658935129417843,0.0232604425672345,0.0232604425672178,0.4452192837621094,9.043856752421874,0.34189022,0.323638,0.01825223,0.14119942,0.18243857,0,1,0
199,10,guijiao_10_0,9,0.275,6875.0,121.00000000000004,480000.0,0.01,0.002,60.0,120.0,240.0,0.025,0.23,0.08,0.2,0.0275,5.0,2.0,1.2,0.4310641381348468,0.3722506784201327,0.4302622392405717,0.7848516192895856,0.3943712983512891,0.1259864595293019,0.0735782232904612,0.0262041181193975,0.026204118119443,0.4412316780723684,8.24633561447368,0.39376011,0.38177365,0.011986458,0.17085129,0.21092236,0,1,0
200,10,guijiao_10_0,10,0.3,7500.0,144.00000000000003,480000.0,0.01,0.002,60.0,120.0,240.0,0.025,0.23,0.08,0.2,0.0275,5.0,2.0,1.2,0.4011676881915669,0.4341999354710929,0.499154554254413,0.9340382907247958,0.4603829719780088,0.1401579175617063,0.0816022418391233,0.0292778378612797,0.0292778378613031,0.4378689379799039,7.573787595980775,0.4443024,0.44353676,0.0007656643,0.20332716,0.24020958,0,1,0
201,10,guijiao_10_0,11,0.3249999999999999,8125.0,168.99999999999997,480000.0,0.01,0.002,60.0,120.0,240.0,0.025,0.23,0.08,0.2,0.0275,5.0,2.0,1.2,0.5062712240879639,0.50095715902515,0.5729557790497253,1.0961977161978504,0.5311700455003997,0.1548986843527964,0.0899519389954526,0.0324733726786621,0.0324733726786816,0.4349901530338275,6.9980306067654965,0.49283737,0.5088759,-0.016038524,0.23862702,0.2702489,0,1,0
202,10,guijiao_10_0,12,0.35,8750.0,196.0,480000.0,0.01,0.002,60.0,120.0,240.0,0.025,0.23,0.08,0.2,0.0275,5.0,2.0,1.2,0.5606998014882905,0.572496017231888,0.6516487505826385,1.2713298957087498,0.6067084233347195,0.1701780694071451,0.0986120126175155,0.0357830283948164,0.0357830283948131,0.4324948701603218,6.498974032064353,0.54042953,0.57774514,-0.037315585,0.27675086,0.30099428,0,1,0
203,10,guijiao_10_0,13,0.375,9375.0,225.00000000000003,480000.0,0.01,0.002,60.0,120.0,240.0,0.025,0.23,0.08,0.2,0.0275,5.0,2.0,1.2,0.5885866571643099,0.6487908860849507,0.7352146654251175,1.4594348292574937,0.6869769214215617,0.1859663817772481,0.1075668331517926,0.0391997743127021,0.0391997743127534,0.4303093299937395,6.061865998747891,0.590089,0.650086,-0.059996955,0.3176987,0.3323873,0,1,0
204,10,guijiao_10_0,14,0.4,10000.0,256.0000000000001,480000.0,0.01,0.002,60.0,120.0,240.0,0.025,0.23,0.08,0.2,0.0275,5.0,2.0,1.2,0.6958703927850395,0.7298175713612234,0.8236341592127394,1.660512516844082,0.7719567419197767,0.2022357022456788,0.1168011616578879,0.0427172702938906,0.0427172702939002,0.4283780139400006,5.675602788000106,0.645044,0.72579426,-0.080750205,0.36147058,0.36432368,0,1,0
205,10,guijiao_10_0,15,0.425,10625.0,288.99999999999994,480000.0,0.01,0.002,60.0,120.0,240.0,0.025,0.23,0.08,0.2,0.0275,5.0,2.0,1.2,0.6730650902950117,0.8155536157903935,0.9168879760485338,1.874562958468514,0.8616310700560241,0.2189601971456391,0.1263005190365642,0.0463298390545079,0.0463298390545668,0.4266582423480071,5.331648469601419,0.70412654,0.8018497,-0.0977232,0.40806633,0.39378336,0,1,0
206,10,guijiao_10_0,16,0.45,11250.0,324.00000000000006,480000.0,0.01,0.002,60.0,120.0,240.0,0.025,0.23,0.08,0.2,0.0275,5.0,2.0,1.2,0.6925673102449217,0.9059783820271272,1.0149573759220427,2.101586154130791,0.955984759109173,0.2361161858405251,0.1360513586869213,0.0500324135768811,0.0500324135767227,0.4251166042749423,5.023320854988469,0.76635134,0.87767714,-0.11132583,0.4574861,0.42019105,0,1,0
207,10,guijiao_10_0,17,0.475,11875.0,361.0,480000.0,0.01,0.002,60.0,120.0,240.0,0.025,0.23,0.08,0.2,0.0275,5.0,2.0,1.2,0.7913765809954327,1.001073022930803,1.1178243795864398,2.3415821038309117,1.0550040803727103,0.2536820873374902,0.1460411288873541,0.0538204792251913,0.0538204792249447,0.4237265283923708,4.745305678474153,0.8291544,0.95180064,-0.12264625,0.5097299,0.44207072,0,1,0
208,10,guijiao_10_0,18,0.5,12500.0,400.00000000000006,480000.0,0.01,0.002,60.0,120.0,240.0,0.025,0.23,0.08,0.2,0.0275,5.0,2.0,1.2,0.9285801456078282,1.100820383293219,1.225471897726509,2.5945508075688775,1.158676521936473,0.271638293344966,0.1562582672052658,0.0576900130698215,0.0576900130698786,0.4224665886030792,4.493317720615835,0.92630625,1.0642254,-0.13791919,0.5647977,0.49942774,0,1,0
209,11,guijiao_10_180,0,0.05,1250.0,4.000000000000002,480000.0,0.01,0.002,60.0,180.0,300.0,0.025,0.23,0.08,0.2,0.0275,5.0,2.0,1.2,0.0698059002227701,0.0276701011034669,0.0279647027296376,0.0259455080756887,0.022372296369986,0.0190451011034669,0.0095225505517332,1.5577606235468818e-22,0.0095225505517337,0.8389751951338482,87.79503902676966,0.02033507,0.017995834,0.0023392357,0.007752272,0.010243562,0,1,0
210,11,guijiao_10_180,1,0.075,1875.0,9.000000000000004,480000.0,0.01,0.002,60.0,180.0,300.0,0.025,0.23,0.08,0.2,0.0275,5.0,2.0,1.2,0.033069888199519,0.0567845431439343,0.059108325217127,0.0583773931702997,0.043011338926987,0.0373782931439343,0.0186891465719651,1.9663045294349365e-22,0.0186891465719692,0.7209258070110234,64.18516140220468,0.04538137,0.040160954,0.005220417,0.01744261,0.022718344,0,1,0
211,11,guijiao_10_180,2,0.1,2500.0,16.000000000000007,480000.0,0.01,0.002,60.0,180.0,300.0,0.025,0.23,0.08,0.2,0.0275,5.0,2.0,1.2,0.1550337753986802,0.0863376176700572,0.0938340419754187,0.1037820323027551,0.0691410161513775,0.0518376176700572,0.0259188088350336,3.962648815471398e-22,0.0259188088350236,0.6509374432479669,50.18748864959335,0.07980036,0.07062062,0.009179741,0.031009087,0.039611533,0,1,0
212,11,guijiao_10_180,3,0.125,3125.0,25.000000000000004,480000.0,0.01,0.002,60.0,180.0,300.0,0.025,0.23,0.08,0.2,0.0275,5.0,2.0,1.2,0.1742364469473599,0.1185204822284266,0.1324789075554496,0.1621594254730548,0.1005511293090516,0.0646142322284266,0.0323071161142129,3.157014867689143e-23,0.0323071161142137,0.6060657285199573,41.21314570399147,0.12307023,0.10891331,0.014156922,0.048451692,0.060461618,0,1,0
213,11,guijiao_10_180,4,0.15,3750.0,36.000000000000014,480000.0,0.01,0.002,60.0,180.0,300.0,0.025,0.23,0.08,0.2,0.0275,5.0,2.0,1.2,0.225792014708523,0.1547025914903932,0.1755450426352239,0.233509572681199,0.1371060968475028,0.0770775914903932,0.0385387957451976,5.617418470532626e-23,0.0385387957451956,0.5746968858415347,34.93937716830695,0.17468496,0.1545985,0.020086456,0.06977044,0.08482806,0,1,0
214,11,guijiao_10_180,5,0.175,4375.0,49.0,480000.0,0.01,0.002,60.0,180.0,300.0,0.025,0.23,0.08,0.2,0.0275,5.0,2.0,1.2,0.2417598373351722,0.1954885701962507,0.2233190718833063,0.3178324739271874,0.1787098049628603,0.0898323201962507,0.0449161600981167,6.843195684709817e-23,0.044916160098134,0.5514178779469232,30.28357558938464,0.23036623,0.20732266,0.02304358,0.09496532,0.11235733,0,1,0
215,11,guijiao_10_180,6,0.2,5000.0,64.00000000000003,480000.0,0.01,0.002,60.0,180.0,300.0,0.025,0.23,0.08,0.2,0.0275,5.0,2.0,1.2,0.2404013156522019,0.2411419220825061,0.2759590782438257,0.4151281292110205,0.2252898908777377,0.103141922082506,0.051570961041263,5.755372318203365e-23,0.051570961041243,0.5333973566224427,26.67947132448853,0.2631116,0.2668406,-0.0037290254,0.12403635,0.14280427,0,1,0
216,11,guijiao_10_180,7,0.225,5625.0,81.00000000000004,480000.0,0.01,0.002,60.0,180.0,300.0,0.025,0.23,0.08,0.2,0.0275,5.0,2.0,1.2,0.3506175370668659,0.2917713900382216,0.3335504047402053,0.5253965385326979,0.2767895380860459,0.1171151400382216,0.0585575700191277,5.2545480735781425e-22,0.0585575700190938,0.5190048119891868,23.800962397837367,0.31429765,0.3329991,-0.018701466,0.15698348,0.17601563,0,1,0
217,11,guijiao_10_180,8,0.25,6250.0,100.0,480000.0,0.01,0.002,60.0,180.0,300.0,0.025,0.23,0.08,0.2,0.0275,5.0,2.0,1.2,0.3476819406447603,0.3474120258835868,0.3961358372778077,0.6486377018922194,0.3331627306225599,0.1317870258835867,0.0658935129417843,1.220661632335122e-21,0.0658935129418024,0.5072302929326756,21.446058586535116,0.3676979,0.4057076,-0.038009707,0.19380677,0.21190083,0,1,0
218,11,guijiao_10_180,9,0.275,6875.0,121.00000000000004,480000.0,0.01,0.002,60.0,180.0,300.0,0.025,0.23,0.08,0.2,0.0275,5.0,2.0,1.2,0.3822405235604321,0.4080626965809114,0.4637325066407836,0.7848516192895856,0.3943712983512891,0.1471564465809113,0.0735782232904612,3.733636899480958e-22,0.07357822329045,0.4974122016824001,19.48244033648001,0.42616093,0.48491263,-0.058751702,0.2345062,0.2504064,0,1,0
219,11,guijiao_10_180,10,0.3,7500.0,144.00000000000003,480000.0,0.01,0.002,60.0,180.0,300.0,0.025,0.23,0.08,0.2,0.0275,5.0,2.0,1.2,0.5158165325351568,0.4737044836783681,0.5363418093821173,0.9340382907247956,0.4603829719780087,0.1632044836783681,0.0816022418391233,5.248621587036172e-21,0.0816022418392447,0.4890975824173845,17.81951648347689,0.4969402,0.5705819,-0.0736417,0.27908176,0.29150012,0,1,0
220,11,guijiao_10_180,11,0.3249999999999999,8125.0,168.99999999999997,480000.0,0.01,0.002,60.0,180.0,300.0,0.025,0.23,0.08,0.2,0.0275,5.0,2.0,1.2,0.4750730647217961,0.5443101279909032,0.6139554618015175,1.0961977161978504,0.5311700455003997,0.1799038779909032,0.0899519389954526,9.957311917979836e-21,0.0899519389954506,0.4819652172435679,16.39304344871357,0.57658225,0.6626953,-0.08611302,0.32753342,0.33516183,0,1,0
221,11,guijiao_10_180,12,0.35,8750.0,196.0,480000.0,0.01,0.002,60.0,180.0,300.0,0.025,0.23,0.08,0.2,0.0275,5.0,2.0,1.2,0.5916249774584501,0.6198490252349962,0.6965593023055028,1.2713298957087498,0.6067084233347195,0.1972240252349962,0.0986120126175155,1.80143907512556e-20,0.0986120126174806,0.4757799239915147,15.15598479830294,0.6622826,0.7612405,-0.098957926,0.37986127,0.38137925,0,1,0
222,11,guijiao_10_180,13,0.375,9375.0,225.00000000000003,480000.0,0.01,0.002,60.0,180.0,300.0,0.025,0.23,0.08,0.2,0.0275,5.0,2.0,1.2,0.7030402818899283,0.7002899163035058,0.7841357386656753,1.4594348292574937,0.6869769214215617,0.2151336663035057,0.1075668331517926,3.128422249713277e-20,0.1075668331517131,0.4703657542492118,14.073150849842364,0.7442198,0.8554241,-0.111204304,0.43606526,0.41935885,0,1,0
223,11,guijiao_10_180,14,0.4,10000.0,256.0000000000001,480000.0,0.01,0.002,60.0,180.0,300.0,0.025,0.23,0.08,0.2,0.0275,5.0,2.0,1.2,0.7948856231852184,0.7856023233157441,0.8766653394004781,1.660512516844082,0.7719567419197767,0.2336023233157439,0.1168011616578879,5.242701784476018e-20,0.116801161657856,0.4655887195860795,13.117743917215904,0.826447,0.94993854,-0.123491526,0.4961454,0.4537931,0,1,0
224,11,guijiao_10_180,15,0.425,10625.0,288.99999999999994,480000.0,0.01,0.002,60.0,180.0,300.0,0.025,0.23,0.08,0.2,0.0275,5.0,2.0,1.2,0.9257188710790332,0.8757572880731285,0.9741278748393573,1.874562958468514,0.8616310700560241,0.2526010380731285,0.1263005190365642,8.515039448990102e-20,0.1263005190365642,0.461344224802756,12.268844960551206,0.91189986,1.0481603,-0.13626045,0.56010157,0.4880587,0,1,0
225,11,guijiao_10_180,16,0.45,11250.0,324.00000000000006,480000.0,0.01,0.002,60.0,180.0,300.0,0.025,0.23,0.08,0.2,0.0275,5.0,2.0,1.2,1.0905781839442974,0.970727717373972,1.0765029986664876,2.101586154130791,0.955984759109173,0.2721027173739718,0.1360513586869213,1.3451643051552445e-19,0.1360513586870505,0.4575488280040769,11.50976560081537,1.000588,1.1501008,-0.14951274,0.6279339,0.5221669,0,1,0
226,11,guijiao_10_180,17,0.475,11875.0,361.0,480000.0,0.01,0.002,60.0,180.0,300.0,0.025,0.23,0.08,0.2,0.0275,5.0,2.0,1.2,1.0394068635047395,1.0704885077747297,1.183770692657457,2.3415821038309117,1.0550040803727103,0.2920822577747294,0.1460411288873541,1.2735383327880791e-18,0.1460411288873753,0.4541366004588445,10.827320091768913,1.0924566,1.2556968,-0.16324022,0.6996425,0.55605435,0,1,0
227,11,guijiao_10_180,18,0.5,12500.0,400.00000000000006,480000.0,0.01,0.002,60.0,180.0,300.0,0.025,0.23,0.08,0.2,0.0275,5.0,2.0,1.2,1.115392993223987,1.175016534410683,1.2959115428207593,2.5945508075688775,1.158676521936473,0.312516534410683,0.1562582672052658,6.687006366382691e-19,0.1562582672054171,0.4510525892465199,10.210517849303985,1.1873074,1.3647207,-0.17741333,0.77522707,0.58949363,0,1,0
