sample_index,config_index,config_name,velocity_index,U,Re,Ca,E,h,t,theta1_deg,theta2_deg,theta3_deg,D,H,L,H_soft,b,N_per_col,Cd_soft_prior,Cd_cyl_prior,F_exp,F_matlab_iter,F_matlab_pre,F_total_rigid,F_total_Ca,F_leaf_iter,Fcol_1,Fcol_2,Fcol_3,shielding_coef_matlab,angle_diff_deg_matlab
0,0,PVC_20_0,0,0.05,1250.0,0.15360000000000004,12500000.0,0.02,0.002,20.0,120.0,240.0,0.025,0.23,0.08,0.2,0.0275,5.0,2.0,1.2,0.07093784862744457,0.03363458168920886,0.03913489478363603,0.043266016151377554,0.09012111068873974,0.02622957405265238,0.0008135348621951934,0.012708019595228603,0.012708019595228586,0.9039982308571836,100.7996461714367
1,0,PVC_20_0,1,0.07500000000000001,1875.0,0.34560000000000013,12500000.0,0.02,0.002,20.0,120.0,240.0,0.025,0.23,0.08,0.2,0.0275,5.0,2.0,1.2,0.17443149382711456,0.0743877496643835,0.08714362946431617,0.0973485363405995,0.1593408879271548,0.057521507099168596,0.001869760220485545,0.02782587343934151,0.027825873439341543,0.9087177823789735,101.7435564757947
2,0,PVC_20_0,2,0.1,2500.0,0.6144000000000002,12500000.0,0.02,0.002,20.0,120.0,240.0,0.025,0.23,0.08,0.2,0.0275,5.0,2.0,1.2,0.1479500413426891,0.1291707719098964,0.15272539363043738,0.17306406460551021,0.2398573306826115,0.09872965950676937,0.003428105932131184,0.04765077678731898,0.04765077678731921,0.9148201168894032,102.96402337788064
3,0,PVC_20_0,3,0.125,3125.0,0.9600000000000001,12500000.0,0.02,0.002,20.0,120.0,240.0,0.025,0.23,0.08,0.2,0.0275,5.0,2.0,1.2,0.20464741146569665,0.19603717210976968,0.23442877910579157,0.27041260094610964,0.3304243481718545,0.14768439033831104,0.005584338421375887,0.07105002595846813,0.07105002595846702,0.9218372104214625,104.36744208429249
4,0,PVC_20_0,4,0.15000000000000002,3750.0,1.3824000000000005,12500000.0,0.02,0.002,20.0,120.0,240.0,0.025,0.23,0.08,0.2,0.0275,5.0,2.0,1.2,0.27024668268378355,0.27295162635199677,0.33067877328273865,0.389394145362398,0.4302381918676797,0.2021811525181284,0.008491037751616746,0.09684505738325472,0.09684505738325694,0.9292217243570261,105.84434487140523
5,0,PVC_20_0,5,0.175,4375.0,1.8816,12500000.0,0.02,0.002,20.0,120.0,240.0,0.025,0.23,0.08,0.2,0.0275,5.0,2.0,1.2,0.3938428466725199,0.35808349319024624,0.44000512251048046,0.5300086978543749,0.5387290841943244,0.2603143559245964,0.012395291803479454,0.12395953206055788,0.12395953206055904,0.9363734873531385,107.2746974706277
6,0,PVC_20_0,6,0.2,5000.0,2.4576000000000007,12500000.0,0.02,0.002,20.0,120.0,240.0,0.025,0.23,0.08,0.2,0.0275,5.0,2.0,1.2,0.43085382840239816,0.45006985578536673,0.5612945763728885,0.6922562584220409,0.6554680473544892,0.32076194774784295,0.01771606151737394,0.15152294311523476,0.15152294311523426,0.9426351430102187,108.52702860204374
7,0,PVC_20_0,7,0.22500000000000003,5625.0,3.110400000000001,12500000.0,0.02,0.002,20.0,120.0,240.0,0.025,0.23,0.08,0.2,0.0275,5.0,2.0,1.2,0.618007323909936,0.5482565351214791,0.6940913106532945,0.8761368270653956,0.7801182642646856,0.383043866414543,0.025219960371832426,0.17891195302134952,0.17891195302136106,0.9472165993742345,109.4433198748469
8,0,PVC_20_0,8,0.25,6250.0,3.8400000000000003,12500000.0,0.02,0.002,20.0,120.0,240.0,0.025,0.23,0.08,0.2,0.0275,5.0,2.0,1.2,0.8448036358001367,0.6530832629063898,0.8391246520847244,1.0816504037844386,0.912406945127233,0.4479606099439089,0.03648537016573306,0.20573761988908829,0.20573761988908756,0.9489527144176125,109.7905428835225
9,0,PVC_20_0,9,0.275,6875.0,4.646400000000001,12500000.0,0.02,0.002,20.0,120.0,240.0,0.025,0.23,0.08,0.2,0.0275,5.0,2.0,1.2,1.050018073869392,0.7673264976503289,0.9998211177909846,1.308796988579171,1.0521078114402376,0.519046208114782,0.05544403424345191,0.2318010869356668,0.2318010869356632,0.945531055823059,109.10621116461179
10,0,PVC_20_0,10,0.3,7500.0,5.529600000000001,12500000.0,0.02,0.002,20.0,120.0,240.0,0.025,0.23,0.08,0.2,0.0275,5.0,2.0,1.2,1.2444380169698588,0.9026069207730054,1.1891800626405722,1.5575765814495917,1.1990295658094186,0.6100714226361499,0.09599050907111661,0.25704045678252413,0.25704045678250914,0.9301102165471802,106.02204330943604
11,0,PVC_20_0,11,0.32499999999999996,8125.0,6.4895999999999985,12500000.0,0.02,0.002,20.0,120.0,240.0,0.025,0.23,0.08,0.2,0.0275,5.0,2.0,1.2,1.3540567027639763,1.1405386357224132,1.4811381544484834,1.8279891823957009,1.3530079627445366,0.8130401085129485,0.2500753156555241,0.28148239642870604,0.2814823964287184,0.8688808847061124,93.77617694122247
12,0,PVC_20_0,12,0.35,8750.0,7.5264,12500000.0,0.02,0.002,20.0,120.0,240.0,0.025,0.23,0.08,0.2,0.0275,5.0,2.0,1.2,1.6986725389127457,1.5387027233432224,1.8792652989066156,2.1200347914174995,1.513900159878123,1.1837963095096418,0.5733868476514815,0.30520473092908035,0.30520473092908,0.7781207848244164,75.62415696488327
13,0,PVC_20_0,13,0.375,9375.0,8.64,12500000.0,0.02,0.002,20.0,120.0,240.0,0.025,0.23,0.08,0.2,0.0275,5.0,2.0,1.2,1.9440239308891698,1.8784986299858724,2.218864407227224,2.433713408514987,1.6815805748117367,1.4829164037630016,0.8262952900029443,0.3283105568799629,0.32831055688009436,0.7271667879693575,65.4333575938715
14,0,PVC_20_0,14,0.4,10000.0,9.830400000000003,12500000.0,0.02,0.002,20.0,120.0,240.0,0.025,0.23,0.08,0.2,0.0275,5.0,2.0,1.2,2.1254226965158165,2.1792223708384255,2.533271176640807,2.7690250336881634,1.855937771019836,1.7349242743145379,1.0331017479700935,0.35091126317225096,0.3509112631721936,0.693079377098121,58.615875419624174
15,0,PVC_20_0,15,0.425,10625.0,11.097599999999998,12500000.0,0.02,0.002,20.0,120.0,240.0,0.025,0.23,0.08,0.2,0.0275,5.0,2.0,1.2,2.394437916897374,2.4571814564631116,2.836798146914093,3.125969666937028,2.036872067911241,1.9580473903396296,1.2118145922726373,0.3731163990334541,0.3731163990335383,0.6676045754145521,53.520915082910406
16,0,PVC_20_0,16,0.45,11250.0,12.441600000000001,12500000.0,0.02,0.002,20.0,120.0,240.0,0.025,0.23,0.08,0.2,0.0275,5.0,2.0,1.2,2.681726953036037,2.720351210932834,3.1352287484878962,3.5045473082615812,2.2242936733676544,2.161005722389012,1.3709491462400663,0.3950282880743168,0.3950282880746289,0.647418892112417,49.4837784224834
17,0,PVC_20_0,17,0.475,11875.0,13.862400000000001,12500000.0,0.02,0.002,20.0,120.0,240.0,0.025,0.23,0.08,0.2,0.0275,5.0,2.0,1.2,2.967823368030025,2.9734576020266053,3.431520520289392,3.9047579576618237,2.4181212014819526,2.3488995763431024,1.515420936791077,0.4167393197758759,0.4167393197761493,0.630828633114732,46.16572662294641
18,0,PVC_20_0,18,0.5,12500.0,15.360000000000001,12500000.0,0.02,0.002,20.0,120.0,240.0,0.025,0.23,0.08,0.2,0.0275,5.0,2.0,1.2,3.0878709034320053,3.219661225143292,3.7274316129308325,4.326601615137754,2.618280479704991,2.5251110876487735,1.6484486463924508,0.4383312206279778,0.4383312206283445,0.6168425733743841,43.36851467487682
19,1,PVC_20_180,0,0.05,1250.0,0.15360000000000004,12500000.0,0.02,0.002,60.0,180.0,300.0,0.025,0.23,0.08,0.2,0.0275,5.0,2.0,1.2,0.30792153391171007,0.035186788986880636,0.03907039041924908,0.04326601615137756,0.09012111068873976,0.026561788986880636,0.013280894493440321,1.301774735235718e-22,0.013280894493440314,0.9950531921969868,119.01063843939738
20,1,PVC_20_180,1,0.07500000000000001,1875.0,0.34560000000000013,12500000.0,0.02,0.002,60.0,180.0,300.0,0.025,0.23,0.08,0.2,0.0275,5.0,2.0,1.2,0.17357100146872287,0.08085234074625322,0.0891856449244258,0.0973485363405995,0.1593408879271548,0.06144609074625321,0.030723045373126597,2.828999327966679e-22,0.030723045373126614,0.9886113001012865,117.7222600202573
21,1,PVC_20_180,2,0.1,2500.0,0.6144000000000002,12500000.0,0.02,0.002,60.0,180.0,300.0,0.025,0.23,0.08,0.2,0.0275,5.0,2.0,1.2,0.3431977175664898,0.14806108313391717,0.16179451064191794,0.17306406460551024,0.23985733068261156,0.11356108313391716,0.05678054156695858,4.807653904573005e-22,0.05678054156695859,0.9791058358533394,115.82116717066789
22,1,PVC_20_180,3,0.125,3125.0,0.9600000000000001,12500000.0,0.02,0.002,60.0,180.0,300.0,0.025,0.23,0.08,0.2,0.0275,5.0,2.0,1.2,0.31932195859829093,0.2402862407852709,0.25940008988559304,0.27041260094610964,0.3304243481718545,0.1863799907852709,0.09318999539263585,7.104417629325784e-22,0.09318999539263503,0.9660651174892294,113.2130234978459
23,1,PVC_20_180,4,0.15000000000000002,3750.0,1.3824000000000005,12500000.0,0.02,0.002,60.0,180.0,300.0,0.025,0.23,0.08,0.2,0.0275,5.0,2.0,1.2,0.31083568123944266,0.3618559359487703,0.38500112941278963,0.389394145362398,0.4302381918676797,0.28423093594877025,0.14211546797438637,3.0935382519350277e-21,0.1421154679743839,0.948983647120999,109.79672942419981
24,1,PVC_20_180,5,0.175,4375.0,1.8816,12500000.0,0.02,0.002,60.0,180.0,300.0,0.025,0.23,0.08,0.2,0.0275,5.0,2.0,1.2,0.5591400401125988,0.5168144052291231,0.5412445867769947,0.5300086978543749,0.5387290841943244,0.4111581552291232,0.2055790776145593,4.078542732778526e-21,0.2055790776145639,0.9275635094853105,105.51270189706212
25,1,PVC_20_180,6,0.2,5000.0,2.4576000000000007,12500000.0,0.02,0.002,60.0,180.0,300.0,0.025,0.23,0.08,0.2,0.0275,5.0,2.0,1.2,0.606210294373831,0.706365382071644,0.7287228697985488,0.692256258422041,0.6554680473544893,0.568365382071644,0.28418269103581517,5.143182093007906e-21,0.2841826910358288,0.9021280359972086,100.42560719944171
26,1,PVC_20_180,7,0.22500000000000003,5625.0,3.110400000000001,12500000.0,0.02,0.002,60.0,180.0,300.0,0.025,0.23,0.08,0.2,0.0275,5.0,2.0,1.2,0.8631705238791982,0.9260020804823058,0.9442373882621727,0.8761368270653956,0.7801182642646856,0.7513458304823057,0.37567291524117874,6.2701980261872035e-21,0.375672915241127,0.8739357996228629,94.78715992457258
27,1,PVC_20_180,8,0.25,6250.0,3.8400000000000003,12500000.0,0.02,0.002,60.0,180.0,300.0,0.025,0.23,0.08,0.2,0.0275,5.0,2.0,1.2,1.05731216454787,1.1656916695587933,1.1810948392670035,1.0816504037844386,0.912406945127233,0.9500666695587934,0.47503333477942666,2.2009042811635357e-21,0.4750333347793667,0.8448962855708713,88.97925711417425
28,1,PVC_20_180,9,0.275,6875.0,4.646400000000001,12500000.0,0.02,0.002,60.0,180.0,300.0,0.025,0.23,0.08,0.2,0.0275,5.0,2.0,1.2,1.2427418871352138,1.414135872179956,1.4318194133462692,1.308796988579171,1.0521078114402376,1.1532296221799558,0.5766148110900617,2.6106018494419884e-21,0.5766148110898941,0.8167735638933007,83.35471277866012
29,1,PVC_20_180,10,0.3,7500.0,5.529600000000001,12500000.0,0.02,0.002,60.0,180.0,300.0,0.025,0.23,0.08,0.2,0.0275,5.0,2.0,1.2,1.5060391451982262,1.6629531982427124,1.6906583483070408,1.5575765814495914,1.1990295658094183,1.3524531982427124,0.6762265991215327,3.0584044944453075e-21,0.6762265991211797,0.790643891271539,78.12877825430779
30,1,PVC_20_180,11,0.32499999999999996,8125.0,6.4895999999999985,12500000.0,0.02,0.002,60.0,180.0,300.0,0.025,0.23,0.08,0.2,0.0275,5.0,2.0,1.2,1.597334669758122,1.9077188966832375,1.954181214281438,1.8279891823957009,1.3530079627445366,1.5433126466832374,0.77165632334145,3.543883096745525e-21,0.7716563233417875,0.7669125914078441,73.38251828156882
31,1,PVC_20_180,12,0.35,8750.0,7.5264,12500000.0,0.02,0.002,60.0,180.0,300.0,0.025,0.23,0.08,0.2,0.0275,5.0,2.0,1.2,1.9695085277645923,2.146944377451057,2.2207044784750627,2.1200347914174995,1.513900159878123,1.724319377451057,0.8621596887255584,1.1680538094411012e-22,0.8621596887254985,0.7455744570679468,69.11489141358936
32,1,PVC_20_180,13,0.375,9375.0,8.64,12500000.0,0.02,0.002,60.0,180.0,300.0,0.025,0.23,0.08,0.2,0.0275,5.0,2.0,1.2,2.290629248426143,2.380785744202374,2.489574701911814,2.433713408514987,1.6815805748117367,1.8956294942023737,0.9478147471011195,1.0756809847823296e-22,0.9478147471012542,0.7264378897460444,65.28757794920887
33,1,PVC_20_180,14,0.4,10000.0,9.830400000000003,12500000.0,0.02,0.002,60.0,180.0,300.0,0.025,0.23,0.08,0.2,0.0275,5.0,2.0,1.2,2.650298939633086,2.610154161210464,2.7606744268518537,2.769025033688164,1.8559377710198364,2.058154161210464,1.0290770806050962,9.475226346598771e-23,1.029077080605368,0.7092531153909278,61.85062307818556
34,1,PVC_20_180,15,0.425,10625.0,11.097599999999998,12500000.0,0.02,0.002,60.0,180.0,300.0,0.025,0.23,0.08,0.2,0.0275,5.0,2.0,1.2,2.8269872028005274,2.836223857463311,3.034142107844662,3.125969666937028,2.036872067911241,2.213067607463311,1.106533803731741,8.7516926624977e-23,1.10653380373157,0.6937710769750265,58.7542153950053
35,1,PVC_20_180,16,0.45,11250.0,12.441600000000001,12500000.0,0.02,0.002,60.0,180.0,300.0,0.025,0.23,0.08,0.2,0.0275,5.0,2.0,1.2,3.219596979060391,3.0601911922584026,3.3102261711727206,3.5045473082615812,2.2242936733676544,2.361566192258403,1.1807830961293202,1.4413170816828388e-23,1.1807830961290828,0.6797663179107134,55.95326358214267
36,1,PVC_20_180,17,0.475,11875.0,13.862400000000001,12500000.0,0.02,0.002,60.0,180.0,300.0,0.025,0.23,0.08,0.2,0.0275,5.0,2.0,1.2,3.6433434769649793,3.2831688450715752,3.5892119641871263,3.9047579576618237,2.4181212014819526,2.5047625950715755,1.252381297535874,2.1791887280573307e-23,1.2523812975357016,0.6670430368350557,53.40860736701114
37,1,PVC_20_180,18,0.5,12500.0,15.360000000000001,12500000.0,0.02,0.002,60.0,180.0,300.0,0.025,0.23,0.08,0.2,0.0275,5.0,2.0,1.2,4.037886845944374,3.50614737980613,3.871386302827002,4.326601615137754,2.618280479704991,2.64364737980613,1.321823689903051,7.380154456745868e-22,1.3218236899030793,0.6554343383492289,51.08686766984579
38,2,PVC_10_0,0,0.05,1250.0,0.15360000000000004,12500000.0,0.01,0.002,20.0,120.0,240.0,0.025,0.23,0.08,0.2,0.0275,5.0,2.0,1.2,0.004296654064930295,0.02112979084460443,0.023879947391818014,0.02594550807568878,0.04937305534436987,0.01311478702632619,0.0004067674310975967,0.006354009797614302,0.006354009797614293,0.9039982308571836,100.7996461714367
39,2,PVC_10_0,1,0.07500000000000001,1875.0,0.34560000000000013,12500000.0,0.01,0.002,20.0,120.0,240.0,0.025,0.23,0.08,0.2,0.0275,5.0,2.0,1.2,0.004442573738018042,0.04689699983219175,0.053274939732158084,0.05837739317029976,0.08937356896357741,0.028760753549584298,0.0009348801102427725,0.013912936719670754,0.013912936719670772,0.9087177823789735,101.7435564757947
40,2,PVC_10_0,2,0.1,2500.0,0.6144000000000002,12500000.0,0.01,0.002,20.0,120.0,240.0,0.025,0.23,0.08,0.2,0.0275,5.0,2.0,1.2,0.11792551436290921,0.08183538595494821,0.0936126968152187,0.10378203230275512,0.13717866534130577,0.04936482975338469,0.001714052966065592,0.02382538839365949,0.023825388393659604,0.9148201168894032,102.96402337788064
41,2,PVC_10_0,3,0.125,3125.0,0.9600000000000001,12500000.0,0.01,0.002,20.0,120.0,240.0,0.025,0.23,0.08,0.2,0.0275,5.0,2.0,1.2,0.33977468003754296,0.12497171105488483,0.14416751455289578,0.16215942547305484,0.19216529908592728,0.07384219516915552,0.0027921692106879434,0.035525012979234064,0.03552501297923351,0.9218372104214625,104.36744208429249
42,2,PVC_10_0,4,0.15000000000000002,3750.0,1.3824000000000005,12500000.0,0.01,0.002,20.0,120.0,240.0,0.025,0.23,0.08,0.2,0.0275,5.0,2.0,1.2,0.16250542908403537,0.1752883131759984,0.20415188664136932,0.23350957268119904,0.2539315959338399,0.1010905762590642,0.004245518875808373,0.04842252869162736,0.04842252869162847,0.9292217243570261,105.84434487140523
43,2,PVC_10_0,5,0.175,4375.0,1.8816,12500000.0,0.01,0.002,20.0,120.0,240.0,0.025,0.23,0.08,0.2,0.0275,5.0,2.0,1.2,0.1731316697620997,0.23186987159512312,0.2728306862552402,0.31783247392718744,0.3221926670971622,0.1301571779622982,0.006197645901739727,0.06197976603027894,0.06197976603027952,0.9363734873531385,107.2746974706277
44,2,PVC_10_0,6,0.2,5000.0,2.4576000000000007,12500000.0,0.01,0.002,20.0,120.0,240.0,0.025,0.23,0.08,0.2,0.0275,5.0,2.0,1.2,0.32816480162780337,0.2940349278926834,0.3496472881864443,0.4151281292110205,0.39673402367724464,0.16038097387392147,0.00885803075868697,0.07576147155761738,0.07576147155761713,0.9426351430102187,108.52702860204374
45,2,PVC_10_0,7,0.22500000000000003,5625.0,3.110400000000001,12500000.0,0.01,0.002,20.0,120.0,240.0,0.025,0.23,0.08,0.2,0.0275,5.0,2.0,1.2,0.47488796818161216,0.3614563925607396,0.4343737803266473,0.5253965385326979,0.4773872571323428,0.1915219332072715,0.012609980185916213,0.08945597651067476,0.08945597651068053,0.9472165993742345,109.4433198748469
46,2,PVC_10_0,8,0.25,6250.0,3.8400000000000003,12500000.0,0.01,0.002,20.0,120.0,240.0,0.025,0.23,0.08,0.2,0.0275,5.0,2.0,1.2,0.5574852671189098,0.43435413145319496,0.5273748260423623,0.6486377018922194,0.5640159725636166,0.22398030497195445,0.01824268508286653,0.10286880994454414,0.10286880994454378,0.9489527144176125,109.7905428835225
47,2,PVC_10_0,9,0.275,6875.0,4.646400000000001,12500000.0,0.01,0.002,20.0,120.0,240.0,0.025,0.23,0.08,0.2,0.0275,5.0,2.0,1.2,0.5972995953096499,0.5141163738251644,0.6303636838954922,0.7848516192895856,0.6565070307201188,0.259523104057391,0.027722017121725954,0.1159005434678334,0.1159005434678316,0.945531055823059,109.10621116461179
48,2,PVC_10_0,10,0.3,7500.0,5.529600000000001,12500000.0,0.01,0.002,20.0,120.0,240.0,0.025,0.23,0.08,0.2,0.0275,5.0,2.0,1.2,0.7768981463500139,0.6065534603865027,0.7498400313202861,0.9340382907247958,0.7547647829047093,0.30503571131807494,0.04799525453555831,0.12852022839126206,0.12852022839125457,0.9301102165471802,106.02204330943604
49,2,PVC_10_0,11,0.32499999999999996,8125.0,6.4895999999999985,12500000.0,0.01,0.002,20.0,120.0,240.0,0.025,0.23,0.08,0.2,0.0275,5.0,2.0,1.2,0.9824646024422949,0.7524724428612066,0.9227722022242417,1.0961977161978504,0.8587071063722683,0.40652005425647425,0.12503765782776205,0.14074119821435302,0.1407411982143592,0.8688808847061124,93.77617694122247
50,2,PVC_10_0,12,0.35,8750.0,7.5264,12500000.0,0.01,0.002,20.0,120.0,240.0,0.025,0.23,0.08,0.2,0.0275,5.0,2.0,1.2,1.096636164075445,0.9806638616716112,1.1509451494533078,1.2713298957087498,0.9682625799390614,0.5918981547548209,0.28669342382574076,0.15260236546454017,0.15260236546454,0.7781207848244164,75.62415696488327
51,2,PVC_10_0,13,0.375,9375.0,8.64,12500000.0,0.01,0.002,20.0,120.0,240.0,0.025,0.23,0.08,0.2,0.0275,5.0,2.0,1.2,1.2108826384116291,1.1818274399929363,1.3520103286136118,1.4594348292574935,1.0833684124058682,0.7414582018815008,0.41314764500147216,0.16415527843998146,0.16415527844004718,0.7271667879693575,65.4333575938715
52,2,PVC_10_0,14,0.4,10000.0,9.830400000000003,12500000.0,0.01,0.002,20.0,120.0,240.0,0.025,0.23,0.08,0.2,0.0275,5.0,2.0,1.2,1.3690028072641989,1.3656111854192128,1.5426355883204035,1.660512516844082,1.203968885509918,0.8674621371572689,0.5165508739850467,0.17545563158612548,0.1754556315860968,0.693079377098121,58.615875419624174
53,2,PVC_10_0,15,0.425,10625.0,11.097599999999998,12500000.0,0.01,0.002,20.0,120.0,240.0,0.025,0.23,0.08,0.2,0.0275,5.0,2.0,1.2,1.6664570121787143,1.5401688532315556,1.7299771984570462,1.874562958468514,1.3300141589556205,0.9790236951698148,0.6059072961363187,0.18655819951672706,0.18655819951676916,0.6676045754145521,53.520915082910406
54,2,PVC_10_0,16,0.45,11250.0,12.441600000000001,12500000.0,0.01,0.002,20.0,120.0,240.0,0.025,0.23,0.08,0.2,0.0275,5.0,2.0,1.2,1.7020379401606682,1.709488105466417,1.916926874243948,2.101586154130791,1.461459336683827,1.080502861194506,0.6854745731200331,0.1975141440371584,0.19751414403731446,0.647418892112417,49.4837784224834
55,2,PVC_10_0,17,0.475,11875.0,13.862400000000001,12500000.0,0.01,0.002,20.0,120.0,240.0,0.025,0.23,0.08,0.2,0.0275,5.0,2.0,1.2,1.9143138489059408,1.8759319260133027,2.1049633851446963,2.3415821038309117,1.5982637257409764,1.1744497881715512,0.7577104683955385,0.20836965988793796,0.20836965988807465,0.630828633114732,46.16572662294641
56,2,PVC_10_0,18,0.5,12500.0,15.360000000000001,12500000.0,0.01,0.002,20.0,120.0,240.0,0.025,0.23,0.08,0.2,0.0275,5.0,2.0,1.2,2.087332105993255,2.041080612571646,2.294965806465416,2.5945508075688775,1.7403902398524953,1.2625555438243867,0.8242243231962254,0.2191656103139889,0.21916561031417225,0.6168425733743841,43.36851467487682
57,3,PVC_10_180,0,0.05,1250.0,0.15360000000000004,12500000.0,0.01,0.002,60.0,180.0,300.0,0.025,0.23,0.08,0.2,0.0275,5.0,2.0,1.2,0.17615228421567508,0.02190589449344032,0.023847695209624542,0.02594550807568878,0.04937305534436987,0.013280894493440318,0.006640447246720161,6.50887367617859e-23,0.006640447246720157,0.9950531921969868,119.01063843939738
58,3,PVC_10_180,1,0.07500000000000001,1875.0,0.34560000000000013,12500000.0,0.01,0.002,60.0,180.0,300.0,0.025,0.23,0.08,0.2,0.0275,5.0,2.0,1.2,0.17493813621948112,0.05012929537312661,0.0542959474622129,0.05837739317029975,0.0893735689635774,0.030723045373126603,0.015361522686563298,1.4144996639833395e-22,0.015361522686563307,0.9886113001012865,117.7222600202573
59,3,PVC_10_180,2,0.1,2500.0,0.6144000000000002,12500000.0,0.01,0.002,60.0,180.0,300.0,0.025,0.23,0.08,0.2,0.0275,5.0,2.0,1.2,0.10751472512446728,0.09128054156695858,0.09814725532095897,0.10378203230275512,0.13717866534130577,0.05678054156695858,0.02839027078347929,2.4038269522865027e-22,0.028390270783479294,0.9791058358533394,115.82116717066789
60,3,PVC_10_180,3,0.125,3125.0,0.9600000000000001,12500000.0,0.01,0.002,60.0,180.0,300.0,0.025,0.23,0.08,0.2,0.0275,5.0,2.0,1.2,0.19839377139112457,0.14709624539263544,0.15665316994279654,0.16215942547305484,0.19216529908592728,0.09318999539263545,0.046594997696317926,3.552208814662892e-22,0.04659499769631752,0.9660651174892294,113.2130234978459
61,3,PVC_10_180,4,0.15000000000000002,3750.0,1.3824000000000005,12500000.0,0.01,0.002,60.0,180.0,300.0,0.025,0.23,0.08,0.2,0.0275,5.0,2.0,1.2,0.2763685593624601,0.21974046797438515,0.23131306470639482,0.233509572681199,0.25393159593383985,0.14211546797438512,0.07105773398719319,1.5467691259675138e-21,0.07105773398719195,0.948983647120999,109.79672942419981
62,3,PVC_10_180,5,0.175,4375.0,1.8816,12500000.0,0.01,0.002,60.0,180.0,300.0,0.025,0.23,0.08,0.2,0.0275,5.0,2.0,1.2,0.3855059894128523,0.3112353276145616,0.32345041838849736,0.31783247392718744,0.3221926670971622,0.2055790776145616,0.10278953880727965,2.039271366389263e-21,0.10278953880728195,0.9275635094853105,105.51270189706212
63,3,PVC_10_180,6,0.2,5000.0,2.4576000000000007,12500000.0,0.01,0.002,60.0,180.0,300.0,0.025,0.23,0.08,0.2,0.0275,5.0,2.0,1.2,0.472907608065416,0.42218269103582207,0.4333614348992745,0.4151281292110205,0.39673402367724464,0.284182691035822,0.14209134551790759,2.571591046503953e-21,0.1420913455179144,0.9021280359972086,100.42560719944171
64,3,PVC_10_180,7,0.22500000000000003,5625.0,3.110400000000001,12500000.0,0.01,0.002,60.0,180.0,300.0,0.025,0.23,0.08,0.2,0.0275,5.0,2.0,1.2,0.5852380034751905,0.5503291652411529,0.5594468191310864,0.5253965385326979,0.4773872571323428,0.37567291524115287,0.18783645762058937,3.1350990130936018e-21,0.1878364576205635,0.8739357996228629,94.78715992457258
65,3,PVC_10_180,8,0.25,6250.0,3.8400000000000003,12500000.0,0.01,0.002,60.0,180.0,300.0,0.025,0.23,0.08,0.2,0.0275,5.0,2.0,1.2,0.6845232810763484,0.6906583347793966,0.6983599196335017,0.6486377018922194,0.5640159725636166,0.4750333347793967,0.23751666738971333,1.1004521405817678e-21,0.23751666738968336,0.8448962855708713,88.97925711417425
66,3,PVC_10_180,9,0.275,6875.0,4.646400000000001,12500000.0,0.01,0.002,60.0,180.0,300.0,0.025,0.23,0.08,0.2,0.0275,5.0,2.0,1.2,0.8764917513892456,0.8375210610899779,0.8463628316731346,0.7848516192895856,0.6565070307201188,0.5766148110899779,0.28830740554503087,1.3053009247209942e-21,0.28830740554494705,0.8167735638933007,83.35471277866012
67,3,PVC_10_180,10,0.3,7500.0,5.529600000000001,12500000.0,0.01,0.002,60.0,180.0,300.0,0.025,0.23,0.08,0.2,0.0275,5.0,2.0,1.2,0.9029657104791227,0.9867265991213562,1.0005791741535204,0.9340382907247957,0.7547647829047092,0.6762265991213562,0.33811329956076636,1.5292022472226538e-21,0.33811329956058983,0.790643891271539,78.12877825430779
68,3,PVC_10_180,11,0.32499999999999996,8125.0,6.4895999999999985,12500000.0,0.01,0.002,60.0,180.0,300.0,0.025,0.23,0.08,0.2,0.0275,5.0,2.0,1.2,1.0138746610493636,1.1360625733416185,1.159293732140719,1.0961977161978504,0.8587071063722683,0.7716563233416187,0.385828161670725,1.7719415483727624e-21,0.38582816167089373,0.7669125914078441,73.38251828156882
69,3,PVC_10_180,12,0.35,8750.0,7.5264,12500000.0,0.01,0.002,60.0,180.0,300.0,0.025,0.23,0.08,0.2,0.0275,5.0,2.0,1.2,1.3139471014006894,1.2847846887255285,1.3216647392375314,1.2713298957087498,0.9682625799390614,0.8621596887255285,0.4310798443627792,5.840269047205506e-23,0.43107984436274926,0.7455744570679468,69.11489141358936
70,3,PVC_10_180,13,0.375,9375.0,8.64,12500000.0,0.01,0.002,60.0,180.0,300.0,0.025,0.23,0.08,0.2,0.0275,5.0,2.0,1.2,1.5928974305404147,1.4329709971011868,1.487365475955907,1.4594348292574935,1.0833684124058682,0.9478147471011868,0.47390737355055973,5.378404923911648e-23,0.4739073735506271,0.7264378897460444,65.28757794920887
71,3,PVC_10_180,14,0.4,10000.0,9.830400000000003,12500000.0,0.01,0.002,60.0,180.0,300.0,0.025,0.23,0.08,0.2,0.0275,5.0,2.0,1.2,1.7449835863714647,1.5810770806052323,1.6563372134259269,1.660512516844082,1.203968885509918,1.029077080605232,0.5145385403025481,4.737613173299386e-23,0.514538540302684,0.7092531153909278,61.85062307818556
72,3,PVC_10_180,15,0.425,10625.0,11.097599999999998,12500000.0,0.01,0.002,60.0,180.0,300.0,0.025,0.23,0.08,0.2,0.0275,5.0,2.0,1.2,1.9275761164444596,1.7296900537316553,1.8286491789223311,1.874562958468514,1.3300141589556205,1.1065338037316554,0.5532669018658705,4.37584633124885e-23,0.553266901865785,0.6937710769750265,58.7542153950053
73,3,PVC_10_180,16,0.45,11250.0,12.441600000000001,12500000.0,0.01,0.002,60.0,180.0,300.0,0.025,0.23,0.08,0.2,0.0275,5.0,2.0,1.2,2.2017435964795204,1.8794080961292015,2.00442558558636,2.101586154130791,1.461459336683827,1.1807830961292014,0.5903915480646601,7.206585408414194e-24,0.5903915480645414,0.6797663179107134,55.95326358214267
74,3,PVC_10_180,17,0.475,11875.0,13.862400000000001,12500000.0,0.01,0.002,60.0,180.0,300.0,0.025,0.23,0.08,0.2,0.0275,5.0,2.0,1.2,2.4811915824778445,2.0307875475357875,2.1838091070935635,2.3415821038309117,1.5982637257409764,1.2523812975357878,0.626190648767937,1.0895943640286654e-23,0.6261906487678508,0.6670430368350557,53.40860736701114
75,3,PVC_10_180,18,0.5,12500.0,15.360000000000001,12500000.0,0.01,0.002,60.0,180.0,300.0,0.025,0.23,0.08,0.2,0.0275,5.0,2.0,1.2,2.58728394938047,2.1843236899030654,2.3669431514135013,2.5945508075688775,1.7403902398524953,1.321823689903065,0.6609118449515256,3.690077228372934e-22,0.6609118449515397,0.6554343383492289,51.08686766984579
76,4,Rguijiao_20_0,0,0.05,1250.0,0.5408450704225354,3550000.0,0.02,0.002,20.0,120.0,240.0,0.025,0.23,0.08,0.2,0.0275,5.0,2.0,1.2,0.07938564947240324,0.032498911557435596,0.03832949155163034,0.043266016151377554,0.06219352188111636,0.024918400489793005,0.0008497143564129386,0.012034343066690042,0.012034343066690026,0.9132076485962529,102.64152971925058
77,4,Rguijiao_20_0,1,0.07500000000000001,1875.0,1.2169014084507046,3550000.0,0.02,0.002,20.0,120.0,240.0,0.025,0.23,0.08,0.2,0.0275,5.0,2.0,1.2,0.06598012096635843,0.06912527011147487,0.0833284839964337,0.0973485363405995,0.11138722492476556,0.05153719738604319,0.0020769807445777462,0.024730108320732892,0.02473010832073255,0.9264792029623253,105.29584059246507
78,4,Rguijiao_20_0,2,0.1,2500.0,2.1633802816901415,3550000.0,0.02,0.002,20.0,120.0,240.0,0.025,0.23,0.08,0.2,0.0275,5.0,2.0,1.2,0.13217772388571092,0.11468496826310443,0.1419757083265941,0.17306406460551021,0.16948421665954522,0.0825465076785798,0.004223970204987777,0.039161268736796304,0.039161268736795714,0.9396970657067488,107.93941314134977
79,4,Rguijiao_20_0,3,0.125,3125.0,3.3802816901408455,3550000.0,0.02,0.002,20.0,120.0,240.0,0.025,0.23,0.08,0.2,0.0275,5.0,2.0,1.2,0.19640157065162356,0.16684309875471687,0.2124315438724652,0.27041260094610964,0.23566542436131488,0.11571541553858374,0.008221819827152893,0.053746797855711945,0.0537467978557189,0.9483026543957803,109.66053087915606
80,4,Rguijiao_20_0,4,0.15000000000000002,3750.0,4.867605633802818,3550000.0,0.02,0.002,20.0,120.0,240.0,0.025,0.23,0.08,0.2,0.0275,5.0,2.0,1.2,0.2594615993214618,0.22702024109670263,0.2967953510930207,0.389394145362398,0.30940253299512926,0.15324074877366745,0.0178225839538064,0.06770908240992923,0.06770908240993181,0.9432054380284892,108.64108760569785
81,4,Rguijiao_20_0,5,0.175,4375.0,6.6253521126760555,3550000.0,0.02,0.002,20.0,120.0,240.0,0.025,0.23,0.08,0.2,0.0275,5.0,2.0,1.2,0.3580071787220014,0.33891573889473964,0.43649426071323316,0.5300086978543749,0.3903210198717865,0.24505215808348454,0.08332484810068508,0.08086365499140184,0.08086365499139761,0.8541660132726032,90.83320265452063
82,4,Rguijiao_20_0,6,0.2,5000.0,8.653521126760566,3550000.0,0.02,0.002,20.0,120.0,240.0,0.025,0.23,0.08,0.2,0.0275,5.0,2.0,1.2,0.4749536578501292,0.5345469632334798,0.6312342488315276,0.6922562584220409,0.4781389119458625,0.42205084018699074,0.2354182853967056,0.09331627739515358,0.09331627739513154,0.7266942310020241,65.33884620040482
83,4,Rguijiao_20_0,7,0.22500000000000003,5625.0,10.952112676056343,3550000.0,0.02,0.002,20.0,120.0,240.0,0.025,0.23,0.08,0.2,0.0275,5.0,2.0,1.2,0.5159441426942311,0.6892534397896197,0.7961056759614401,0.8761368270653956,0.572634814685099,0.549318899718179,0.33878958053625907,0.10526465959090511,0.10526465959101484,0.670148461378206,54.02969227564121
84,4,Rguijiao_20_0,8,0.25,6250.0,13.521126760563382,3550000.0,0.02,0.002,20.0,120.0,240.0,0.025,0.23,0.08,0.2,0.0275,5.0,2.0,1.2,0.5834466511386793,0.8277502102488772,0.9547738341524132,1.0816504037844386,0.6736294195786664,0.6548582237048778,0.42104469383946364,0.11690676493273933,0.1169067649326748,0.6344692843003009,46.89385686006018
85,4,Rguijiao_20_0,9,0.275,6875.0,16.360563380281693,3550000.0,0.02,0.002,20.0,120.0,240.0,0.025,0.23,0.08,0.2,0.0275,5.0,2.0,1.2,0.8144222650989796,0.9584884365518251,1.1125703520984656,1.308796988579171,0.7809739906344116,0.747797574099505,0.4909791109530982,0.12840923157322912,0.12840923157317763,0.6089425430519531,41.78850861039061
86,4,Rguijiao_20_0,10,0.3,7500.0,19.47042253521127,3550000.0,0.02,0.002,20.0,120.0,240.0,0.025,0.23,0.08,0.2,0.0275,5.0,2.0,1.2,0.9322098921200066,1.0856673930425833,1.2716459692362132,1.5575765814495917,0.8945427854265336,0.8326075029076012,0.5528031099462882,0.13990219648067004,0.13990219648064298,0.5894266758495521,37.885335169910434
87,4,Rguijiao_20_0,11,0.32499999999999996,8125.0,22.850704225352107,3550000.0,0.02,0.002,20.0,120.0,240.0,0.025,0.23,0.08,0.2,0.0275,5.0,2.0,1.2,0.9858451687424893,1.211830636553957,1.4331638142843146,1.8279891823957009,1.0142278431202958,0.9119779589515615,0.6090114334010359,0.15148326277525476,0.15148326277527085,0.5738567336420652,34.771346728413036
88,4,Rguijiao_20_0,12,0.35,8750.0,26.501408450704222,3550000.0,0.02,0.002,20.0,120.0,240.0,0.025,0.23,0.08,0.2,0.0275,5.0,2.0,1.2,1.1948414876278228,1.338668532505231,1.5978594499662053,2.1200347914174995,1.1399352714498874,0.9876901773699108,0.6612422258050119,0.16322397578243325,0.16322397578246572,0.5610531815486459,32.21063630972918
89,4,Rguijiao_20_0,13,0.375,9375.0,30.422535211267608,3550000.0,0.02,0.002,20.0,120.0,240.0,0.025,0.23,0.08,0.2,0.0275,5.0,2.0,1.2,1.4401521157518147,1.4673637883148736,1.7662426590511358,2.433713408514987,1.2715825233661076,1.060987337659134,0.7106358211716229,0.1751757582435145,0.17517575824399662,0.5502813851974463,30.05627703948926
90,4,Rguijiao_20_0,14,0.4,10000.0,34.614084507042264,3550000.0,0.02,0.002,20.0,120.0,240.0,0.025,0.23,0.08,0.2,0.0275,5.0,2.0,1.2,1.593971353909389,1.5987710635838766,1.9386873331984629,2.7690250336881634,1.409096350097862,1.1327657674555012,0.7580162026333679,0.18737478241087746,0.1873747824112558,0.541055083479405,28.211016695881
91,4,Rguijiao_20_0,15,0.425,10625.0,39.07605633802816,3550000.0,0.02,0.002,20.0,120.0,240.0,0.025,0.23,0.08,0.2,0.0275,5.0,2.0,1.2,1.8475562554032479,1.7335219714616095,2.115478213375515,3.125969666937028,1.552411230212476,1.2036863276574403,0.8039943712792009,0.19984597818899513,0.19984597818924427,0.5330373568610054,26.607471372201076
92,4,Rguijiao_20_0,16,0.45,11250.0,43.80845070422536,3550000.0,0.02,0.002,20.0,120.0,240.0,0.025,0.23,0.08,0.2,0.0275,5.0,2.0,1.2,1.9395111778261873,1.8720905166011292,2.2968373433330243,3.5045473082615812,1.7014681421074092,1.2742435752342802,0.8490320877711035,0.21260574373151547,0.2126057437316613,0.5259861899102013,25.197237982040264
93,4,Rguijiao_20_0,17,0.475,11875.0,48.8112676056338,3550000.0,0.02,0.002,20.0,120.0,240.0,0.025,0.23,0.08,0.2,0.0275,5.0,2.0,1.2,2.0250659232683326,2.0148366236445727,2.4829408973397715,3.9047579576618237,1.856213589699108,1.3448117959956138,0.8934833874720043,0.22566420426168904,0.22566420426192052,0.5197225775987143,23.94451551974285
94,4,Rguijiao_20_0,18,0.5,12500.0,54.08450704225353,3550000.0,0.02,0.002,20.0,120.0,240.0,0.025,0.23,0.08,0.2,0.0275,5.0,2.0,1.2,2.115951000593316,2.1627122051393917,2.6745867275644484,4.326601615137754,2.0165988183440904,1.4163239131226903,0.9382701399474405,0.2390268865876556,0.23902688658759413,0.5142316011353053,22.846320227061057
95,5,Rguijiao_20_180,0,0.05,1250.0,0.5408450704225354,3550000.0,0.02,0.002,60.0,180.0,300.0,0.025,0.23,0.08,0.2,0.0275,5.0,2.0,1.2,0.03256566931387439,0.036716017036010976,0.04022538843381046,0.04326601615137756,0.062193521881116376,0.028091017036010975,0.014045508518005501,4.7717438568293143e-23,0.014045508518005474,0.9817633051929197,116.35266103858393
96,5,Rguijiao_20_180,1,0.07500000000000001,1875.0,1.2169014084507046,3550000.0,0.02,0.002,60.0,180.0,300.0,0.025,0.23,0.08,0.2,0.0275,5.0,2.0,1.2,0.1428789409248123,0.08891892628231948,0.09513920293112588,0.0973485363405995,0.11138722492476556,0.06951267628231947,0.034756338141159686,9.746241935080205e-23,0.03475633814115979,0.9558129092354352,111.16258184708703
97,5,Rguijiao_20_180,2,0.1,2500.0,2.1633802816901415,3550000.0,0.02,0.002,60.0,180.0,300.0,0.025,0.23,0.08,0.2,0.0275,5.0,2.0,1.2,0.1548112907421445,0.17281557801081396,0.1795675324875687,0.17306406460551024,0.16948421665954524,0.13831557801081396,0.06915778900540946,1.557721317293763e-22,0.06915778900540451,0.9151419789270023,103.02839578540048
98,5,Rguijiao_20_180,3,0.125,3125.0,3.3802816901408455,3550000.0,0.02,0.002,60.0,180.0,300.0,0.025,0.23,0.08,0.2,0.0275,5.0,2.0,1.2,0.3438483557488102,0.28852082265265006,0.2932866007355652,0.27041260094610964,0.23566542436131488,0.23461457265265007,0.11730728632632378,3.3007463737436993e-22,0.1173072863263263,0.8628254853421491,92.56509706842982
99,5,Rguijiao_20_180,4,0.15000000000000002,3750.0,4.867605633802818,3550000.0,0.02,0.002,60.0,180.0,300.0,0.025,0.23,0.08,0.2,0.0275,5.0,2.0,1.2,0.36625405502349206,0.4199612489443504,0.42549012792682794,0.389394145362398,0.30940253299512926,0.34233624894435033,0.17116812447219246,3.05124727294964e-22,0.17116812447215787,0.8097938811688252,81.95877623376504
100,5,Rguijiao_20_180,5,0.175,4375.0,6.6253521126760555,3550000.0,0.02,0.002,60.0,180.0,300.0,0.025,0.23,0.08,0.2,0.0275,5.0,2.0,1.2,0.5469441334324355,0.5510766056594543,0.5651826167115339,0.5300086978543749,0.3903210198717865,0.44542035565945426,0.22271017782973482,4.1042530329803873e-22,0.22271017782971947,0.7638893976914618,72.77787953829234
101,5,Rguijiao_20_180,6,0.2,5000.0,8.653521126760566,3550000.0,0.02,0.002,60.0,180.0,300.0,0.025,0.23,0.08,0.2,0.0275,5.0,2.0,1.2,0.6811033656741817,0.6769141645937052,0.7079388309804265,0.692256258422041,0.4781389119458626,0.5389141645937052,0.269457082296837,5.165577981504802e-22,0.26945708229686827,0.7262254317357066,65.24508634714132
102,5,Rguijiao_20_180,7,0.22500000000000003,5625.0,10.952112676056343,3550000.0,0.02,0.002,60.0,180.0,300.0,0.025,0.23,0.08,0.2,0.0275,5.0,2.0,1.2,0.8595311386746253,0.7983452864181254,0.852977906015553,0.8761368270653956,0.572634814685099,0.6236890364181253,0.3118445182090889,6.088031377611512e-22,0.31184451820903647,0.6954247081998566,59.084941639971305
103,5,Rguijiao_20_180,8,0.25,6250.0,13.521126760563382,3550000.0,0.02,0.002,60.0,180.0,300.0,0.025,0.23,0.08,0.2,0.0275,5.0,2.0,1.2,0.9238037460398186,0.9175270460050697,1.0006116853570177,1.0816504037844386,0.6736294195786664,0.7019020460050698,0.3509510230025885,4.434387053442468e-23,0.35095102300248127,0.669931215766119,53.986243153223796
104,5,Rguijiao_20_180,9,0.275,6875.0,16.360563380281693,3550000.0,0.02,0.002,60.0,180.0,300.0,0.025,0.23,0.08,0.2,0.0275,5.0,2.0,1.2,1.156620347853205,1.0364611265685406,1.1513648803259389,1.308796988579171,0.7809739906344116,0.7755548765685405,0.3877774382842328,1.5124849128356416e-22,0.38777743828430766,0.6485116804817453,49.70233609634906
105,5,Rguijiao_20_180,10,0.3,7500.0,19.47042253521127,3550000.0,0.02,0.002,60.0,180.0,300.0,0.025,0.23,0.08,0.2,0.0275,5.0,2.0,1.2,1.4060607370635116,1.1567227249733012,1.3057371620300184,1.5575765814495914,0.8945427854265335,0.8462227249733013,0.42311136248665954,2.1849816489099323e-22,0.4231113624866418,0.6302563526296132,46.05127052592263
106,5,Rguijiao_20_180,11,0.32499999999999996,8125.0,22.850704225352107,3550000.0,0.02,0.002,60.0,180.0,300.0,0.025,0.23,0.08,0.2,0.0275,5.0,2.0,1.2,1.4605862438268797,1.2794927711121664,1.4641516654341982,1.8279891823957009,1.0142278431202958,0.9150865211121664,0.4575432605560906,2.0516509139301945e-22,0.45754326055607575,0.6144993240306158,42.89986480612316
107,5,Rguijiao_20_180,12,0.35,8750.0,26.501408450704222,3550000.0,0.02,0.002,60.0,180.0,300.0,0.025,0.23,0.08,0.2,0.0275,5.0,2.0,1.2,1.5938189405505439,1.4056439890137542,1.6269539707539693,2.1200347914174995,1.1399352714498874,0.9830189890137542,0.4915094945069929,1.0935383213203508e-22,0.49150949450676135,0.6007478518105063,40.14957036210126
108,5,Rguijiao_20_180,13,0.375,9375.0,30.422535211267608,3550000.0,0.02,0.002,60.0,180.0,300.0,0.025,0.23,0.08,0.2,0.0275,5.0,2.0,1.2,1.7949695980666105,1.5358195524307292,1.7944229826905296,2.433713408514987,1.2715825233661076,1.0506633024307293,0.5253316512151601,1.4952705100679777e-22,0.5253316512155691,0.5886312869578509,37.726257391570186
109,5,Rguijiao_20_180,14,0.4,10000.0,34.614084507042264,3550000.0,0.02,0.002,60.0,180.0,300.0,0.025,0.23,0.08,0.2,0.0275,5.0,2.0,1.2,1.817214420622622,1.6704939734723805,1.9667830873666663,2.769025033688164,1.4090963500978622,1.1184939734723804,0.559246986736295,1.9560245508440653e-22,0.5592469867360854,0.5778660455710628,35.573209114212574
110,5,Rguijiao_20_180,15,0.425,10625.0,39.07605633802816,3550000.0,0.02,0.002,60.0,180.0,300.0,0.025,0.23,0.08,0.2,0.0275,5.0,2.0,1.2,1.9982558183649806,1.8100177923245866,2.1442147168528565,3.125969666937028,1.552411230212476,1.1868615423245865,0.593430771162302,4.2097403675047305e-22,0.5934307711622846,0.5682315710847408,33.646314216948156
111,5,Rguijiao_20_180,16,0.45,11250.0,43.80845070422536,3550000.0,0.02,0.002,60.0,180.0,300.0,0.025,0.23,0.08,0.2,0.0275,5.0,2.0,1.2,2.143940641798216,1.9546498895575886,2.3268629054233436,3.5045473082615812,1.7014681421074092,1.2560248895575885,0.6280124447789766,7.673410289454221e-23,0.6280124447786118,0.559553466515148,31.910693303029603
112,5,Rguijiao_20_180,17,0.475,11875.0,48.8112676056338,3550000.0,0.02,0.002,60.0,180.0,300.0,0.025,0.23,0.08,0.2,0.0275,5.0,2.0,1.2,2.17088732718335,2.1045809643056614,2.5148441644272825,3.9047579576618237,1.856213589699108,1.3261747143056613,0.6630873571526702,1.0249265637744416e-21,0.6630873571529909,0.5516924395720808,30.338487914416163
113,5,Rguijiao_20_180,18,0.5,12500.0,54.08450704225353,3550000.0,0.02,0.002,60.0,180.0,300.0,0.025,0.23,0.08,0.2,0.0275,5.0,2.0,1.2,2.288050701472371,2.2599505533270987,2.70825186354645,4.326601615137754,2.0165988183440904,1.3974505533270989,0.6987252766637595,1.5449125679692257e-21,0.6987252766633394,0.5445352440126555,28.907048802531108
114,6,Rguijiao_10_0,0,0.05,1250.0,0.5408450704225354,3550000.0,0.01,0.002,60.0,120.0,240.0,0.025,0.23,0.08,0.2,0.0275,5.0,2.0,1.2,0.032475968850995685,0.025863560923020522,0.02862453044314399,0.02594550807568878,0.035409260940558185,0.019057097325692784,0.007022754259002751,0.006017171533345021,0.006017171533345013,0.6977755424463832,59.55510848927661
115,6,Rguijiao_10_0,1,0.07500000000000001,1875.0,1.2169014084507046,3550000.0,0.01,0.002,60.0,120.0,240.0,0.025,0.23,0.08,0.2,0.0275,5.0,2.0,1.2,0.017900784766577974,0.05766961775623146,0.06382404299570521,0.05837739317029976,0.0653967374623828,0.042108277391312565,0.017378169070579843,0.012365054160366446,0.012365054160366274,0.6890503199407609,57.810063988152194
116,6,Rguijiao_10_0,2,0.1,2500.0,2.1633802816901415,3550000.0,0.01,0.002,60.0,120.0,240.0,0.025,0.23,0.08,0.2,0.0275,5.0,2.0,1.2,0.07656078086036189,0.10174413077490416,0.11214767508005857,0.10378203230275512,0.10199210832977261,0.07374016323950074,0.03457889450270473,0.019580634368398152,0.019580634368397857,0.6682419812158508,53.64839624317014
117,6,Rguijiao_10_0,3,0.125,3125.0,3.3802816901408455,3550000.0,0.01,0.002,60.0,120.0,240.0,0.025,0.23,0.08,0.2,0.0275,5.0,2.0,1.2,0.23806096755456707,0.15652606893714627,0.1717850912979007,0.16215942547305484,0.14478583718065746,0.1124004410188773,0.05865364316316189,0.026873398927855972,0.02687339892785945,0.6360481936807482,47.20963873614963
118,6,Rguijiao_10_0,4,0.15000000000000002,3750.0,4.867605633802818,3550000.0,0.01,0.002,60.0,120.0,240.0,0.025,0.23,0.08,0.2,0.0275,5.0,2.0,1.2,0.17726111952758578,0.21744224077224908,0.2391846528572462,0.23350957268119904,0.19351376649756463,0.15329314464602675,0.08558406223609623,0.03385454120496462,0.03385454120496591,0.601946935502953,40.389387100590596
119,6,Rguijiao_10_0,5,0.175,4375.0,6.6253521126760555,3550000.0,0.01,0.002,60.0,120.0,240.0,0.025,0.23,0.08,0.2,0.0275,5.0,2.0,1.2,0.18364696042073447,0.280617010908379,0.3114841475971416,0.31783247392718744,0.24798863493589324,0.19221874390626714,0.11135508891486741,0.04043182749570092,0.040431827495698805,0.573158472747165,34.63169454943299
120,6,Rguijiao_10_0,6,0.2,5000.0,8.653521126760566,3550000.0,0.01,0.002,60.0,120.0,240.0,0.025,0.23,0.08,0.2,0.0275,5.0,2.0,1.2,0.3012953869988273,0.34508037107815837,0.38764197660783956,0.4151281292110205,0.3080694559729313,0.22804481854356107,0.1347285411484185,0.04665813869757679,0.04665813869756577,0.5506797302548299,30.13594605096597
121,6,Rguijiao_10_0,7,0.22500000000000003,5625.0,10.952112676056343,3550000.0,0.01,0.002,60.0,120.0,240.0,0.025,0.23,0.08,0.2,0.0275,5.0,2.0,1.2,0.3997516594805505,0.41127728056660995,0.46753194676091014,0.5253965385326979,0.3736455323425495,0.2611869186955044,0.15592225910454444,0.052632329795452557,0.05263232979550742,0.5332547841912738,26.650956838254757
122,6,Rguijiao_10_0,8,0.25,6250.0,13.521126760563382,3550000.0,0.01,0.002,60.0,120.0,240.0,0.025,0.23,0.08,0.2,0.0275,5.0,2.0,1.2,0.3755049316080843,0.4799223779455572,0.5512947620418728,0.6486377018922194,0.44462720978933323,0.29238227643400133,0.17547551150129426,0.05845338246636966,0.0584533824663374,0.5195333904825377,23.906678096507534
123,6,Rguijiao_10_0,9,0.275,6875.0,16.360563380281693,3550000.0,0.01,0.002,60.0,120.0,240.0,0.025,0.23,0.08,0.2,0.0275,5.0,2.0,1.2,0.5174230302127327,0.5516476331163089,0.6391182655113563,0.7848516192895856,0.5209401203172058,0.32229795071531975,0.1938887191421164,0.06420461578661456,0.06420461578658881,0.5085000165114327,21.700003302286547
124,6,Rguijiao_10_0,10,0.3,7500.0,19.47042253521127,3550000.0,0.01,0.002,60.0,120.0,240.0,0.025,0.23,0.08,0.2,0.0275,5.0,2.0,1.2,0.7263884434646286,0.6269435204421615,0.7311768267350057,0.9340382907247958,0.6025213927132668,0.35145787772398623,0.21155568124332977,0.06995109824033502,0.06995109824032149,0.49944521011630294,19.889042023260572
125,6,Rguijiao_10_0,11,0.32499999999999996,8125.0,22.850704225352107,3550000.0,0.01,0.002,60.0,120.0,240.0,0.025,0.23,0.08,0.2,0.0275,5.0,2.0,1.2,0.8567210390125444,0.7061750801941703,0.8276178153256931,1.0961977161978504,0.6893170465601479,0.3802548930533082,0.2287716302780453,0.07574163138762738,0.07574163138763543,0.49187702781083004,18.37540556216601
126,6,Rguijiao_10_0,12,0.35,8750.0,26.501408450704222,3550000.0,0.01,0.002,60.0,120.0,240.0,0.025,0.23,0.08,0.2,0.0275,5.0,2.0,1.2,0.703173159721274,0.789610266247754,0.9285617589422033,1.2713298957087498,0.7812801357249437,0.4089787230359459,0.24575474725349644,0.08161198789121663,0.08161198789123286,0.4854498968439984,17.089979368799675
127,6,Rguijiao_10_0,13,0.375,9375.0,30.422535211267608,3550000.0,0.01,0.002,60.0,120.0,240.0,0.025,0.23,0.08,0.2,0.0275,5.0,2.0,1.2,0.7567718916219093,0.8774448063479823,1.0341058048791933,1.4594348292574935,0.8783693866830538,0.43784158385133565,0.26266582560758006,0.08758787912175725,0.08758787912199831,0.47991630851080047,15.983261702160092
128,6,Rguijiao_10_0,14,0.4,10000.0,34.614084507042264,3550000.0,0.01,0.002,60.0,120.0,240.0,0.025,0.23,0.08,0.2,0.0275,5.0,2.0,1.2,0.9265901082648575,0.9698213215211062,1.144327652218,1.660512516844082,0.9805481750489311,0.46699827577921416,0.2796234933681475,0.09368739120543873,0.0936873912056279,0.47509527562495235,15.019055124990473
129,6,Rguijiao_10_0,15,0.425,10625.0,39.07605633802816,3550000.0,0.01,0.002,60.0,120.0,240.0,0.025,0.23,0.08,0.2,0.0275,5.0,2.0,1.2,0.9616321088321236,1.066843543852975,1.259289253042589,1.874562958468514,1.087783740106238,0.4965613637702707,0.296715385581151,0.09992298909449757,0.09992298909462213,0.47085179900601026,14.17035980120204
130,6,Rguijiao_10_0,16,0.45,11250.0,43.80845070422536,3550000.0,0.01,0.002,60.0,120.0,240.0,0.025,0.23,0.08,0.2,0.0275,5.0,2.0,1.2,1.1405758332963636,1.1685863876392877,1.3790396391001183,2.101586154130791,1.2000465710537047,0.5266119661210766,0.3140062223894883,0.10630287186575774,0.10630287186583065,0.46708327359839275,13.416654719678547
131,6,Rguijiao_10_0,17,0.475,11875.0,48.8112676056338,3550000.0,0.01,0.002,60.0,120.0,240.0,0.025,0.23,0.08,0.2,0.0275,5.0,2.0,1.2,1.0781453071446094,1.2751034470739535,1.5036174186758733,2.3415821038309117,1.3173099198495541,0.5572078828381399,0.3315436785763351,0.11283210213084452,0.11283210213096026,0.46371037478309474,12.74207495661895
132,6,Rguijiao_10_0,18,0.5,12500.0,54.08450704225353,3550000.0,0.01,0.002,60.0,120.0,240.0,0.025,0.23,0.08,0.2,0.0275,5.0,2.0,1.2,1.16541294231698,1.3864324384093032,1.6330527711951281,2.5945508075688775,1.4395494091720455,0.5883895249195046,0.34936263833187975,0.1195134432938278,0.11951344329379707,0.46067082719948543,12.134165439897089
133,7,Rguijiao_10_180,0,0.05,1250.0,0.5408450704225354,3550000.0,0.01,0.002,60.0,180.0,300.0,0.025,0.23,0.08,0.2,0.0275,5.0,2.0,1.2,0.07105152454567942,0.02267050851800549,0.024425194216905234,0.02594550807568878,0.035409260940558185,0.014045508518005487,0.007022754259002751,2.3858719284146572e-23,0.007022754259002737,0.9817633051929197,116.35266103858393
134,7,Rguijiao_10_180,1,0.07500000000000001,1875.0,1.2169014084507046,3550000.0,0.01,0.002,60.0,180.0,300.0,0.025,0.23,0.08,0.2,0.0275,5.0,2.0,1.2,0.12306200357092134,0.05416258814115974,0.05727272646556294,0.05837739317029975,0.06539673746238278,0.034756338141159734,0.017378169070579843,4.8731209675401025e-23,0.017378169070579895,0.9558129092354352,111.16258184708703
135,7,Rguijiao_10_180,2,0.1,2500.0,2.1633802816901415,3550000.0,0.01,0.002,60.0,180.0,300.0,0.025,0.23,0.08,0.2,0.0275,5.0,2.0,1.2,0.12778022690704816,0.10365778900540698,0.10703376624378436,0.10378203230275512,0.10199210832977261,0.06915778900540698,0.03457889450270473,7.788606586468815e-23,0.034578894502702254,0.9151419789270023,103.02839578540048
136,7,Rguijiao_10_180,3,0.125,3125.0,3.3802816901408455,3550000.0,0.01,0.002,60.0,180.0,300.0,0.025,0.23,0.08,0.2,0.0275,5.0,2.0,1.2,0.20696482525836657,0.17121353632632502,0.17359642536778258,0.16215942547305484,0.14478583718065746,0.11730728632632503,0.05865364316316189,1.6503731868718496e-22,0.05865364316316315,0.8628254853421491,92.56509706842982
137,7,Rguijiao_10_180,4,0.15000000000000002,3750.0,4.867605633802818,3550000.0,0.01,0.002,60.0,180.0,300.0,0.025,0.23,0.08,0.2,0.0275,5.0,2.0,1.2,0.25759855512490315,0.2487931244721752,0.251557563963414,0.233509572681199,0.19351376649756463,0.17116812447217516,0.08558406223609623,1.52562363647482e-22,0.08558406223607894,0.8097938811688252,81.95877623376504
138,7,Rguijiao_10_180,5,0.175,4375.0,6.6253521126760555,3550000.0,0.01,0.002,60.0,180.0,300.0,0.025,0.23,0.08,0.2,0.0275,5.0,2.0,1.2,0.36598169612833936,0.32836642782972714,0.33541943335576696,0.31783247392718744,0.24798863493589324,0.22271017782972713,0.11135508891486741,2.0521265164901937e-22,0.11135508891485973,0.7638893976914618,72.77787953829234
139,7,Rguijiao_10_180,6,0.2,5000.0,8.653521126760566,3550000.0,0.01,0.002,60.0,180.0,300.0,0.025,0.23,0.08,0.2,0.0275,5.0,2.0,1.2,0.4905824588660451,0.4074570822968526,0.4229694154902133,0.4151281292110205,0.3080694559729313,0.2694570822968526,0.1347285411484185,2.582788990752401e-22,0.13472854114843413,0.7262254317357066,65.24508634714132
140,7,Rguijiao_10_180,7,0.22500000000000003,5625.0,10.952112676056343,3550000.0,0.01,0.002,60.0,180.0,300.0,0.025,0.23,0.08,0.2,0.0275,5.0,2.0,1.2,0.5705785339634338,0.48650076820906274,0.5138170780077765,0.5253965385326979,0.3736455323425495,0.31184451820906267,0.15592225910454444,3.044015688805756e-22,0.15592225910451823,0.6954247081998566,59.084941639971305
141,7,Rguijiao_10_180,8,0.25,6250.0,13.521126760563382,3550000.0,0.01,0.002,60.0,180.0,300.0,0.025,0.23,0.08,0.2,0.0275,5.0,2.0,1.2,0.6228552961824495,0.566576023002535,0.6081183426785088,0.6486377018922194,0.44462720978933323,0.3509510230025349,0.17547551150129426,2.217193526721234e-23,0.17547551150124063,0.669931215766119,53.986243153223796
142,7,Rguijiao_10_180,9,0.275,6875.0,16.360563380281693,3550000.0,0.01,0.002,60.0,180.0,300.0,0.025,0.23,0.08,0.2,0.0275,5.0,2.0,1.2,0.7124390228690939,0.6486836882842704,0.7061355651629695,0.7848516192895856,0.5209401203172058,0.38777743828427025,0.1938887191421164,7.562424564178208e-23,0.19388871914215383,0.6485116804817453,49.70233609634906
143,7,Rguijiao_10_180,10,0.3,7500.0,19.47042253521127,3550000.0,0.01,0.002,60.0,180.0,300.0,0.025,0.23,0.08,0.2,0.0275,5.0,2.0,1.2,0.8545188299638963,0.7336113624866507,0.8081185810150092,0.9340382907247957,0.6025213927132668,0.42311136248665066,0.21155568124332977,1.0924908244549661e-22,0.2115556812433209,0.6302563526296132,46.05127052592263
144,7,Rguijiao_10_180,11,0.32499999999999996,8125.0,22.850704225352107,3550000.0,0.01,0.002,60.0,180.0,300.0,0.025,0.23,0.08,0.2,0.0275,5.0,2.0,1.2,0.839006317582831,0.8219495105560831,0.914278957717099,1.0961977161978504,0.6893170465601479,0.4575432605560832,0.2287716302780453,1.0258254569650973e-22,0.22877163027803787,0.6144993240306158,42.89986480612316
145,7,Rguijiao_10_180,12,0.35,8750.0,26.501408450704222,3550000.0,0.01,0.002,60.0,180.0,300.0,0.025,0.23,0.08,0.2,0.0275,5.0,2.0,1.2,0.9622376533312956,0.914134494506877,1.0247894853769846,1.2713298957087498,0.7812801357249437,0.4915094945068771,0.24575474725349644,5.467691606601754e-23,0.24575474725338067,0.6007478518105063,40.14957036210126
146,7,Rguijiao_10_180,13,0.375,9375.0,30.422535211267608,3550000.0,0.01,0.002,60.0,180.0,300.0,0.025,0.23,0.08,0.2,0.0275,5.0,2.0,1.2,0.9720920391175437,1.0104879012153647,1.1397896163452648,1.4594348292574935,0.8783693866830538,0.5253316512153646,0.26266582560758006,7.476352550339889e-23,0.26266582560778456,0.5886312869578509,37.726257391570186
147,7,Rguijiao_10_180,14,0.4,10000.0,34.614084507042264,3550000.0,0.01,0.002,60.0,180.0,300.0,0.025,0.23,0.08,0.2,0.0275,5.0,2.0,1.2,1.1325283029788116,1.1112469867361905,1.2593915436833334,1.660512516844082,0.9805481750489311,0.5592469867361902,0.2796234933681475,9.780122754220326e-23,0.2796234933680427,0.5778660455710628,35.573209114212574
148,7,Rguijiao_10_180,15,0.425,10625.0,39.07605633802816,3550000.0,0.01,0.002,60.0,180.0,300.0,0.025,0.23,0.08,0.2,0.0275,5.0,2.0,1.2,1.1095963018892503,1.2165870211622933,1.3836854834264283,1.874562958468514,1.087783740106238,0.5934307711622933,0.296715385581151,2.1048701837523653e-22,0.2967153855811423,0.5682315710847408,33.646314216948156
149,7,Rguijiao_10_180,16,0.45,11250.0,43.80845070422536,3550000.0,0.01,0.002,60.0,180.0,300.0,0.025,0.23,0.08,0.2,0.0275,5.0,2.0,1.2,1.2849382076668006,1.3266374447787943,1.5127439527116717,2.101586154130791,1.2000465710537047,0.6280124447787943,0.3140062223894883,3.836705144727111e-23,0.3140062223893059,0.559553466515148,31.910693303029603
150,7,Rguijiao_10_180,17,0.475,11875.0,48.8112676056338,3550000.0,0.01,0.002,60.0,180.0,300.0,0.025,0.23,0.08,0.2,0.0275,5.0,2.0,1.2,1.3797824450851115,1.4414936071528306,1.6466252072136414,2.3415821038309117,1.3173099198495541,0.6630873571528306,0.3315436785763351,5.124632818872208e-22,0.33154367857649547,0.5516924395720808,30.338487914416163
151,7,Rguijiao_10_180,18,0.5,12500.0,54.08450704225353,3550000.0,0.01,0.002,60.0,180.0,300.0,0.025,0.23,0.08,0.2,0.0275,5.0,2.0,1.2,1.5289097101421296,1.5612252766635495,1.785375931773225,2.5945508075688775,1.4395494091720455,0.6987252766635494,0.34936263833187975,7.7245628398461285e-22,0.3493626383316697,0.5445352440126555,28.907048802531108
152,8,guijiao_20_0,0,0.05,1250.0,4.000000000000002,480000.0,0.02,0.002,60.0,120.0,240.0,0.025,0.23,0.08,0.2,0.0275,5.0,2.0,1.2,0.032742837451039015,0.0408128239564717,0.045631829313467494,0.043266016151377554,0.03611959273997206,0.03526359019703255,0.019045101103466498,0.008109244546782548,0.008109244546783502,0.6207086587638792,44.14173175277584
153,8,guijiao_20_0,1,0.07500000000000001,1875.0,9.000000000000004,480000.0,0.02,0.002,60.0,120.0,240.0,0.025,0.23,0.08,0.2,0.0275,5.0,2.0,1.2,0.1314956474223337,0.07671388965633827,0.08877900260897262,0.0973485363405995,0.06661642785397419,0.06313317060391758,0.03737829314393029,0.012877438729990694,0.0128774387299966,0.5476172653796397,29.523453075927947
154,8,guijiao_20_0,2,0.1,2500.0,16.000000000000007,480000.0,0.02,0.002,60.0,120.0,240.0,0.025,0.23,0.08,0.2,0.0275,5.0,2.0,1.2,0.12636070325037707,0.11226444048555176,0.13537681233993107,0.17306406460551021,0.10378203230275511,0.086183986698977,0.05183761767006724,0.017173184514439027,0.017173184514470734,0.5097271442960274,21.945428859205464
155,8,guijiao_20_0,3,0.125,3125.0,25.000000000000004,480000.0,0.02,0.002,60.0,120.0,240.0,0.025,0.23,0.08,0.2,0.0275,5.0,2.0,1.2,0.1059692735858313,0.15040339422525978,0.18606614959442058,0.27041260094610964,0.1471960086181032,0.1074700180750227,0.06461423222842583,0.021427892923301273,0.021427892923295593,0.4879163392761434,17.583267855228684
156,8,guijiao_20_0,4,0.15000000000000002,3750.0,36.000000000000014,480000.0,0.02,0.002,60.0,120.0,240.0,0.025,0.23,0.08,0.2,0.0275,5.0,2.0,1.2,0.2565729378228881,0.1928209696366232,0.24154771743474335,0.389394145362398,0.1965871936950057,0.12880939338773317,0.07707759149039527,0.025865900948673505,0.0258659009486644,0.47369226464898645,14.73845292979729
157,8,guijiao_20_0,5,0.175,4375.0,49.0,480000.0,0.02,0.002,60.0,120.0,240.0,0.025,0.23,0.08,0.2,0.0275,5.0,2.0,1.2,0.34047091551661524,0.2402422028775978,0.30221700138983104,0.5300086978543749,0.2517633599257206,0.15098815281828515,0.0898323201962335,0.03057791631101154,0.030577916311040135,0.4635932751643793,12.718655032875859
158,8,guijiao_20_0,6,0.2,5000.0,64.00000000000003,480000.0,0.02,0.002,60.0,120.0,240.0,0.025,0.23,0.08,0.2,0.0275,5.0,2.0,1.2,0.37226971839041667,0.2929643518930001,0.3682835323558533,0.6922562584220409,0.3125797817554755,0.17432683322363748,0.1031419220825261,0.035592455570518156,0.035592455570593234,0.4559947882136078,11.198957642721552
159,8,guijiao_20_0,7,0.22500000000000003,5625.0,81.00000000000004,480000.0,0.02,0.002,60.0,120.0,240.0,0.025,0.23,0.08,0.2,0.0275,5.0,2.0,1.2,0.4480170052425906,0.35109301130786624,0.43985066131226547,0.8761368270653956,0.3789228261720919,0.19893600066950237,0.1171151400382554,0.04091043031558827,0.04091043031565869,0.45003659976015453,10.007319952030912
160,8,guijiao_20_0,8,0.25,6250.0,100.00000000000001,480000.0,0.02,0.002,60.0,120.0,240.0,0.025,0.23,0.08,0.2,0.0275,5.0,2.0,1.2,0.5355852766050546,0.414644906177552,0.5169602875641912,1.0816504037844386,0.45070046124511975,0.2248287961524733,0.1317870258835686,0.046520885134469,0.04652088513443571,0.4452192837621094,9.043856752421874
161,8,guijiao_20_0,9,0.275,6875.0,121.00000000000003,480000.0,0.02,0.002,60.0,120.0,240.0,0.025,0.23,0.08,0.2,0.0275,5.0,2.0,1.2,0.5370653024866279,0.4835951068402654,0.5996182284811433,1.308796988579171,0.5278363467025782,0.25197291905860386,0.14715644658092258,0.05240823623879517,0.0524082362388861,0.4412316780723684,8.24633561447368
162,8,guijiao_20_0,10,0.3,7500.0,144.00000000000003,480000.0,0.02,0.002,60.0,120.0,240.0,0.025,0.23,0.08,0.2,0.0275,5.0,2.0,1.2,0.6555957218682805,0.5578998709421858,0.687809108508826,1.5575765814495917,0.6102659439560176,0.2803158351234126,0.16320448367824678,0.058555675722559486,0.05855567572260638,0.4378689379799039,7.573787595980775
163,8,guijiao_20_0,11,0.32499999999999996,8125.0,168.99999999999997,480000.0,0.02,0.002,60.0,120.0,240.0,0.025,0.23,0.08,0.2,0.0275,5.0,2.0,1.2,0.7337173366210548,0.6375080680503,0.7815053080994505,1.8279891823957009,0.6979338410007996,0.3097973687055929,0.17990387799090526,0.06494674535732431,0.06494674535736332,0.4349901530338275,6.9980306067654965
164,8,guijiao_20_0,12,0.35,8750.0,196.0,480000.0,0.02,0.002,60.0,120.0,240.0,0.025,0.23,0.08,0.2,0.0275,5.0,2.0,1.2,0.7751927574201041,0.722367034463776,0.880672501165277,2.1200347914174995,0.7907918466694392,0.34035613881429033,0.19722402523503116,0.07156605678963283,0.07156605678962635,0.4324948701603218,6.498974032064353
165,8,guijiao_20_0,13,0.375,9375.0,225.00000000000003,480000.0,0.02,0.002,60.0,120.0,240.0,0.025,0.23,0.08,0.2,0.0275,5.0,2.0,1.2,0.7986027466730938,0.8124255221699014,0.985273080850235,2.433713408514987,0.8887975928431237,0.37193276355449634,0.21513366630358527,0.07839954862540427,0.0783995486255068,0.4303093299937395,6.061865998747891
166,8,guijiao_20_0,14,0.4,10000.0,256.0000000000001,480000.0,0.02,0.002,60.0,120.0,240.0,0.025,0.23,0.08,0.2,0.0275,5.0,2.0,1.2,0.8843925263702239,0.9076351427224467,1.0952683184254786,2.7690250336881634,0.9919134838395531,0.40447140449135766,0.23360232331577585,0.0854345405877812,0.08543454058780059,0.4283780139400006,5.675602788000106
167,8,guijiao_20_0,15,0.425,10625.0,288.99999999999994,480000.0,0.02,0.002,60.0,120.0,240.0,0.025,0.23,0.08,0.2,0.0275,5.0,2.0,1.2,1.0040017469821052,1.007950981580787,1.2106197020970677,3.125969666937028,1.1001058901120482,0.4379203942912782,0.25260103807312856,0.09265967810901593,0.09265967810913373,0.42665824234800714,5.331648469601419
168,8,guijiao_20_0,16,0.45,11250.0,324.00000000000006,480000.0,0.02,0.002,60.0,120.0,240.0,0.025,0.23,0.08,0.2,0.0275,5.0,2.0,1.2,1.0186392680129828,1.1133317640542546,1.3312897518440854,3.5045473082615812,1.2133445182183458,0.47223237168105037,0.27210271737384273,0.1000648271537622,0.10006482715344545,0.42511660427494236,5.023320854988469
169,8,guijiao_20_0,17,0.475,11875.0,361.0,480000.0,0.02,0.002,60.0,120.0,240.0,0.025,0.23,0.08,0.2,0.0275,5.0,2.0,1.2,1.1686152113818125,1.2237397958616056,1.4572425091728796,3.9047579576618237,1.3316019107454207,0.5073641746749805,0.29208225777470825,0.10764095845038278,0.10764095844988943,0.4237265283923708,4.745305678474153
170,8,guijiao_20_0,18,0.5,12500.0,400.00000000000006,480000.0,0.02,0.002,60.0,120.0,240.0,0.025,0.23,0.08,0.2,0.0275,5.0,2.0,1.2,1.1435231350344282,1.339140766586438,1.5884437954530188,4.326601615137754,1.4548530438729457,0.5432765866899321,0.31251653441053173,0.11538002613964313,0.1153800261397572,0.4224665886030792,4.493317720615835
171,9,guijiao_20_180,0,0.05,1250.0,4.000000000000002,480000.0,0.02,0.002,60.0,180.0,300.0,0.025,0.23,0.08,0.2,0.0275,5.0,2.0,1.2,0.08496236889969566,0.04671520220693396,0.047304405459275216,0.04326601615137756,0.03611959273997206,0.03809020220693396,0.019045101103466498,3.1155212470937636e-22,0.01904510110346746,0.8389751951338482,87.79503902676966
172,9,guijiao_20_180,1,0.07500000000000001,1875.0,9.000000000000004,480000.0,0.02,0.002,60.0,180.0,300.0,0.025,0.23,0.08,0.2,0.0275,5.0,2.0,1.2,0.20686888496750205,0.09416283628786873,0.0988104004342541,0.0973485363405995,0.06661642785397419,0.07475658628786871,0.03737829314393029,3.932609058869873e-22,0.03737829314393842,0.7209258070110234,64.18516140220468
173,9,guijiao_20_180,2,0.1,2500.0,16.000000000000007,480000.0,0.02,0.002,60.0,180.0,300.0,0.025,0.23,0.08,0.2,0.0275,5.0,2.0,1.2,0.23048631042208362,0.13817523534011453,0.15316808395083736,0.17306406460551024,0.10378203230275512,0.10367523534011452,0.05183761767006724,7.925297630942796e-22,0.05183761767004729,0.6509374432479669,50.18748864959335
174,9,guijiao_20_180,3,0.125,3125.0,25.000000000000004,480000.0,0.02,0.002,60.0,180.0,300.0,0.025,0.23,0.08,0.2,0.0275,5.0,2.0,1.2,0.3719495846301655,0.18313471445685325,0.21105156511089923,0.27041260094610964,0.1471960086181032,0.12922846445685324,0.06461423222842583,6.314029735378286e-23,0.06461423222842741,0.6060657285199573,41.21314570399147
175,9,guijiao_20_180,4,0.15000000000000002,3750.0,36.000000000000014,480000.0,0.02,0.002,60.0,180.0,300.0,0.025,0.23,0.08,0.2,0.0275,5.0,2.0,1.2,0.4915699290294634,0.23178018298078654,0.2734650852704479,0.389394145362398,0.1965871936950057,0.1541551829807865,0.07707759149039527,1.1234836941065252e-22,0.07707759149039124,0.5746968858415347,34.93937716830695
176,9,guijiao_20_180,5,0.175,4375.0,49.0,480000.0,0.02,0.002,60.0,180.0,300.0,0.025,0.23,0.08,0.2,0.0275,5.0,2.0,1.2,0.4082214887684472,0.2853208903925015,0.3409818937666126,0.5300086978543749,0.2517633599257206,0.17966464039250152,0.0898323201962335,1.3686391369419635e-22,0.08983232019626802,0.5514178779469232,30.28357558938464
177,9,guijiao_20_180,6,0.2,5000.0,64.00000000000003,480000.0,0.02,0.002,60.0,180.0,300.0,0.025,0.23,0.08,0.2,0.0275,5.0,2.0,1.2,0.6384890064335522,0.34428384416501223,0.4139181564876513,0.692256258422041,0.3125797817554755,0.20628384416501216,0.1031419220825261,1.151074463640673e-22,0.10314192208248607,0.5333973566224427,26.67947132448853
178,9,guijiao_20_180,7,0.22500000000000003,5625.0,81.00000000000004,480000.0,0.02,0.002,60.0,180.0,300.0,0.025,0.23,0.08,0.2,0.0275,5.0,2.0,1.2,0.6797599177148046,0.40888653007644327,0.49244455948041055,0.8761368270653956,0.3789228261720919,0.2342302800764432,0.1171151400382554,1.0509096147156285e-21,0.11711514003818778,0.5190048119891868,23.800962397837367
179,9,guijiao_20_180,8,0.25,6250.0,100.00000000000001,480000.0,0.02,0.002,60.0,180.0,300.0,0.025,0.23,0.08,0.2,0.0275,5.0,2.0,1.2,0.6456429710798517,0.47919905176717353,0.5766466745556156,1.0816504037844386,0.45070046124511975,0.2635740517671735,0.1317870258835686,2.441323264670244e-21,0.1317870258836049,0.5072302929326756,21.446058586535116
180,9,guijiao_20_180,9,0.275,6875.0,121.00000000000003,480000.0,0.02,0.002,60.0,180.0,300.0,0.025,0.23,0.08,0.2,0.0275,5.0,2.0,1.2,0.7804605983595287,0.5552191431618227,0.6665587632815673,1.308796988579171,0.5278363467025782,0.29431289316182263,0.14715644658092258,7.467273798961916e-22,0.14715644658090007,0.4974122016824001,19.48244033648001
181,9,guijiao_20_180,10,0.3,7500.0,144.00000000000003,480000.0,0.02,0.002,60.0,180.0,300.0,0.025,0.23,0.08,0.2,0.0275,5.0,2.0,1.2,0.706659879548603,0.6369089673567362,0.7621836187642346,1.5575765814495914,0.6102659439560175,0.3264089673567362,0.16320448367824678,1.0497243174072344e-20,0.1632044836784894,0.4890975824173845,17.81951648347689
182,9,guijiao_20_180,11,0.32499999999999996,8125.0,168.99999999999997,480000.0,0.02,0.002,60.0,180.0,300.0,0.025,0.23,0.08,0.2,0.0275,5.0,2.0,1.2,0.8475066443397874,0.7242140059818064,0.8635046736030352,1.8279891823957009,0.6979338410007996,0.3598077559818065,0.17990387799090526,1.9914623835959675e-20,0.17990387799090124,0.4819652172435679,16.39304344871357
183,9,guijiao_20_180,12,0.35,8750.0,196.0,480000.0,0.02,0.002,60.0,180.0,300.0,0.025,0.23,0.08,0.2,0.0275,5.0,2.0,1.2,0.898661843360923,0.8170730504699926,0.9704936046110055,2.1200347914174995,0.7907918466694392,0.39444805046999254,0.19722402523503116,3.60287815025112e-20,0.19722402523496135,0.4757799239915147,15.155984798302939
184,9,guijiao_20_180,13,0.375,9375.0,225.00000000000003,480000.0,0.02,0.002,60.0,180.0,300.0,0.025,0.23,0.08,0.2,0.0275,5.0,2.0,1.2,0.9627760987603189,0.9154235826070116,1.0831152273313507,2.433713408514987,0.8887975928431237,0.43026733260701155,0.21513366630358527,6.256844499426554e-20,0.2151336663034263,0.47036575424921184,14.073150849842364
185,9,guijiao_20_180,14,0.4,10000.0,256.0000000000001,480000.0,0.02,0.002,60.0,180.0,300.0,0.025,0.23,0.08,0.2,0.0275,5.0,2.0,1.2,1.1509913967727492,1.0192046466314881,1.201330678800956,2.769025033688164,0.9919134838395531,0.46720464663148786,0.23360232331577585,1.0485403568952036e-19,0.233602323315712,0.46558871958607956,13.117743917215904
186,9,guijiao_20_180,15,0.425,10625.0,288.99999999999994,480000.0,0.02,0.002,60.0,180.0,300.0,0.025,0.23,0.08,0.2,0.0275,5.0,2.0,1.2,1.2544623005756004,1.128358326146257,1.3250994996787142,3.125969666937028,1.1001058901120482,0.505202076146257,0.25260103807312856,1.7030078897980204e-19,0.2526010380731285,0.46134422480275605,12.268844960551206
187,9,guijiao_20_180,16,0.45,11250.0,324.00000000000006,480000.0,0.02,0.002,60.0,180.0,300.0,0.025,0.23,0.08,0.2,0.0275,5.0,2.0,1.2,1.341188262935919,1.2428304347479437,1.454380997332975,3.5045473082615812,1.2133445182183458,0.5442054347479437,0.27210271737384273,2.690328610310489e-19,0.272102717374101,0.4575488280040769,11.50976560081537
188,9,guijiao_20_180,17,0.475,11875.0,361.0,480000.0,0.02,0.002,60.0,180.0,300.0,0.025,0.23,0.08,0.2,0.0275,5.0,2.0,1.2,1.5874711168410052,1.3625707655494588,1.589135135314914,3.9047579576618237,1.3316019107454207,0.5841645155494589,0.29208225777470825,2.547076665576158e-18,0.29208225777475066,0.4541366004588445,10.827320091768911
189,9,guijiao_20_180,18,0.5,12500.0,400.00000000000006,480000.0,0.02,0.002,60.0,180.0,300.0,0.025,0.23,0.08,0.2,0.0275,5.0,2.0,1.2,1.6530265216046232,1.487533068821366,1.7293230856415187,4.326601615137754,1.4548530438729457,0.625033068821366,0.31251653441053173,1.3374012732765382e-18,0.31251653441083427,0.4510525892465199,10.210517849303983
190,10,guijiao_10_0,0,0.05,1250.0,4.000000000000002,480000.0,0.01,0.002,60.0,120.0,240.0,0.025,0.23,0.08,0.2,0.0275,5.0,2.0,1.2,0.06178970264994277,0.02471891197823585,0.027128414656733747,0.02594550807568878,0.022372296369986035,0.017631795098516274,0.009522550551733249,0.004054622273391274,0.004054622273391751,0.6207086587638792,44.14173175277584
191,10,guijiao_10_0,1,0.07500000000000001,1875.0,9.000000000000004,480000.0,0.01,0.002,60.0,120.0,240.0,0.025,0.23,0.08,0.2,0.0275,5.0,2.0,1.2,0.07487817341061744,0.048060069828169134,0.054092626304486316,0.05837739317029976,0.043011338926987094,0.03156658530195879,0.018689146571965146,0.006438719364995347,0.0064387193649983,0.5476172653796397,29.523453075927947
192,10,guijiao_10_0,2,0.1,2500.0,16.000000000000007,480000.0,0.01,0.002,60.0,120.0,240.0,0.025,0.23,0.08,0.2,0.0275,5.0,2.0,1.2,0.08106280497995756,0.07338222024277588,0.08493840616996554,0.10378203230275512,0.06914101615137756,0.0430919933494885,0.02591880883503362,0.008586592257219514,0.008586592257235367,0.5097271442960274,21.945428859205464
193,10,guijiao_10_0,3,0.125,3125.0,25.000000000000004,480000.0,0.01,0.002,60.0,120.0,240.0,0.025,0.23,0.08,0.2,0.0275,5.0,2.0,1.2,0.11539952685609478,0.10215482211262988,0.11998619979721029,0.16215942547305484,0.1005511293090516,0.05373500903751135,0.032307116114212914,0.010713946461650636,0.010713946461647797,0.4879163392761434,17.583267855228684
194,10,guijiao_10_0,4,0.15000000000000002,3750.0,36.000000000000014,480000.0,0.01,0.002,60.0,120.0,240.0,0.025,0.23,0.08,0.2,0.0275,5.0,2.0,1.2,0.2225753912261617,0.13522298481831163,0.1595863587173717,0.23350957268119904,0.13710609684750286,0.06440469669386659,0.03853879574519763,0.012932950474336753,0.0129329504743322,0.47369226464898645,14.73845292979729
195,10,guijiao_10_0,5,0.175,4375.0,49.0,480000.0,0.01,0.002,60.0,120.0,240.0,0.025,0.23,0.08,0.2,0.0275,5.0,2.0,1.2,0.1903546977289281,0.1729492264387989,0.2039366256949155,0.31783247392718744,0.1787098049628603,0.07549407640914257,0.04491616009811675,0.01528895815550577,0.015288958155520067,0.4635932751643793,12.718655032875859
196,10,guijiao_10_0,6,0.2,5000.0,64.00000000000003,480000.0,0.01,0.002,60.0,120.0,240.0,0.025,0.23,0.08,0.2,0.0275,5.0,2.0,1.2,0.26992367161703257,0.21548217594650004,0.25314176617792666,0.4151281292110205,0.22528989087773776,0.08716341661181874,0.05157096104126305,0.017796227785259078,0.017796227785296617,0.4559947882136078,11.198957642721552
197,10,guijiao_10_0,7,0.22500000000000003,5625.0,81.00000000000004,480000.0,0.01,0.002,60.0,120.0,240.0,0.025,0.23,0.08,0.2,0.0275,5.0,2.0,1.2,0.2920288631577393,0.26287463065393313,0.30725345565613277,0.5253965385326979,0.27678953808604595,0.09946800033475119,0.0585575700191277,0.020455215157794134,0.020455215157829346,0.45003659976015453,10.007319952030912
198,10,guijiao_10_0,8,0.25,6250.0,100.00000000000001,480000.0,0.01,0.002,60.0,120.0,240.0,0.025,0.23,0.08,0.2,0.0275,5.0,2.0,1.2,0.2983164243350416,0.31513495308877604,0.3662926437820956,0.6486377018922194,0.3331627306225599,0.11241439807623665,0.0658935129417843,0.0232604425672345,0.023260442567217855,0.4452192837621094,9.043856752421874
199,10,guijiao_10_0,9,0.275,6875.0,121.00000000000003,480000.0,0.01,0.002,60.0,120.0,240.0,0.025,0.23,0.08,0.2,0.0275,5.0,2.0,1.2,0.4310641381348468,0.37225067842013276,0.4302622392405717,0.7848516192895856,0.39437129835128915,0.12598645952930193,0.07357822329046129,0.026204118119397584,0.02620411811944305,0.4412316780723684,8.24633561447368
200,10,guijiao_10_0,10,0.3,7500.0,144.00000000000003,480000.0,0.01,0.002,60.0,120.0,240.0,0.025,0.23,0.08,0.2,0.0275,5.0,2.0,1.2,0.4011676881915669,0.4341999354710929,0.499154554254413,0.9340382907247958,0.4603829719780088,0.1401579175617063,0.08160224183912339,0.029277837861279743,0.02927783786130319,0.4378689379799039,7.573787595980775
201,10,guijiao_10_0,11,0.32499999999999996,8125.0,168.99999999999997,480000.0,0.01,0.002,60.0,120.0,240.0,0.025,0.23,0.08,0.2,0.0275,5.0,2.0,1.2,0.5062712240879639,0.50095715902515,0.5729557790497253,1.0961977161978504,0.5311700455003997,0.15489868435279644,0.08995193899545263,0.032473372678662155,0.03247337267868166,0.4349901530338275,6.9980306067654965
202,10,guijiao_10_0,12,0.35,8750.0,196.0,480000.0,0.01,0.002,60.0,120.0,240.0,0.025,0.23,0.08,0.2,0.0275,5.0,2.0,1.2,0.5606998014882905,0.572496017231888,0.6516487505826385,1.2713298957087498,0.6067084233347195,0.17017806940714517,0.09861201261751558,0.03578302839481642,0.03578302839481318,0.4324948701603218,6.498974032064353
203,10,guijiao_10_0,13,0.375,9375.0,225.00000000000003,480000.0,0.01,0.002,60.0,120.0,240.0,0.025,0.23,0.08,0.2,0.0275,5.0,2.0,1.2,0.5885866571643099,0.6487908860849507,0.7352146654251175,1.4594348292574935,0.6869769214215617,0.18596638177724817,0.10756683315179263,0.039199774312702135,0.0391997743127534,0.4303093299937395,6.061865998747891
204,10,guijiao_10_0,14,0.4,10000.0,256.0000000000001,480000.0,0.01,0.002,60.0,120.0,240.0,0.025,0.23,0.08,0.2,0.0275,5.0,2.0,1.2,0.6958703927850395,0.7298175713612234,0.8236341592127394,1.660512516844082,0.7719567419197767,0.20223570224567883,0.11680116165788793,0.0427172702938906,0.042717270293900295,0.4283780139400006,5.675602788000106
205,10,guijiao_10_0,15,0.425,10625.0,288.99999999999994,480000.0,0.01,0.002,60.0,120.0,240.0,0.025,0.23,0.08,0.2,0.0275,5.0,2.0,1.2,0.6730650902950117,0.8155536157903935,0.9168879760485338,1.874562958468514,0.8616310700560241,0.2189601971456391,0.12630051903656428,0.046329839054507965,0.04632983905456686,0.42665824234800714,5.331648469601419
206,10,guijiao_10_0,16,0.45,11250.0,324.00000000000006,480000.0,0.01,0.002,60.0,120.0,240.0,0.025,0.23,0.08,0.2,0.0275,5.0,2.0,1.2,0.6925673102449217,0.9059783820271273,1.0149573759220427,2.101586154130791,0.955984759109173,0.23611618584052518,0.13605135868692136,0.0500324135768811,0.05003241357672272,0.42511660427494236,5.023320854988469
207,10,guijiao_10_0,17,0.475,11875.0,361.0,480000.0,0.01,0.002,60.0,120.0,240.0,0.025,0.23,0.08,0.2,0.0275,5.0,2.0,1.2,0.7913765809954327,1.001073022930803,1.1178243795864398,2.3415821038309117,1.0550040803727103,0.25368208733749026,0.14604112888735413,0.05382047922519139,0.05382047922494471,0.4237265283923708,4.745305678474153
208,10,guijiao_10_0,18,0.5,12500.0,400.00000000000006,480000.0,0.01,0.002,60.0,120.0,240.0,0.025,0.23,0.08,0.2,0.0275,5.0,2.0,1.2,0.9285801456078282,1.100820383293219,1.2254718977265093,2.5945508075688775,1.158676521936473,0.27163829334496603,0.15625826720526587,0.057690013069821564,0.0576900130698786,0.4224665886030792,4.493317720615835
209,11,guijiao_10_180,0,0.05,1250.0,4.000000000000002,480000.0,0.01,0.002,60.0,180.0,300.0,0.025,0.23,0.08,0.2,0.0275,5.0,2.0,1.2,0.06980590022277014,0.02767010110346698,0.02796470272963761,0.02594550807568878,0.022372296369986035,0.01904510110346698,0.009522550551733249,1.5577606235468818e-22,0.00952255055173373,0.8389751951338482,87.79503902676966
210,11,guijiao_10_180,1,0.07500000000000001,1875.0,9.000000000000004,480000.0,0.01,0.002,60.0,180.0,300.0,0.025,0.23,0.08,0.2,0.0275,5.0,2.0,1.2,0.03306988819951903,0.056784543143934364,0.05910832521712705,0.05837739317029975,0.043011338926987094,0.03737829314393436,0.018689146571965146,1.9663045294349365e-22,0.01868914657196921,0.7209258070110234,64.18516140220468
211,11,guijiao_10_180,2,0.1,2500.0,16.000000000000007,480000.0,0.01,0.002,60.0,180.0,300.0,0.025,0.23,0.08,0.2,0.0275,5.0,2.0,1.2,0.15503377539868027,0.08633761767005727,0.0938340419754187,0.10378203230275512,0.06914101615137756,0.05183761767005726,0.02591880883503362,3.962648815471398e-22,0.025918808835023645,0.6509374432479669,50.18748864959335
212,11,guijiao_10_180,3,0.125,3125.0,25.000000000000004,480000.0,0.01,0.002,60.0,180.0,300.0,0.025,0.23,0.08,0.2,0.0275,5.0,2.0,1.2,0.17423644694735999,0.11852048222842662,0.1324789075554496,0.16215942547305484,0.1005511293090516,0.06461423222842662,0.032307116114212914,3.157014867689143e-23,0.032307116114213705,0.6060657285199573,41.21314570399147
213,11,guijiao_10_180,4,0.15000000000000002,3750.0,36.000000000000014,480000.0,0.01,0.002,60.0,180.0,300.0,0.025,0.23,0.08,0.2,0.0275,5.0,2.0,1.2,0.22579201470852303,0.15470259149039328,0.17554504263522394,0.233509572681199,0.13710609684750286,0.07707759149039325,0.03853879574519763,5.617418470532626e-23,0.03853879574519562,0.5746968858415347,34.93937716830695
214,11,guijiao_10_180,5,0.175,4375.0,49.0,480000.0,0.01,0.002,60.0,180.0,300.0,0.025,0.23,0.08,0.2,0.0275,5.0,2.0,1.2,0.24175983733517228,0.19548857019625077,0.2233190718833063,0.31783247392718744,0.1787098049628603,0.08983232019625076,0.04491616009811675,6.843195684709817e-23,0.04491616009813401,0.5514178779469232,30.28357558938464
215,11,guijiao_10_180,6,0.2,5000.0,64.00000000000003,480000.0,0.01,0.002,60.0,180.0,300.0,0.025,0.23,0.08,0.2,0.0275,5.0,2.0,1.2,0.24040131565220194,0.24114192208250612,0.2759590782438257,0.4151281292110205,0.22528989087773776,0.10314192208250608,0.05157096104126305,5.755372318203365e-23,0.051570961041243035,0.5333973566224427,26.67947132448853
216,11,guijiao_10_180,7,0.22500000000000003,5625.0,81.00000000000004,480000.0,0.01,0.002,60.0,180.0,300.0,0.025,0.23,0.08,0.2,0.0275,5.0,2.0,1.2,0.35061753706686594,0.29177139003822167,0.3335504047402053,0.5253965385326979,0.27678953808604595,0.1171151400382216,0.0585575700191277,5.2545480735781425e-22,0.05855757001909389,0.5190048119891868,23.800962397837367
217,11,guijiao_10_180,8,0.25,6250.0,100.00000000000001,480000.0,0.01,0.002,60.0,180.0,300.0,0.025,0.23,0.08,0.2,0.0275,5.0,2.0,1.2,0.3476819406447603,0.3474120258835868,0.39613583727780777,0.6486377018922194,0.3331627306225599,0.13178702588358676,0.0658935129417843,1.220661632335122e-21,0.06589351294180246,0.5072302929326756,21.446058586535116
218,11,guijiao_10_180,9,0.275,6875.0,121.00000000000003,480000.0,0.01,0.002,60.0,180.0,300.0,0.025,0.23,0.08,0.2,0.0275,5.0,2.0,1.2,0.38224052356043214,0.4080626965809114,0.46373250664078364,0.7848516192895856,0.39437129835128915,0.14715644658091132,0.07357822329046129,3.733636899480958e-22,0.07357822329045004,0.4974122016824001,19.48244033648001
219,11,guijiao_10_180,10,0.3,7500.0,144.00000000000003,480000.0,0.01,0.002,60.0,180.0,300.0,0.025,0.23,0.08,0.2,0.0275,5.0,2.0,1.2,0.5158165325351568,0.4737044836783681,0.5363418093821173,0.9340382907247957,0.46038297197800876,0.1632044836783681,0.08160224183912339,5.248621587036172e-21,0.0816022418392447,0.4890975824173845,17.81951648347689
220,11,guijiao_10_180,11,0.32499999999999996,8125.0,168.99999999999997,480000.0,0.01,0.002,60.0,180.0,300.0,0.025,0.23,0.08,0.2,0.0275,5.0,2.0,1.2,0.4750730647217961,0.5443101279909032,0.6139554618015175,1.0961977161978504,0.5311700455003997,0.17990387799090324,0.08995193899545263,9.957311917979837e-21,0.08995193899545062,0.4819652172435679,16.39304344871357
221,11,guijiao_10_180,12,0.35,8750.0,196.0,480000.0,0.01,0.002,60.0,180.0,300.0,0.025,0.23,0.08,0.2,0.0275,5.0,2.0,1.2,0.5916249774584501,0.6198490252349962,0.6965593023055028,1.2713298957087498,0.6067084233347195,0.19722402523499627,0.09861201261751558,1.80143907512556e-20,0.09861201261748068,0.4757799239915147,15.155984798302939
222,11,guijiao_10_180,13,0.375,9375.0,225.00000000000003,480000.0,0.01,0.002,60.0,180.0,300.0,0.025,0.23,0.08,0.2,0.0275,5.0,2.0,1.2,0.7030402818899283,0.7002899163035058,0.7841357386656753,1.4594348292574935,0.6869769214215617,0.21513366630350578,0.10756683315179263,3.128422249713277e-20,0.10756683315171316,0.47036575424921184,14.073150849842364
223,11,guijiao_10_180,14,0.4,10000.0,256.0000000000001,480000.0,0.01,0.002,60.0,180.0,300.0,0.025,0.23,0.08,0.2,0.0275,5.0,2.0,1.2,0.7948856231852184,0.7856023233157441,0.8766653394004781,1.660512516844082,0.7719567419197767,0.23360232331574393,0.11680116165788793,5.242701784476018e-20,0.116801161657856,0.46558871958607956,13.117743917215904
224,11,guijiao_10_180,15,0.425,10625.0,288.99999999999994,480000.0,0.01,0.002,60.0,180.0,300.0,0.025,0.23,0.08,0.2,0.0275,5.0,2.0,1.2,0.9257188710790331,0.8757572880731285,0.9741278748393571,1.874562958468514,0.8616310700560241,0.2526010380731285,0.12630051903656428,8.515039448990102e-20,0.12630051903656425,0.46134422480275605,12.268844960551206
225,11,guijiao_10_180,16,0.45,11250.0,324.00000000000006,480000.0,0.01,0.002,60.0,180.0,300.0,0.025,0.23,0.08,0.2,0.0275,5.0,2.0,1.2,1.0905781839442974,0.9707277173739719,1.0765029986664876,2.101586154130791,0.955984759109173,0.27210271737397185,0.13605135868692136,1.3451643051552445e-19,0.1360513586870505,0.4575488280040769,11.50976560081537
226,11,guijiao_10_180,17,0.475,11875.0,361.0,480000.0,0.01,0.002,60.0,180.0,300.0,0.025,0.23,0.08,0.2,0.0275,5.0,2.0,1.2,1.0394068635047395,1.0704885077747295,1.183770692657457,2.3415821038309117,1.0550040803727103,0.29208225777472946,0.14604112888735413,1.273538332788079e-18,0.14604112888737533,0.4541366004588445,10.827320091768911
227,11,guijiao_10_180,18,0.5,12500.0,400.00000000000006,480000.0,0.01,0.002,60.0,180.0,300.0,0.025,0.23,0.08,0.2,0.0275,5.0,2.0,1.2,1.115392993223987,1.175016534410683,1.2959115428207593,2.5945508075688775,1.158676521936473,0.312516534410683,0.15625826720526587,6.687006366382691e-19,0.15625826720541713,0.4510525892465199,10.210517849303983
