sample_index,config_index,config_name,velocity_index,U,Re,Ca,F_target,F_pred,F_physics,F_residual,F_stem,F_leaf,Fcol_1_pred,Fcol_2_pred,Fcol_3_pred,Cd_stem_eff,Cd_leaf_eff,shielding_coef,reconfiguration_factor
0,0,PVC_20_0,0,0.05000000074505806,1250.0,0.15360000729560852,0.07093784958124161,0.038203876465559006,0.038649529218673706,-0.00044565260759554803,0.007009141147136688,0.03164038807153702,0.003581139026209712,0.017055273056030273,0.011003978550434113,0.9751847386360168,1.433174729347229,0.7923603653907776,1.3162175416946411
1,0,PVC_20_0,1,0.07500000298023224,1875.0,0.3456000089645386,0.17443148791790009,0.08038352429866791,0.08207529783248901,-0.0016917719040066004,0.016393814235925674,0.06568148732185364,0.007305220700800419,0.035125620663166046,0.02325064316391945,1.0137237310409546,1.3110594749450684,0.7921227812767029,1.3052222728729248
2,0,PVC_20_0,2,0.10000000149011612,2500.0,0.6144000291824341,0.14795003831386566,0.13849498331546783,0.14223545789718628,-0.0037404699251055717,0.030201587826013565,0.11203387379646301,0.012310821563005447,0.059451982378959656,0.040271077305078506,1.050489902496338,1.252851963043213,0.7914696335792542,1.2961409091949463
3,0,PVC_20_0,3,0.125,3125.0,0.9599999785423279,0.20464740693569183,0.21258597075939178,0.2192494124174118,-0.00666343467310071,0.04868331551551819,0.17056609690189362,0.018568100407719612,0.08991461247205734,0.06208338215947151,1.0837329626083374,1.2181084156036377,0.7909711003303528,1.288403034210205
4,0,PVC_20_0,4,0.15000000596046448,3750.0,1.3824000358581543,0.270246684551239,0.3025912940502167,0.3131280839443207,-0.010536802932620049,0.07202299684286118,0.2411050796508789,0.02604677714407444,0.12638770043849945,0.08867060393095016,1.1133989095687866,1.1945236921310425,0.7906278371810913,1.2814744710922241
5,0,PVC_20_0,5,0.17499999701976776,4375.0,1.881600022315979,0.3938428461551666,0.4083746671676636,0.42380622029304504,-0.015431556850671768,0.10035648196935654,0.3234497308731079,0.03471709042787552,0.16873899102210999,0.1199936717748642,1.1398074626922607,1.177168607711792,0.790367603302002,1.2750053405761719
6,0,PVC_20_0,6,0.20000000298023224,5000.0,2.4576001167297363,0.43085381388664246,0.529746949672699,0.5511545538902283,-0.021407613530755043,0.13378314673900604,0.4173714220523834,0.044549234211444855,0.2168266475200653,0.15599554777145386,1.1633315086364746,1.1636801958084106,0.7901260852813721,1.26877760887146
7,0,PVC_20_0,7,0.22499999403953552,5625.0,3.1103999614715576,0.6180073022842407,0.6664767265319824,0.6949882507324219,-0.028511494398117065,0.17237304151058197,0.5226151943206787,0.05551295354962349,0.27049845457077026,0.19660377502441406,1.1843129396438599,1.1527771949768066,0.7898579835891724,1.2626538276672363
8,0,PVC_20_0,8,0.25,6250.0,3.8399999141693115,0.8448036313056946,0.8182997107505798,0.8550759553909302,-0.036776237189769745,0.2161717265844345,0.6389042139053345,0.06757748872041702,0.3295932114124298,0.24173350632190704,1.2030426263809204,1.1437009572982788,0.7895334959030151,1.2565478086471558
9,0,PVC_20_0,9,0.2750000059604645,6875.0,4.646399974822998,1.050018072128296,0.9849228858947754,1.0311452150344849,-0.04622230678796768,0.265203058719635,0.7659421563148499,0.0807114988565445,0.3939417004585266,0.29128897190093994,1.2197624444961548,1.135972499847412,0.7891345620155334,1.2504041194915771
10,0,PVC_20_0,10,0.30000001192092896,7500.0,5.529600143432617,1.2444380521774292,1.1660305261611938,1.2228899002075195,-0.05685935914516449,0.31947192549705505,0.9034179449081421,0.09488317370414734,0.46336913108825684,0.3451656401157379,1.234674096107483,1.129273772239685,0.7886511087417603,1.2441879510879517
11,0,PVC_20_0,11,0.32499998807907104,8125.0,6.48960018157959,1.354056715965271,1.3612873554229736,1.429975152015686,-0.06868776679039001,0.37896621227264404,1.051008939743042,0.1100604236125946,0.5376966595649719,0.40325185656547546,1.2479463815689087,1.1233850717544556,0.788078248500824,1.237878441810608
12,0,PVC_20_0,12,0.3499999940395355,8750.0,7.526400089263916,1.6986725330352783,1.5703413486480713,1.6520416736602783,-0.08170036971569061,0.4436589777469635,1.2083827257156372,0.1262107938528061,0.6167423129081726,0.4654295742511749,1.2597239017486572,1.1181493997573853,0.7874149680137634,1.2314629554748535
13,0,PVC_20_0,13,0.375,9375.0,8.640000343322754,1.9440239667892456,1.792826771736145,1.8887107372283936,-0.09588395804166794,0.5135100483894348,1.375200629234314,0.14330165088176727,0.7003224492073059,0.5315765142440796,1.2701311111450195,1.1134511232376099,0.7866621613502502,1.2249354124069214
14,0,PVC_20_0,14,0.4000000059604645,10000.0,9.830400466918945,2.125422716140747,2.028366804122925,2.139586925506592,-0.11122012883424759,0.5884684324264526,1.5511184930801392,0.1613001972436905,0.7882522940635681,0.6015660166740417,1.279279112815857,1.1092033386230469,0.7858226895332336,1.218293309211731
15,0,PVC_20_0,15,0.42500001192092896,10625.0,11.097599983215332,2.3944380283355713,2.2765755653381348,2.404262065887451,-0.12768658995628357,0.6684733629226685,1.7357888221740723,0.18017347157001495,0.8803466558456421,0.6752686500549316,1.2872662544250488,1.1053386926651,0.7849000096321106,1.2115373611450195
16,0,PVC_20_0,16,0.44999998807907104,11250.0,12.44159984588623,2.6817269325256348,2.5370612144470215,2.682319402694702,-0.14525814354419708,0.7534561157226562,1.928863286972046,0.19988855719566345,0.976421058177948,0.7525537014007568,1.294181227684021,1.101804494857788,0.7838984727859497,1.2046700716018677
17,0,PVC_20_0,17,0.4749999940395355,11875.0,13.86240005493164,2.9678232669830322,2.809429168701172,2.9733359813690186,-0.16390684247016907,0.8433422446250916,2.1299936771392822,0.2204125076532364,1.076291799545288,0.8332893252372742,1.3001060485839844,1.0985584259033203,0.7828223705291748,1.197695016860962
18,0,PVC_20_0,18,0.5,12500.0,15.359999656677246,3.0878708362579346,3.0932793617248535,3.2768824100494385,-0.18360300362110138,0.938052237033844,2.3388302326202393,0.24171215295791626,1.1797751188278198,0.9173428416252136,1.305116057395935,1.095565915107727,0.7816762924194336,1.1906167268753052
19,1,PVC_20_180,0,0.05000000074505806,1250.0,0.15360000729560852,0.30792152881622314,0.05792649835348129,0.05465184152126312,0.0032746584620326757,0.007515184581279755,0.04713665693998337,0.03200344741344452,1.860672504960803e-08,0.015133189968764782,1.0455907583236694,1.9478381872177124,0.7472622394561768,1.3573856353759766
20,1,PVC_20_180,1,0.07500000298023224,1875.0,0.3456000089645386,0.17357100546360016,0.11761459708213806,0.11124937236309052,0.006365224719047546,0.017033051699399948,0.09421632438898087,0.06406189501285553,3.9500687165627824e-08,0.03015439212322235,1.0532515048980713,1.7317047119140625,0.7527869939804077,1.3532181978225708
21,1,PVC_20_180,2,0.10000000149011612,2500.0,0.6144000291824341,0.34319770336151123,0.19637109339237213,0.18617989122867584,0.010191202163696289,0.0307263545691967,0.15545353293418884,0.10569684952497482,6.780029337960514e-08,0.04975661635398865,1.0687426328659058,1.609496831893921,0.7545967102050781,1.3485170602798462
22,1,PVC_20_180,3,0.125,3125.0,0.9599999785423279,0.31932196021080017,0.29417508840560913,0.2794967293739319,0.014678359031677246,0.048830192536115646,0.23066654801368713,0.15671515464782715,1.0337733158394258e-07,0.07395128905773163,1.0870025157928467,1.5310907363891602,0.7547743320465088,1.3435003757476807
23,1,PVC_20_180,4,0.15000000596046448,3750.0,1.3824000358581543,0.31083568930625916,0.4110437035560608,0.3912702798843384,0.01977342925965786,0.07154400646686554,0.31972628831863403,0.2169550210237503,1.4605677733925404e-07,0.10277112573385239,1.1059943437576294,1.4766395092010498,0.754096269607544,1.338184118270874
24,1,PVC_20_180,5,0.17499999701976776,4375.0,1.881600022315979,0.5591400265693665,0.5469680428504944,0.5215335488319397,0.0254344679415226,0.09903512895107269,0.4224984049797058,0.2862483859062195,1.9561539943424577e-07,0.1362498253583908,1.1247999668121338,1.4367125034332275,0.7528897523880005,1.332532286643982
25,1,PVC_20_180,6,0.20000000298023224,5000.0,2.4576001167297363,0.6062102913856506,0.7018898725509644,0.6702655553817749,0.031624339520931244,0.13144490122795105,0.5388206243515015,0.36440637707710266,2.5178150053761783e-07,0.1744140237569809,1.1429990530014038,1.4062577486038208,0.7513011693954468,1.3264905214309692
26,1,PVC_20_180,7,0.22499999403953552,5625.0,3.1103999614715576,0.8631705045700073,0.875690758228302,0.8373847603797913,0.03830600902438164,0.1688939779996872,0.6684907674789429,0.45121151208877563,3.1423402901964437e-07,0.21727891266345978,1.1604095697402954,1.3823304176330566,0.7493977546691895,1.3199965953826904
27,1,PVC_20_180,8,0.25,6250.0,3.8399999141693115,1.0573121309280396,1.0681853294372559,1.022746205329895,0.04543917626142502,0.21148650348186493,0.8112597465515137,0.5464136600494385,3.8260344581431127e-07,0.26484569907188416,1.1769683361053467,1.3631033897399902,0.7472109794616699,1.3129850625991821
28,1,PVC_20_180,9,0.2750000059604645,6875.0,4.646399974822998,1.2427419424057007,1.279114842414856,1.2261369228363037,0.05297789350152016,0.2593119442462921,0.966825008392334,0.6497260928153992,4.5647254864888964e-07,0.317098468542099,1.1926671266555786,1.3473882675170898,0.7447564601898193,1.3053905963897705
29,1,PVC_20_180,10,0.30000001192092896,7500.0,5.529600143432617,1.5060391426086426,1.5081374645233154,1.4472687244415283,0.060868751257658005,0.31244638562202454,1.1348223686218262,0.7608212232589722,5.353779783945356e-07,0.37400054931640625,1.2075222730636597,1.3343799114227295,0.7420439720153809,1.2971478700637817
30,1,PVC_20_180,11,0.32499998807907104,8125.0,6.48960018157959,1.597334623336792,1.754823088645935,1.6857730150222778,0.06905009597539902,0.3709522485733032,1.3148207664489746,0.8793285489082336,6.188143402141577e-07,0.4354916512966156,1.221556305885315,1.32351553440094,0.7390817403793335,1.2881953716278076
31,1,PVC_20_180,12,0.3499999940395355,8750.0,7.526400089263916,1.9695085287094116,2.018644332885742,1.9411931037902832,0.07745123654603958,0.4348786473274231,1.5063143968582153,1.0048304796218872,7.062363351906242e-07,0.5014832019805908,1.234792947769165,1.3143901824951172,0.735878586769104,1.27847421169281
32,1,PVC_20_180,13,0.375,9375.0,8.640000343322754,2.2906291484832764,2.2989656925201416,2.212973117828369,0.08599257469177246,0.5042596459388733,1.708713412284851,1.136858582496643,7.970635920173663e-07,0.5718539953231812,1.2472507953643799,1.3067033290863037,0.732445240020752,1.2679311037063599
33,1,PVC_20_180,14,0.4000000059604645,10000.0,9.830400466918945,2.650298833847046,2.5950403213500977,2.5004544258117676,0.09458580613136292,0.5791144371032715,1.921339988708496,1.2748925685882568,8.906850439416303e-07,0.6464466452598572,1.2589441537857056,1.3002263307571411,0.7287944555282593,1.2565191984176636
34,1,PVC_20_180,15,0.42500001192092896,10625.0,11.097599983215332,2.8269872665405273,2.906005620956421,2.802870750427246,0.10313475877046585,0.6594464182853699,2.1434242725372314,1.418358564376831,9.864666026260238e-07,0.7250648140907288,1.269883155822754,1.2947815656661987,0.7249411344528198,1.2441991567611694
35,1,PVC_20_180,16,0.44999998807907104,11250.0,12.44159984588623,3.2195968627929688,3.2308804988861084,3.1193439960479736,0.11153648048639297,0.7452427744865417,2.374101161956787,1.5666301250457764,1.0837586614798056e-06,0.8074700832366943,1.2800735235214233,1.2902259826660156,0.7209020853042603,1.230941653251648
36,1,PVC_20_180,17,0.4749999940395355,11875.0,13.86240005493164,3.643343448638916,3.5685737133026123,3.448890447616577,0.1196831539273262,0.8364755511283875,2.612414836883545,1.7190312147140503,1.1819021210612846e-06,0.8933825492858887,1.289520263671875,1.2864433526992798,0.7166956663131714,1.2167268991470337
37,1,PVC_20_180,18,0.5,12500.0,15.359999656677246,4.037886619567871,3.9178857803344727,3.790422201156616,0.1274634748697281,0.9331000447273254,2.8573222160339355,1.874840259552002,1.2802412356904824e-06,0.9824807643890381,1.2982261180877686,1.2833356857299805,0.7123414278030396,1.201548457145691
38,2,PVC_10_0,0,0.05000000074505806,1250.0,0.15360000729560852,0.004296653904020786,0.03175872191786766,0.03131779655814171,0.00044092704774811864,0.006992612034082413,0.024325184524059296,0.0031570785213261843,0.011831250041723251,0.009336855262517929,0.9728850722312927,2.4874281883239746,0.7932852506637573,1.3509349822998047
39,2,PVC_10_0,1,0.07500000298023224,1875.0,0.3456000089645386,0.0044425735250115395,0.06184311956167221,0.06190797686576843,-6.485739868367091e-05,0.015723267570137978,0.046184711158275604,0.005718627944588661,0.023452961817383766,0.017013119533658028,0.972260057926178,1.992236852645874,0.798825740814209,1.35164213180542
40,2,PVC_10_0,2,0.10000000149011612,2500.0,0.6144000291824341,0.11792551726102829,0.09911646693944931,0.10053348541259766,-0.0014170192880555987,0.028637105599045753,0.07189638167619705,0.008621788583695889,0.037156976759433746,0.026117615401744843,0.9960731863975525,1.6920039653778076,0.7999705076217651,1.3481571674346924
41,2,PVC_10_0,3,0.125,3125.0,0.9599999785423279,0.3397746682167053,0.14496351778507233,0.14858359098434448,-0.003620078321546316,0.04635407403111458,0.1022295132279396,0.011984973214566708,0.0531378872692585,0.03710665553808212,1.0318819284439087,1.5117610692977905,0.7996048927307129,1.3428329229354858
42,2,PVC_10_0,4,0.15000000596046448,3750.0,1.3824000358581543,0.16250543296337128,0.2005338966846466,0.20721754431724548,-0.006683654617518187,0.06943085789680481,0.13778668642044067,0.015878912061452866,0.07162655144929886,0.050281234085559845,1.0733273029327393,1.398996353149414,0.7987518310546875,1.336544156074524
43,2,PVC_10_0,5,0.17499999701976776,4375.0,1.881600022315979,0.17313167452812195,0.26651352643966675,0.2771477997303009,-0.01063427235931158,0.09830480068922043,0.17884299159049988,0.020328553393483162,0.09272027760744095,0.06579416245222092,1.1165053844451904,1.3246963024139404,0.7977343797683716,1.3296785354614258
44,2,PVC_10_0,6,0.20000000298023224,5000.0,2.4576001167297363,0.32816481590270996,0.3432350754737854,0.3587370216846466,-0.015501956455409527,0.133269801735878,0.22546721994876862,0.025335470214486122,0.11642151325941086,0.08371023833751678,1.1588677167892456,1.2733113765716553,0.7966163158416748,1.3224143981933594
45,2,PVC_10_0,7,0.22499999403953552,5625.0,3.1103999614715576,0.4748879671096802,0.43077772855758667,0.45208650827407837,-0.021308772265911102,0.17448051273822784,0.27760598063468933,0.030889902263879776,0.14267612993717194,0.10403995215892792,1.198792576789856,1.23625648021698,0.7953794002532959,1.3148292303085327
46,2,PVC_10_0,8,0.25,6250.0,3.8399999141693115,0.5574852824211121,0.5290383696556091,0.5571015477180481,-0.028063153848052025,0.22197338938713074,0.33512815833091736,0.03697624057531357,0.1713954508304596,0.1267564594745636,1.2353301048278809,1.2085745334625244,0.7939908504486084,1.3069535493850708
47,2,PVC_10_0,9,0.2750000059604645,6875.0,4.646399974822998,0.5972995758056641,0.6377815008163452,0.6735402941703796,-0.03575877845287323,0.2756931185722351,0.39784717559814453,0.043575212359428406,0.20246748626232147,0.15180449187755585,1.2680100202560425,1.187266230583191,0.7924257516860962,1.2987961769104004
48,2,PVC_10_0,10,0.30000001192092896,7500.0,5.529600143432617,0.7768981456756592,0.7566781640052795,0.8010546565055847,-0.04437649995088577,0.3355175256729126,0.4655371308326721,0.050665196031332016,0.23576490581035614,0.17910705506801605,1.296686053276062,1.1704412698745728,0.7906724214553833,1.290358066558838
49,2,PVC_10_0,11,0.32499998807907104,8125.0,6.48960018157959,0.982464611530304,0.8853338956832886,0.9392207860946655,-0.05388690531253815,0.4012778103351593,0.5379430055618286,0.05822285637259483,0.271149605512619,0.20857055485248566,1.3214192390441895,1.1568636894226074,0.7887296676635742,1.281638741493225
50,2,PVC_10_0,12,0.3499999940395355,8750.0,7.526400089263916,1.096636176109314,1.023311972618103,1.0875656604766846,-0.06425368040800095,0.4727756977081299,0.6147899031639099,0.06622358411550522,0.30847668647766113,0.24008964002132416,1.342397689819336,1.1456990242004395,0.7866044640541077,1.2726393938064575
51,2,PVC_10_0,13,0.375,9375.0,8.640000343322754,1.2108826637268066,1.1701487302780151,1.2455847263336182,-0.07543594390153885,0.5497949719429016,0.6957898139953613,0.07464183121919632,0.3475971817970276,0.2735508382320404,1.3598792552947998,1.1363688707351685,0.7843087911605835,1.2633628845214844
52,2,PVC_10_0,14,0.4000000059604645,10000.0,9.830400466918945,1.3690028190612793,1.3253684043884277,1.4127590656280518,-0.08739061653614044,0.6321111917495728,0.780647873878479,0.08345132321119308,0.3883602023124695,0.3088363707065582,1.3741545677185059,1.1284624338150024,0.7818572521209717,1.2538143396377563
53,2,PVC_10_0,15,0.42500001192092896,10625.0,11.097599983215332,1.6664570569992065,1.4884910583496094,1.5885646343231201,-0.10007356852293015,0.7194985151290894,0.8690661191940308,0.0926252007484436,0.43061402440071106,0.3458268344402313,1.3855243921279907,1.1216810941696167,0.7792655229568481,1.2440005540847778
54,2,PVC_10_0,16,0.44999998807907104,11250.0,12.44159984588623,1.7020379304885864,1.6590420007705688,1.7724831104278564,-0.11344106495380402,0.8117349743843079,0.9607480764389038,0.10213618725538254,0.47420817613601685,0.3844037353992462,1.3942844867706299,1.1158043146133423,0.776549756526947,1.2339293956756592
55,2,PVC_10_0,17,0.4749999940395355,11875.0,13.86240005493164,1.914313793182373,1.836556315422058,1.9640064239501953,-0.1274501383304596,0.9086055755615234,1.0554008483886719,0.11195657402276993,0.5189936757087708,0.4244506359100342,1.400716781616211,1.1106654405593872,0.7737255692481995,1.2236098051071167
56,2,PVC_10_0,18,0.5,12500.0,15.359999656677246,2.087332010269165,2.020582437515259,2.1626415252685547,-0.14205917716026306,1.009904146194458,1.1527373790740967,0.12205840647220612,0.5648243427276611,0.46585461497306824,1.4050840139389038,1.1061369180679321,0.7708078622817993,1.2130515575408936
57,3,PVC_10_180,0,0.05000000074505806,1250.0,0.15360000729560852,0.1761522889137268,0.04083658382296562,0.03847629204392433,0.0023602903820574284,0.00828557088971138,0.03019072115421295,0.020152220502495766,9.141491119635248e-09,0.010038490407168865,1.1527749300003052,2.5007591247558594,0.7265490889549255,1.3543680906295776
58,3,PVC_10_180,1,0.07500000298023224,1875.0,0.3456000089645386,0.1749381422996521,0.08153379708528519,0.07694213837385178,0.004591656848788261,0.018216168507933617,0.05872597172856331,0.03941568359732628,1.8541484791967378e-08,0.019310269504785538,1.1264103651046753,2.1608035564422607,0.7325606346130371,1.353773593902588
59,3,PVC_10_180,2,0.10000000149011612,2500.0,0.6144000291824341,0.10751472413539886,0.13364508748054504,0.1263120472431183,0.007333042100071907,0.03217591345310211,0.09413613379001617,0.06333156675100327,3.052662123081973e-08,0.03080454096198082,1.1191620826721191,1.9493687152862549,0.7341350317001343,1.351396918296814
60,3,PVC_10_180,3,0.125,3125.0,0.9599999785423279,0.198393777012825,0.1972823590040207,0.18672174215316772,0.010560617782175541,0.05041438713669777,0.13630735874176025,0.09178004413843155,4.495694483352963e-08,0.044527262449264526,1.1222680807113647,1.8082162141799927,0.7334470748901367,1.3481446504592896
61,3,PVC_10_180,4,0.15000000596046448,3750.0,1.3824000358581543,0.27636855840682983,0.27273285388946533,0.25846749544143677,0.014265360310673714,0.07320908457040787,0.1852584034204483,0.12472987920045853,6.171801913978925e-08,0.060528464615345,1.1317346096038818,1.7087934017181396,0.7314024567604065,1.344237208366394
62,3,PVC_10_180,5,0.17499999701976776,4375.0,1.881600022315979,0.3855060040950775,0.3603329658508301,0.34188926219940186,0.018443703651428223,0.10084858536720276,0.2410406917333603,0.16216744482517242,8.069076784522622e-08,0.0788731724023819,1.1453964710235596,1.6360018253326416,0.7284257411956787,1.3397051095962524
63,3,PVC_10_180,6,0.20000000298023224,5000.0,2.4576001167297363,0.4729076027870178,0.460421085357666,0.43732789158821106,0.02309320494532585,0.13362136483192444,0.3037065267562866,0.20407354831695557,1.0174010611763151e-07,0.0996328741312027,1.1619247198104858,1.5812267065048218,0.7247269153594971,1.3345036506652832
64,3,PVC_10_180,7,0.22499999403953552,5625.0,3.1103999614715576,0.585237979888916,0.5733088254928589,0.5450996160507202,0.028209228068590164,0.17180663347244263,0.3732929825782776,0.25041112303733826,1.2470944454889832e-07,0.12288172543048859,1.1804214715957642,1.5392361879348755,0.7204126119613647,1.3285468816757202
65,3,PVC_10_180,8,0.25,6250.0,3.8399999141693115,0.6845232844352722,0.6992586255073547,0.6654766201972961,0.0337819904088974,0.21566565334796906,0.4498109817504883,0.3011169135570526,1.494184687089728e-07,0.14869390428066254,1.2002261877059937,1.5066900253295898,0.7155390977859497,1.3217213153839111
66,3,PVC_10_180,9,0.2750000059604645,6875.0,4.646399974822998,0.8764917254447937,0.8384584188461304,0.7986648082733154,0.03979362174868584,0.2654338479042053,0.5332309603691101,0.35609129071235657,1.7566168253324577e-07,0.17713947594165802,1.220824122428894,1.4813653230667114,0.7101403474807739,1.3138896226882935
67,3,PVC_10_180,10,0.30000001192092896,7500.0,5.529600143432617,0.9029657244682312,0.990994930267334,0.9447795152664185,0.04621544107794762,0.32131269574165344,0.6234668493270874,0.415187805891037,2.0320977967003273e-07,0.2082788646221161,1.2417882680892944,1.4617325067520142,0.7042439579963684,1.3048951625823975
68,3,PVC_10_180,11,0.32499998807907104,8125.0,6.48960018157959,1.0138746500015259,1.1568217277526855,1.1038163900375366,0.053005341440439224,0.3834627866744995,0.7203536033630371,0.478199303150177,2.318101763876257e-07,0.2421540915966034,1.2627537250518799,1.446700096130371,0.6978805661201477,1.2945646047592163
69,3,PVC_10_180,12,0.3499999940395355,8750.0,7.526400089263916,1.313947081565857,1.3357247114181519,1.2756190299987793,0.06010567024350166,0.4519974887371063,0.8236215114593506,0.5448431968688965,2.6118974005839846e-07,0.2787781059741974,1.2834001779556274,1.4354661703109741,0.6910890936851501,1.282712459564209
70,3,PVC_10_180,13,0.375,9375.0,8.640000343322754,1.5928974151611328,1.5272858142852783,1.4598443508148193,0.06744150072336197,0.5269789099693298,0.9328655004501343,0.6147444844245911,2.9105720500410825e-07,0.31812071800231934,1.3034453392028809,1.4274171590805054,0.6839190721511841,1.2691466808319092
71,3,PVC_10_180,14,0.4000000059604645,10000.0,9.830400466918945,1.7449835538864136,1.7308536767959595,1.6559336185455322,0.07492008805274963,0.6084156632423401,1.0475178956985474,0.687423050403595,3.211077626019687e-07,0.36009451746940613,1.3226425647735596,1.4220682382583618,0.6764315366744995,1.2536790370941162
72,3,PVC_10_180,15,0.42500001192092896,10625.0,11.097599983215332,1.9275760650634766,1.9455137252807617,1.8630828857421875,0.08243077993392944,0.6962612271308899,1.1668215990066528,0.762281060218811,3.5102723927593615e-07,0.40454018115997314,1.340776801109314,1.4190199375152588,0.6686974763870239,1.2361347675323486
73,3,PVC_10_180,16,0.44999998807907104,11250.0,12.44159984588623,2.2017436027526855,2.17008113861084,2.0802338123321533,0.08984720706939697,0.7904180884361267,1.2898156642913818,0.8386006355285645,3.8049824979680125e-07,0.4512147307395935,1.357669472694397,1.4179309606552124,0.6607954502105713,1.2163671255111694
74,3,PVC_10_180,17,0.4749999940395355,11875.0,13.86240005493164,2.481191635131836,2.4031035900115967,2.3060736656188965,0.09702997654676437,0.8907402753829956,1.4153335094451904,0.9155483841896057,4.0920738797467493e-07,0.4997846484184265,1.3731753826141357,1.4185006618499756,0.6528075933456421,1.1942715644836426
75,3,PVC_10_180,18,0.5,12500.0,15.359999656677246,2.5872838497161865,2.6428935527801514,2.5390615463256836,0.10383204370737076,0.9970390796661377,1.5420223474502563,0.9921940565109253,4.3685460582310043e-07,0.5498278737068176,1.387184739112854,1.4204586744308472,0.6448165774345398,1.1698014736175537
76,4,Rguijiao_20_0,0,0.05000000074505806,1250.0,0.5408450961112976,0.0793856531381607,0.03356793895363808,0.034203141927719116,-0.000635203905403614,0.007177012041211128,0.027026129886507988,0.003221792634576559,0.014205719344317913,0.009598618373274803,0.9985406994819641,1.4088705778121948,0.7539156675338745,1.2053362131118774
77,4,Rguijiao_20_0,1,0.07500000298023224,1875.0,1.216901421546936,0.06598012149333954,0.07099026441574097,0.07311876863241196,-0.002128501422703266,0.017002979293465614,0.05611579120159149,0.0065842680633068085,0.02925710380077362,0.020274417474865913,1.0513919591903687,1.309752345085144,0.7543193101882935,1.179116129875183
78,4,Rguijiao_20_0,2,0.10000000149011612,2500.0,2.1633803844451904,0.13217772543430328,0.12214935570955276,0.12665261328220367,-0.004503258503973484,0.0315210334956646,0.09513157606124878,0.011033189482986927,0.04920091852545738,0.034897468984127045,1.0963836908340454,1.260663628578186,0.7537846565246582,1.1568032503128052
79,4,Rguijiao_20_0,3,0.125,3125.0,3.380281686782837,0.19640156626701355,0.18649324774742126,0.19429145753383636,-0.0077982028014957905,0.05091967061161995,0.1433717906475067,0.0164785198867321,0.07362700998783112,0.0532662607729435,1.1335160732269287,1.229799509048462,0.7527903318405151,1.1359468698501587
80,4,Rguijiao_20_0,4,0.15000000596046448,3750.0,4.867605686187744,0.2594616115093231,0.2632407248020172,0.2752782702445984,-0.0120375482365489,0.07526329904794693,0.20001496374607086,0.022824713960289955,0.10208335518836975,0.0751068964600563,1.163490653038025,1.2077734470367432,0.751401424407959,1.1152921915054321
81,4,Rguijiao_20_0,5,0.17499999701976776,4375.0,6.625351905822754,0.35800719261169434,0.35146644711494446,0.36868754029273987,-0.017221083864569664,0.10451892018318176,0.2641686201095581,0.02997417561709881,0.13409391045570374,0.10010052472352982,1.1870826482772827,1.1908739805221558,0.7496281862258911,1.0942943096160889
82,4,Rguijiao_20_0,6,0.20000000298023224,5000.0,8.653521537780762,0.47495365142822266,0.45017004013061523,0.4734933376312256,-0.023323291912674904,0.13858196139335632,0.33491137623786926,0.03782975301146507,0.16917550563812256,0.12790611386299133,1.205060362815857,1.1773185729980469,0.7474854588508606,1.0727757215499878
83,4,Rguijiao_20_0,7,0.22499999403953552,5625.0,10.952113151550293,0.5159441232681274,0.5583319067955017,0.5886297225952148,-0.030297834426164627,0.177300363779068,0.41132932901382446,0.046296682208776474,0.2068527340888977,0.1581798940896988,1.2181668281555176,1.1661262512207031,0.7450000047683716,1.0507415533065796
84,4,Rguijiao_20_0,8,0.25,6250.0,13.521126747131348,0.5834466218948364,0.6749568581581116,0.7130410671234131,-0.038084205240011215,0.220495343208313,0.4925457239151001,0.05528423935174942,0.24667075276374817,0.1905907541513443,1.2271045446395874,1.1567009687423706,0.7422063946723938,1.0282845497131348
85,4,Rguijiao_20_0,9,0.2750000059604645,6875.0,16.360563278198242,0.8144222497940063,0.7991020679473877,0.845716118812561,-0.04661404341459274,0.2679767310619354,0.577739417552948,0.06470659375190735,0.2882032096385956,0.22482959926128387,1.2325196266174316,1.148651361465454,0.7391430139541626,1.0055334568023682
86,4,Rguijiao_20_0,10,0.30000001192092896,7500.0,19.470422744750977,0.9322099089622498,0.9298944473266602,0.9857107400894165,-0.05581630393862724,0.3195538818836212,0.6661568880081177,0.07448353618383408,0.3310585916042328,0.2606147825717926,1.2349908351898193,1.14170503616333,0.7358494997024536,0.9826260805130005
87,4,Rguijiao_20_0,11,0.32499998807907104,8125.0,22.850704193115234,0.985845148563385,1.0665409564971924,1.1321619749069214,-0.0656210407614708,0.375043123960495,0.757118821144104,0.08454078435897827,0.3748833239078522,0.29769474267959595,1.235027551651001,1.1356632709503174,0.732364296913147,0.9596956968307495
88,4,Rguijiao_20_0,12,0.3499999940395355,8750.0,26.501407623291016,1.1948415040969849,1.2083319425582886,1.2842938899993896,-0.07596199214458466,0.43427178263664246,0.8500221371650696,0.09481027722358704,0.41936370730400085,0.3358481526374817,1.233069896697998,1.1303752660751343,0.7287241220474243,0.9368650913238525
89,4,Rguijiao_20_0,13,0.375,9375.0,30.422534942626953,1.4401521682739258,1.3546417951583862,1.4414197206497192,-0.0867779478430748,0.49708083271980286,0.9443389177322388,0.10523022711277008,0.46422600746154785,0.37488269805908203,1.229494571685791,1.1257234811782837,0.7249631881713867,0.9142433404922485
90,4,Rguijiao_20_0,14,0.4000000059604645,10000.0,34.61408615112305,1.5939713716506958,1.504926085472107,1.6029396057128906,-0.09801355749368668,0.5633258819580078,1.0396137237548828,0.11574503779411316,0.5092353224754333,0.4146334230899811,1.224621295928955,1.1216140985488892,0.7211127281188965,0.8919246196746826
91,4,Rguijiao_20_0,15,0.42500001192092896,10625.0,39.07605743408203,1.847556233406067,1.658718466758728,1.7683383226394653,-0.10961980372667313,0.6328772306442261,1.1354610919952393,0.12630553543567657,0.5541943907737732,0.4549611806869507,1.218719482421875,1.1179711818695068,0.717200756072998,0.869989812374115
92,4,Rguijiao_20_0,16,0.44999998807907104,11250.0,43.80845260620117,1.9395111799240112,1.8156256675720215,1.937179446220398,-0.12155380100011826,0.7056206464767456,1.2315587997436523,0.13686847686767578,0.598940908908844,0.4957493543624878,1.2120161056518555,1.1147319078445435,0.7132527828216553,0.8485057950019836
93,4,Rguijiao_20_0,17,0.4749999940395355,11875.0,48.8112678527832,2.0250658988952637,1.975320816040039,2.1090993881225586,-0.13377860188484192,0.7814549207687378,1.3276445865631104,0.14739671349525452,0.6433449983596802,0.536902904510498,1.2046998739242554,1.111844539642334,0.7092908620834351,0.8275275826454163
94,4,Rguijiao_20_0,18,0.5,12500.0,54.08450698852539,2.1159510612487793,2.1375393867492676,2.2838025093078613,-0.14626306295394897,0.8602929711341858,1.4235094785690308,0.15785858035087585,0.6873058676719666,0.5783450603485107,1.1969293355941772,1.1092650890350342,0.7053347229957581,0.8070986866950989
95,5,Rguijiao_20_180,0,0.05000000074505806,1250.0,0.5408450961112976,0.03256566822528839,0.05907578021287918,0.05594244599342346,0.0031333325896412134,0.007783776149153709,0.0481586679816246,0.032956503331661224,1.6224991128410693e-08,0.015202151611447334,1.0829600095748901,2.12347412109375,0.6779436469078064,1.2739051580429077
96,5,Rguijiao_20_180,1,0.07500000298023224,1875.0,1.216901421546936,0.1428789347410202,0.12055759131908417,0.11476294696331024,0.005794641561806202,0.01790095865726471,0.09686198830604553,0.06612849235534668,3.343717835946336e-08,0.030733466148376465,1.1069191694259644,1.9393470287322998,0.6741569638252258,1.2427470684051514
97,5,Rguijiao_20_180,2,0.10000000149011612,2500.0,2.1633803844451904,0.154811292886734,0.20084179937839508,0.19206658005714417,0.008775223977863789,0.0327598862349987,0.15930669009685516,0.10831200331449509,5.519629553418781e-08,0.0509946309030056,1.1394741535186768,1.8393921852111816,0.6673974394798279,1.2075873613357544
98,5,Rguijiao_20_180,3,0.125,3125.0,3.380281686782837,0.3438483476638794,0.2986029088497162,0.28669172525405884,0.011911190114915371,0.05275075137615204,0.233940988779068,0.15824666619300842,8.042189136858724e-08,0.0756942555308342,1.1742775440216064,1.7803287506103516,0.6592516899108887,1.1679314374923706
99,5,Rguijiao_20_180,4,0.15000000596046448,3750.0,4.867605686187744,0.366254061460495,0.4121299982070923,0.3970568776130676,0.015073107555508614,0.07818321883678436,0.31887367367744446,0.21446241438388824,1.0800626171203476e-07,0.10441115498542786,1.2086294889450073,1.7447582483291626,0.6503801345825195,1.1236211061477661
100,5,Rguijiao_20_180,5,0.17499999701976776,4375.0,6.625351905822754,0.5469441413879395,0.5391996502876282,0.5210599303245544,0.01813974604010582,0.10927697271108627,0.41178297996520996,0.27523693442344666,1.3684723398910137e-07,0.13654588162899017,1.2411227226257324,1.7239257097244263,0.6411639451980591,1.0749462842941284
101,5,Rguijiao_20_180,6,0.20000000298023224,5000.0,8.653521537780762,0.6811033487319946,0.677145779132843,0.6561567783355713,0.020989002659916878,0.14615395665168762,0.510002851486206,0.3386707007884979,1.6591430096468684e-07,0.1713319569826126,1.2709038257598877,1.712736964225769,0.6318734884262085,1.022647500038147
102,5,Rguijiao_20_180,7,0.22499999403953552,5625.0,10.952113151550293,0.8595311641693115,0.8230690360069275,0.7995684146881104,0.023500604555010796,0.18883422017097473,0.610734224319458,0.4028368592262268,1.9432117426276818e-07,0.2078971266746521,1.2974116802215576,1.7079230546951294,0.6227142214775085,0.9678310751914978
103,5,Rguijiao_20_180,8,0.25,6250.0,13.521126747131348,0.9238037467002869,0.974116861820221,0.9485526084899902,0.02556423284113407,0.2372409999370575,0.7113116383552551,0.4659557342529297,2.2138347333111597e-07,0.24535568058490753,1.3202975988388062,1.707250714302063,0.6138392686843872,0.9118142127990723
104,5,Rguijiao_20_180,9,0.2750000059604645,6875.0,16.360563278198242,1.1566203832626343,1.1277453899383545,1.1006571054458618,0.027088284492492676,0.2912137508392334,0.8094433546066284,0.5265405774116516,2.4664552711328724e-07,0.2829025685787201,1.3393948078155518,1.7091448307037354,0.6053557991981506,0.8559432625770569
105,5,Rguijiao_20_180,10,0.30000001192092896,7500.0,19.470422744750977,1.4060606956481934,1.2819033861160278,1.2538976669311523,0.02800571918487549,0.35052889585494995,0.9033688306808472,0.5834828615188599,2.6987561341229593e-07,0.3198857009410858,1.354701042175293,1.7124844789505005,0.5973323583602905,0.801433801651001
106,5,Rguijiao_20_180,11,0.32499998807907104,8125.0,22.850704193115234,1.4605861902236938,1.4351110458374023,1.4068349599838257,0.028276054188609123,0.41492289304733276,0.9919120669364929,0.6360697150230408,2.9103381393724703e-07,0.35584205389022827,1.3663527965545654,1.7164827585220337,0.5898064374923706,0.7492648959159851
107,5,Rguijiao_20_180,12,0.3499999940395355,8750.0,26.501407623291016,1.5938189029693604,1.5864444971084595,1.5585607290267944,0.027883797883987427,0.48411497473716736,1.0744457244873047,0.6839460134506226,3.102253458564519e-07,0.390499472618103,1.3745945692062378,1.7206021547317505,0.5827921628952026,0.70013427734375
108,5,Rguijiao_20_180,13,0.375,9375.0,30.422534942626953,1.7949695587158203,1.7354589700698853,1.7086241245269775,0.02683481015264988,0.5578257441520691,1.1507984399795532,0.7270469665527344,3.2765038326942886e-07,0.4237511456012726,1.3797428607940674,1.7244911193847656,0.5762863755226135,0.6544655561447144
109,5,Rguijiao_20_180,14,0.4000000059604645,10000.0,34.61408615112305,1.8172143697738647,1.882085919380188,1.8569350242614746,0.02515091560781002,0.6357892751693726,1.221145749092102,0.7655248045921326,3.435612825342105e-07,0.45562055706977844,1.382150411605835,1.7279361486434937,0.5702744722366333,0.6124484539031982
110,5,Rguijiao_20_180,15,0.42500001192092896,10625.0,39.07605743408203,1.9982558488845825,2.0265257358551025,2.0036604404449463,0.022865258157253265,0.7177641987800598,1.2858963012695312,0.7996768355369568,3.5822736776935926e-07,0.4862191677093506,1.3821847438812256,1.730819821357727,0.5647343993186951,0.5740904808044434
111,5,Rguijiao_20_180,16,0.44999998807907104,11250.0,43.80845260620117,2.1439406871795654,2.169159412384033,2.149141788482666,0.020017655566334724,0.8035367131233215,1.3456051349639893,0.8298912048339844,3.7191099977462727e-07,0.5157135128974915,1.3802027702331543,1.7330940961837769,0.5596389770507812,0.5392702221870422
112,5,Rguijiao_20_180,17,0.4749999940395355,11875.0,48.8112678527832,2.1708872318267822,2.310473680496216,2.293823003768921,0.01665077544748783,0.8929216861724854,1.4009013175964355,0.856604814529419,3.8485507047880674e-07,0.5442962050437927,1.3765382766723633,1.7347551584243774,0.5549590587615967,0.5077846050262451
113,5,Rguijiao_20_180,18,0.5,12500.0,54.08450698852539,2.288050651550293,2.451012372970581,2.438204765319824,0.012807614170014858,0.9857633113861084,1.4524414539337158,0.8802741765975952,3.972739648361312e-07,0.5721668601036072,1.3714966773986816,1.735827922821045,0.5506641864776611,0.4793846011161804
114,6,Rguijiao_10_0,0,0.05000000074505806,1250.0,0.5408450961112976,0.032475970685482025,0.03383670374751091,0.03252894803881645,0.0013077546609565616,0.007704848889261484,0.024824097752571106,0.013723213225603104,0.004388540051877499,0.006712344009429216,1.0719788074493408,2.145813465118408,0.6565525531768799,1.068345069885254
115,6,Rguijiao_10_0,1,0.07500000298023224,1875.0,1.216901421546936,0.01790078543126583,0.06745250523090363,0.06556444615125656,0.0018880624556913972,0.017771156504750252,0.04779328778386116,0.026267101988196373,0.008505899459123611,0.0130202891305089,1.0988926887512207,1.9370806217193604,0.646791934967041,1.0099773406982422
116,6,Rguijiao_10_0,2,0.10000000149011612,2500.0,2.1633803844451904,0.07656078040599823,0.11063340306282043,0.10847803950309753,0.0021553649567067623,0.032423023134469986,0.07605502009391785,0.041576847434043884,0.01352695282548666,0.020951220765709877,1.12775719165802,1.8330212831497192,0.6374801397323608,0.9548196792602539
117,6,Rguijiao_10_0,3,0.125,3125.0,3.380281686782837,0.23806096613407135,0.1624588966369629,0.160379558801651,0.002079340163618326,0.05179791525006294,0.10858163982629776,0.059065014123916626,0.019219037145376205,0.03029758669435978,1.153066635131836,1.7776210308074951,0.628111720085144,0.9006689786911011
118,6,Rguijiao_10_0,4,0.15000000596046448,3750.0,4.867605686187744,0.1772611141204834,0.22160829603672028,0.21994546055793762,0.0016628354787826538,0.0759212002158165,0.14402425289154053,0.07796117663383484,0.02529609389603138,0.04076698422431946,1.1736609935760498,1.7481117248535156,0.6184258460998535,0.8460281491279602
119,6,Rguijiao_10_0,5,0.17499999701976776,4375.0,6.625351905822754,0.18364696204662323,0.28641578555107117,0.2854965031147003,0.0009192702127620578,0.10472024232149124,0.18077626824378967,0.09734448045492172,0.03144460543990135,0.0519871786236763,1.1893692016601562,1.7333147525787354,0.6084005236625671,0.7904521822929382
120,6,Rguijiao_10_0,6,0.20000000298023224,5000.0,8.653521537780762,0.3012953996658325,0.35504791140556335,0.35518842935562134,-0.0001405303628416732,0.13803447782993317,0.21715396642684937,0.11624262481927872,0.037369322031736374,0.06354202330112457,1.200299620628357,1.7268775701522827,0.5981787443161011,0.7343964576721191
121,6,Rguijiao_10_0,7,0.22499999403953552,5625.0,10.952113151550293,0.3997516632080078,0.4257504642009735,0.4272644519805908,-0.001513999537564814,0.17563168704509735,0.2516327500343323,0.13376443088054657,0.04283931106328964,0.07502902299165726,1.2067019939422607,1.724838376045227,0.5879925489425659,0.6788979768753052
122,6,Rguijiao_10_0,8,0.25,6250.0,13.521126747131348,0.3755049407482147,0.4970901906490326,0.5002952814102173,-0.003205082146450877,0.21723434329032898,0.2830609083175659,0.14922408759593964,0.04771728813648224,0.08611953258514404,1.208956241607666,1.7246495485305786,0.5780927538871765,0.6252147555351257
123,6,Rguijiao_10_0,9,0.2750000059604645,6875.0,16.360563278198242,0.5174230337142944,0.5681134462356567,0.5733317136764526,-0.005218267906457186,0.2625505328178406,0.3107811510562897,0.16221781075000763,0.05196421220898628,0.09659912437200546,1.2075625658035278,1.7247182130813599,0.5687002539634705,0.5745158791542053
124,6,Rguijiao_10_0,10,0.30000001192092896,7500.0,19.470422744750977,0.7263884544372559,0.6383926272392273,0.6459455490112305,-0.007552904076874256,0.3113049566745758,0.33464062213897705,0.17263954877853394,0.055622659623622894,0.10637839138507843,1.203110933303833,1.7241350412368774,0.5599777698516846,0.527683436870575
125,6,Rguijiao_10_0,11,0.32499998807907104,8125.0,22.850704193115234,0.856721043586731,0.7079674005508423,0.7181683778762817,-0.010200977325439453,0.3632616698741913,0.35490673780441284,0.18064168095588684,0.05878860875964165,0.11547643691301346,1.1962308883666992,1.722473382949829,0.5520229339599609,0.4852356016635895
126,6,Rguijiao_10_0,12,0.3499999940395355,8750.0,26.501407623291016,0.7031731605529785,0.7772200107574463,0.7903681993484497,-0.01314820908010006,0.41823524236679077,0.3721329867839813,0.18656206130981445,0.06158239394426346,0.12398853152990341,1.1875358819961548,1.7196258306503296,0.5448733568191528,0.4473446011543274
127,6,Rguijiao_10_0,13,0.375,9375.0,30.422534942626953,0.7567718625068665,0.8467336893081665,0.8631107807159424,-0.016377095133066177,0.476093590259552,0.3870171904563904,0.19084064662456512,0.06412576884031296,0.1320507675409317,1.1775840520858765,1.7156741619110107,0.5385196805000305,0.4139086604118347
128,6,Rguijiao_10_0,14,0.4000000059604645,10000.0,34.61408615112305,0.926590085029602,0.9171636700630188,0.9370337724685669,-0.01987011358141899,0.5367510318756104,0.40028277039527893,0.19394393265247345,0.06652764976024628,0.1398111879825592,1.166849970817566,1.7107963562011719,0.5329197645187378,0.384640634059906
129,6,Rguijiao_10_0,15,0.42500001192092896,10625.0,39.07605743408203,0.9616321325302124,0.9891431331634521,1.0127546787261963,-0.023611541837453842,0.600159227848053,0.4125955104827881,0.19630824029445648,0.06887757778167725,0.14740967750549316,1.155714988708496,1.7052028179168701,0.528011679649353,0.35914936661720276
130,6,Rguijiao_10_0,16,0.44999998807907104,11250.0,43.80845260620117,1.140575885772705,1.0632268190383911,1.090815544128418,-0.027588671073317528,0.6662973165512085,0.4245182275772095,0.19830575585365295,0.07124465703964233,0.15496781468391418,1.1444721221923828,1.6990970373153687,0.5237243175506592,0.33700355887413025
131,6,Rguijiao_10_0,17,0.4749999940395355,11875.0,48.8112678527832,1.0781452655792236,1.139865517616272,1.1716572046279907,-0.03179164230823517,0.7351623773574829,0.4364948272705078,0.20023049414157867,0.073679618537426,0.16258470714092255,1.133334755897522,1.6926584243774414,0.5199850797653198,0.3177737295627594
132,6,Rguijiao_10_0,18,0.5,12500.0,54.08450698852539,1.1654129028320312,1.21940279006958,1.2556157112121582,-0.03621293231844902,0.8067627549171448,0.4488530158996582,0.20229823887348175,0.07621756941080093,0.17033718526363373,1.1224524974822998,1.6860339641571045,0.5167238712310791,0.30105745792388916
133,7,Rguijiao_10_180,0,0.05000000074505806,1250.0,0.5408450961112976,0.07105152308940887,0.04101088270545006,0.03858441859483719,0.0024264641106128693,0.008466369472444057,0.030118048191070557,0.020159564912319183,7.947340563418948e-09,0.009958474896848202,1.1779295206069946,2.688389539718628,0.6570533514022827,1.2454407215118408
134,7,Rguijiao_10_180,1,0.07500000298023224,1875.0,1.216901421546936,0.12306200712919235,0.08267942070960999,0.07806175947189331,0.004617663566023111,0.01843150518834591,0.05963025242090225,0.03985632210969925,1.595900123163574e-08,0.01977391727268696,1.139725923538208,2.4234821796417236,0.6503210067749023,1.2128465175628662
135,7,Rguijiao_10_180,2,0.10000000149011612,2500.0,2.1633803844451904,0.1277802288532257,0.1360587775707245,0.12888900935649872,0.007169772405177355,0.03255841135978699,0.09633059799671173,0.06406018882989883,2.5645059409384885e-08,0.032270390540361404,1.1324663162231445,2.270664930343628,0.6400353312492371,1.1720528602600098
136,7,Rguijiao_10_180,3,0.125,3125.0,3.380281686782837,0.20696482062339783,0.20008933544158936,0.19013893604278564,0.009950395673513412,0.05128311365842819,0.13885582983493805,0.09167053550481796,3.6366891720263084e-08,0.047185253351926804,1.1416066884994507,2.176851511001587,0.6281729936599731,1.1232410669326782
137,7,Rguijiao_10_180,4,0.15000000596046448,3750.0,4.867605686187744,0.25759854912757874,0.2734086513519287,0.260570764541626,0.012837872840464115,0.0750441625714302,0.18552659451961517,0.12139773368835449,4.752138593744348e-08,0.0641288161277771,1.1601029634475708,2.1185550689697266,0.6157243251800537,1.0665959119796753
138,7,Rguijiao_10_180,5,0.17499999701976776,4375.0,6.625351905822754,0.36598169803619385,0.354265421628952,0.3385505974292755,0.01571481302380562,0.10422453284263611,0.2343260645866394,0.1517750769853592,5.855884666061684e-08,0.08255092799663544,1.183739185333252,2.083373546600342,0.6033089756965637,1.0030747652053833
139,7,Rguijiao_10_180,6,0.20000000298023224,5000.0,8.653521537780762,0.4905824661254883,0.4406191408634186,0.42215192317962646,0.018467221409082413,0.13910318911075592,0.28304871916770935,0.18127882480621338,6.901733229369711e-08,0.10176981985569,1.2095928192138672,2.0636913776397705,0.5913535356521606,0.9345111846923828
140,7,Rguijiao_10_180,7,0.22499999403953552,5625.0,10.952113151550293,0.5705785155296326,0.5303962230682373,0.5094069242477417,0.020989278331398964,0.17982080578804016,0.3295861482620239,0.20852318406105042,7.856402106654059e-08,0.12106287479400635,1.2354838848114014,2.0543220043182373,0.5801458358764648,0.8633977174758911
141,7,Rguijiao_10_180,8,0.25,6250.0,13.521126747131348,0.6228553056716919,0.6217982769012451,0.5986073017120361,0.02319098450243473,0.22636856138706207,0.37223875522613525,0.23245282471179962,8.702163256657514e-08,0.13978585600852966,1.259790301322937,2.051530361175537,0.5698559880256653,0.7924520969390869
142,7,Rguijiao_10_180,9,0.2750000059604645,6875.0,16.360563278198242,0.7124390006065369,0.7135335206985474,0.688529372215271,0.02500416710972786,0.2786010801792145,0.40992826223373413,0.25245678424835205,9.436471515300582e-08,0.1574714034795761,1.281384825706482,2.0525901317596436,0.5605577230453491,0.7241412997245789
143,7,Rguijiao_10_180,10,0.30000001192092896,7500.0,19.470422744750977,0.8545188307762146,0.8049028515815735,0.7785180807113647,0.026384783908724785,0.3362700343132019,0.44224807620048523,0.26837602257728577,1.0068794864537267e-07,0.1738719642162323,1.2995942831039429,2.0555419921875,0.5522523522377014,0.6603425741195679
144,7,Rguijiao_10_180,11,0.32499998807907104,8125.0,22.850704193115234,0.8390063047409058,0.8957464694976807,0.8684353828430176,0.027311056852340698,0.3990646302700043,0.4693707227706909,0.28042641282081604,1.0616021484111116e-07,0.18894417583942413,1.3141311407089233,2.0590336322784424,0.5448939800262451,0.6022133827209473
145,7,Rguijiao_10_180,12,0.3499999940395355,8750.0,26.501407623291016,0.9622376561164856,0.9863128662109375,0.9585336446762085,0.027779201045632362,0.4666523039340973,0.4918813109397888,0.2890838086605072,1.1098062202563597e-07,0.20279738306999207,1.3250110149383545,2.062192440032959,0.5384095907211304,0.550245463848114
146,7,Rguijiao_10_180,13,0.375,9375.0,30.422534942626953,0.9720920324325562,1.0771045684814453,1.0493063926696777,0.02779814973473549,0.5387095808982849,0.5105968117713928,0.2949662506580353,1.1534522315059803e-07,0.215630441904068,1.3324604034423828,2.0645053386688232,0.5327142477035522,0.5044191479682922
147,7,Rguijiao_10_180,14,0.4000000059604645,10000.0,34.61408615112305,1.132528305053711,1.1687471866607666,1.141361951828003,0.02738519012928009,0.6149418950080872,0.5264200568199158,0.2987401485443115,1.1942871935843868e-07,0.2276798039674759,1.3368300199508667,2.0657215118408203,0.5277213454246521,0.4643826484680176
148,7,Rguijiao_10_180,15,0.42500001192092896,10625.0,39.07605743408203,1.1095962524414062,1.2618839740753174,1.23532235622406,0.02656158246099949,0.6950950026512146,0.5402273535728455,0.3010466694831848,1.2337542898421816e-07,0.2391805797815323,1.3385310173034668,2.065765380859375,0.5233471989631653,0.4296015501022339
149,7,Rguijiao_10_180,16,0.44999998807907104,11250.0,43.80845260620117,1.2849382162094116,1.3571113348007202,1.331761121749878,0.02535015530884266,0.7789577841758728,0.5528033971786499,0.302457332611084,1.2729896070595714e-07,0.25034597516059875,1.3379844427108765,2.0646746158599854,0.5195148587226868,0.39947083592414856
150,7,Rguijiao_10_180,17,0.4749999940395355,11875.0,48.8112678527832,1.3797824382781982,1.4549399614334106,1.431166648864746,0.02377336286008358,0.866360604763031,0.5648059844970703,0.3034489154815674,1.312850059775883e-07,0.261356920003891,1.3355913162231445,2.0625476837158203,0.5161545276641846,0.3733855187892914
151,7,Rguijiao_10_180,18,0.5,12500.0,54.08450698852539,1.528909683227539,1.555779218673706,1.5339269638061523,0.021852213889360428,0.9571710228919983,0.5767558813095093,0.30439549684524536,1.3539586518618307e-07,0.272360235452652,1.3317160606384277,2.059514284133911,0.5132043361663818,0.35078030824661255
152,8,guijiao_20_0,0,0.05000000074505806,1250.0,4.0,0.03274283930659294,0.04294908046722412,0.042640723288059235,0.00030835895449854434,0.0087505541741848,0.033890169113874435,0.018097585067152977,0.0067110490053892136,0.009081535041332245,1.21746826171875,1.9812549352645874,0.6107133030891418,0.7726466655731201
153,8,guijiao_20_0,1,0.07500000298023224,1875.0,9.0,0.1314956545829773,0.08734779804944992,0.08734001964330673,7.781719432387035e-06,0.02042330987751484,0.06691671162843704,0.0355379693210125,0.013152506202459335,0.01822623610496521,1.2628905773162842,1.924268126487732,0.6025060415267944,0.7010564208030701
154,8,guijiao_20_0,2,0.10000000149011612,2500.0,16.0,0.1263606995344162,0.14145874977111816,0.14213375747203827,-0.0006750122411176562,0.037066951394081116,0.10506680607795715,0.05551547929644585,0.02036888897418976,0.02918243780732155,1.2892851829528809,1.8962310552597046,0.592796266078949,0.6335935592651367
155,8,guijiao_20_0,3,0.125,3125.0,25.0,0.10596927255392075,0.2013445943593979,0.20309001207351685,-0.0017454236513003707,0.05851180478930473,0.14457820355892181,0.07593992352485657,0.027581077069044113,0.041057199239730835,1.3025236129760742,1.8786108493804932,0.5824036598205566,0.5700312256813049
156,8,guijiao_20_0,4,0.15000000596046448,3750.0,36.0,0.2565729320049286,0.2639775276184082,0.2671768069267273,-0.003199267666786909,0.08444643765687943,0.18273036181926727,0.09524723887443542,0.03432457894086838,0.05315854027867317,1.3054521083831787,1.864567756652832,0.572034478187561,0.5118905901908875
157,8,guijiao_20_0,5,0.17499999701976776,4375.0,49.0,0.34047091007232666,0.3274818956851959,0.3325052857398987,-0.005023380741477013,0.11447858810424805,0.21802669763565063,0.11252599954605103,0.04043130204081535,0.06506938487291336,1.3002004623413086,1.8513509035110474,0.5621856451034546,0.46032869815826416
158,8,guijiao_20_0,6,0.20000000298023224,5000.0,64.0,0.37226971983909607,0.3910021185874939,0.3981966972351074,-0.00719458656385541,0.14820493757724762,0.249991774559021,0.12744095921516418,0.04592994228005409,0.07662088423967361,1.288738489151001,1.8379948139190674,0.5531429648399353,0.415687620639801
159,8,guijiao_20_0,7,0.22499999403953552,5625.0,81.0,0.4480170011520386,0.4544127583503723,0.46409571170806885,-0.00968294870108366,0.18526379764080048,0.2788318991661072,0.14007101953029633,0.0509452223777771,0.08781564235687256,1.2728807926177979,1.8243240118026733,0.545028567314148,0.37765854597091675
160,8,guijiao_20_0,8,0.25,6250.0,100.0,0.5355852842330933,0.5180296301841736,0.5304871201515198,-0.01245749182999134,0.22536341845989227,0.3051236867904663,0.15074539184570312,0.05562889203429222,0.09874938428401947,1.2541964054107666,1.8104678392410278,0.5378566384315491,0.3455676734447479
161,8,guijiao_20_0,9,0.2750000059604645,6875.0,121.0,0.537065327167511,0.5823836922645569,0.5978748798370361,-0.015491165220737457,0.26828840374946594,0.3295864462852478,0.15990976989269257,0.06012317165732384,0.1095535159111023,1.2339529991149902,1.796636939048767,0.531578004360199,0.3186055123806
162,8,guijiao_20_0,10,0.30000001192092896,7500.0,144.0,0.6555957198143005,0.6480677723884583,0.6668311357498169,-0.018763389438390732,0.31389346718788147,0.3529376685619354,0.16803020238876343,0.06454624980688095,0.12036120146512985,1.213114857673645,1.783028244972229,0.5261116027832031,0.2959668040275574
163,8,guijiao_20_0,11,0.32499998807907104,8125.0,169.0,0.7337173223495483,0.7156445384025574,0.7379047274589539,-0.022260166704654694,0.3620911240577698,0.3758136034011841,0.1755325049161911,0.06899001449346542,0.13129109144210815,1.1923762559890747,1.7697945833206177,0.5213648080825806,0.27692148089408875
164,8,guijiao_20_0,12,0.3499999940395355,8750.0,196.0,0.7751927375793457,0.7855990529060364,0.8115719556808472,-0.02597292885184288,0.4128367304801941,0.3987351953983307,0.1827709674835205,0.07352282106876373,0.14244142174720764,1.172207236289978,1.7570403814315796,0.517244815826416,0.26083990931510925
165,8,guijiao_20_0,13,0.375,9375.0,225.0,0.7986027598381042,0.8583253026008606,0.888222336769104,-0.029897058382630348,0.4661164879798889,0.4221058487892151,0.19002105295658112,0.0781942680478096,0.15389050543308258,1.1529064178466797,1.7448307275772095,0.5136652588844299,0.247195765376091
166,8,guijiao_20_0,14,0.4000000059604645,10000.0,256.0,0.884392499923706,0.9341286420822144,0.9681590795516968,-0.03403041511774063,0.5219366550445557,0.4462224543094635,0.19748423993587494,0.08303949981927872,0.16569870710372925,1.1346447467803955,1.7331984043121338,0.5105488896369934,0.23555611073970795
167,8,guijiao_20_0,15,0.42500001192092896,10625.0,289.0,1.0040017366409302,1.0132393836975098,1.0516119003295898,-0.0383724570274353,0.5803154110908508,0.471296489238739,0.20530110597610474,0.08808328211307526,0.17791211605072021,1.117502212524414,1.7221535444259644,0.5078283548355103,0.22556889057159424
168,8,guijiao_20_0,16,0.44999998807907104,11250.0,324.0,1.018639326095581,1.0958267450332642,1.1387500762939453,-0.04292333498597145,0.6412779092788696,0.49747222661972046,0.21356448531150818,0.09334255009889603,0.19056521356105804,1.1014972925186157,1.7116894721984863,0.5054455995559692,0.21694864332675934
169,8,guijiao_20_0,17,0.4749999940395355,11875.0,361.0,1.1686152219772339,1.182013988494873,1.2296977043151855,-0.047683700919151306,0.7048522233963013,0.524845540523529,0.22233273088932037,0.098828986287117,0.20368380844593048,1.0866081714630127,1.7017900943756104,0.5033513903617859,0.20946426689624786
170,8,guijiao_20_0,18,0.5,12500.0,400.0,1.143523097038269,1.271888017654419,1.3245422840118408,-0.05265429615974426,0.7710657119750977,0.5534765124320984,0.23163947463035583,0.1045503094792366,0.21728675067424774,1.0727870464324951,1.6924328804016113,0.501504123210907,0.20292842388153076
171,9,guijiao_20_180,0,0.05000000074505806,1250.0,4.0,0.08496236801147461,0.04652171954512596,0.04457734897732735,0.001944369520060718,0.009587976150214672,0.0349893718957901,0.022740468382835388,9.763871489099074e-09,0.012248892337083817,1.3339791297912598,2.442924737930298,0.576898455619812,0.7921005487442017
172,9,guijiao_20_180,1,0.07500000298023224,1875.0,9.0,0.20686888694763184,0.09070105850696564,0.0875067263841629,0.0031943353824317455,0.022612465545535088,0.06489425897598267,0.041447963565588,1.7781957240003976e-08,0.023446280509233475,1.3982586860656738,2.346395492553711,0.566475510597229,0.6819228529930115
173,9,guijiao_20_180,2,0.10000000149011612,2500.0,16.0,0.23048630356788635,0.14303354918956757,0.1387123465538025,0.004321205895394087,0.04150290787220001,0.09720943123102188,0.06096963584423065,2.6184174828358664e-08,0.03623976930975914,1.4435791969299316,2.301608085632324,0.5568298101425171,0.5912637710571289
174,9,guijiao_20_180,3,0.125,3125.0,25.0,0.37194958329200745,0.20106934010982513,0.19583594799041748,0.005233386531472206,0.06611265987157822,0.12972328066825867,0.07982491701841354,3.4527118941696244e-08,0.04989832267165184,1.4717252254486084,2.2785592079162598,0.5482045412063599,0.5177526473999023
175,9,guijiao_20_180,4,0.15000000596046448,3750.0,36.0,0.4915699362754822,0.26336273550987244,0.2574913799762726,0.005871368572115898,0.09614086896181107,0.16135050356388092,0.097322016954422,4.268756015335384e-08,0.06402844190597534,1.486235499382019,2.2647416591644287,0.540627121925354,0.45876267552375793
176,9,guijiao_20_180,5,0.17499999701976776,4375.0,49.0,0.4082214832305908,0.3292057514190674,0.32300466299057007,0.006201096344739199,0.13123822212219238,0.1917664259672165,0.11330119520425797,5.0694772824044776e-08,0.07846517860889435,1.4905495643615723,2.2545318603515625,0.5340330600738525,0.4115629196166992
177,9,guijiao_20_180,6,0.20000000298023224,5000.0,64.0,0.6384890079498291,0.3983556628227234,0.39214789867401123,0.006207769270986319,0.17106646299362183,0.2210814505815506,0.12791025638580322,5.8630501342804564e-08,0.0931711345911026,1.4875342845916748,2.2454073429107666,0.5283182859420776,0.3736700415611267
178,9,guijiao_20_180,7,0.22499999403953552,5625.0,81.0,0.6797599196434021,0.4708208739757538,0.4649319052696228,0.0058889808133244514,0.21532416343688965,0.24960774183273315,0.14143960177898407,6.658183338004164e-08,0.10816808044910431,1.4794145822525024,2.236301898956299,0.5233689546585083,0.34302255511283875
179,9,guijiao_20_180,8,0.25,6250.0,100.0,0.6456429958343506,0.5467194318771362,0.5414701700210571,0.005249264650046825,0.2637544870376587,0.27771565318107605,0.15421614050865173,7.462414686187913e-08,0.12349943816661835,1.4678510427474976,2.226830244064331,0.5190761089324951,0.31799694895744324
180,9,guijiao_20_180,9,0.2750000059604645,6875.0,121.0,0.7804605960845947,0.6261963248252869,0.6218998432159424,0.004296455532312393,0.3161437511444092,0.3057561218738556,0.166544109582901,8.28172872502364e-08,0.13921192288398743,1.454056739807129,2.2169172763824463,0.5153420567512512,0.29734739661216736
181,9,guijiao_20_180,10,0.30000001192092896,7500.0,144.0,0.7066598534584045,0.7093847393989563,0.7063449621200562,0.0030397793743759394,0.3723168671131134,0.33402812480926514,0.17867961525917053,9.120714139498887e-08,0.15534843504428864,1.4389055967330933,2.2066187858581543,0.5120822191238403,0.2801283597946167
182,9,guijiao_20_180,11,0.32499998807907104,8125.0,169.0,0.8475066423416138,0.7963915467262268,0.7949028015136719,0.0014887662837281823,0.4321324825286865,0.36277028918266296,0.1908247470855713,9.982837667621425e-08,0.17194543778896332,1.4230244159698486,2.1960365772247314,0.5092250108718872,0.2656228840351105
183,9,guijiao_20_180,12,0.3499999940395355,8750.0,196.0,0.8986618518829346,0.8872950077056885,0.8876422643661499,-0.00034726274316199124,0.49547645449638367,0.3921658396720886,0.2031324803829193,1.087070273797508e-07,0.18903325498104095,1.4068541526794434,2.1852807998657227,0.5067099332809448,0.25328534841537476
184,9,guijiao_20_180,13,0.375,9375.0,225.0,0.9627761244773865,0.9821493029594421,0.9846086502075195,-0.0024593183770775795,0.5622575283050537,0.4223511219024658,0.21571481227874756,1.1786265474711399e-07,0.2066361904144287,1.39070463180542,2.1744515895843506,0.5044866800308228,0.24269722402095795
185,9,guijiao_20_180,14,0.4000000059604645,10000.0,256.0,1.150991439819336,1.0809909105300903,1.0858299732208252,-0.004839032888412476,0.6324034929275513,0.4534265100955963,0.22865234315395355,1.27310144648618e-07,0.22477403283119202,1.374790072441101,2.16363525390625,0.50251305103302,0.23353491723537445
186,9,guijiao_20_180,15,0.42500001192092896,10625.0,289.0,1.2544622421264648,1.1838425397872925,1.1913211345672607,-0.007478614803403616,0.7058569192886353,0.48546427488327026,0.24200142920017242,1.3706065260521427e-07,0.2434626966714859,1.359255075454712,2.152900218963623,0.5007538199424744,0.22554582357406616
187,9,guijiao_20_180,16,0.44999998807907104,11250.0,324.0,1.3411883115768433,1.2907181978225708,1.3010890483856201,-0.010370871983468533,0.7825725078582764,0.5185165405273438,0.25580161809921265,1.471228898708432e-07,0.26271477341651917,1.3441933393478394,2.142301559448242,0.499179482460022,0.21853068470954895
188,9,guijiao_20_180,17,0.4749999940395355,11875.0,361.0,1.5874711275100708,1.4016249179840088,1.4151341915130615,-0.013509253971278667,0.8625147938728333,0.552619457244873,0.2700790464878082,1.5750332238440024e-07,0.2825402319431305,1.329662561416626,2.1318798065185547,0.4977652430534363,0.2123308777809143
189,9,guijiao_20_180,18,0.5,12500.0,400.0,1.6530265808105469,1.516567349433899,1.5334552526474,-0.016887912526726723,0.9456558227539062,0.5877994298934937,0.2848518192768097,1.682071371078564e-07,0.30294743180274963,1.3156949281692505,2.12166690826416,0.4964902400970459,0.20681911706924438
190,10,guijiao_10_0,0,0.05000000074505806,1250.0,4.0,0.061789702624082565,0.02540149725973606,0.02468785271048546,0.0007136451313272119,0.008919770829379559,0.015768082812428474,0.008506078273057938,0.0025800480507314205,0.004681955557316542,1.2410115003585815,2.247577428817749,0.5767835378646851,0.6639342308044434
191,10,guijiao_10_0,1,0.07500000298023224,1875.0,9.0,0.07487817108631134,0.05159614235162735,0.05064617097377777,0.0009499723673798144,0.020560136064887047,0.030086036771535873,0.016030272468924522,0.0049585215747356415,0.00909724272787571,1.2713513374328613,2.137543201446533,0.5695301294326782,0.5962322950363159
192,10,guijiao_10_0,2,0.10000000149011612,2500.0,16.0,0.08106280863285065,0.08411986380815506,0.08314843475818634,0.0009714302141219378,0.036995578557252884,0.046152859926223755,0.024261852726340294,0.007615986280143261,0.014275023713707924,1.2868026494979858,2.0853376388549805,0.5611842274665833,0.5338547825813293
193,10,guijiao_10_0,3,0.125,3125.0,25.0,0.11539952456951141,0.12113062292337418,0.12038016319274902,0.0007504631066694856,0.057997386902570724,0.0623827800154686,0.03227434307336807,0.01028733141720295,0.019821105524897575,1.2910722494125366,2.0575947761535645,0.5521984100341797,0.4762107729911804
194,10,guijiao_10_0,4,0.15000000596046448,3750.0,36.0,0.22257539629936218,0.16118092834949493,0.16091451048851013,0.000266420713160187,0.0832342654466629,0.07768024504184723,0.039423901587724686,0.012815302237868309,0.025441044941544533,1.2867132425308228,2.0401926040649414,0.5432304739952087,0.4245350956916809
195,10,guijiao_10_0,5,0.17499999701976776,4375.0,49.0,0.19035470485687256,0.2033962607383728,0.2038910835981369,-0.0004948188434354961,0.11233292520046234,0.09155815839767456,0.04543212801218033,0.015151577070355415,0.030974453315138817,1.275830864906311,2.026501417160034,0.5348013639450073,0.3797414302825928
196,10,guijiao_10_0,6,0.20000000298023224,5000.0,64.0,0.2699236571788788,0.247430220246315,0.24896830320358276,-0.0015380785334855318,0.14493940770626068,0.10402889549732208,0.050333525985479355,0.017319023609161377,0.03637634590268135,1.2603424787521362,2.0135347843170166,0.5272088050842285,0.3419038951396942
197,10,guijiao_10_0,7,0.22499999403953552,5625.0,81.0,0.29202887415885925,0.2932985723018646,0.2961580455303192,-0.002859459724277258,0.18075865507125854,0.11539939045906067,0.054354310035705566,0.019371137022972107,0.0416739396750927,1.2419275045394897,2.000150680541992,0.520561158657074,0.31045910716056824
198,10,guijiao_10_0,8,0.25,6250.0,100.0,0.29831641912460327,0.3412031829357147,0.3456525206565857,-0.004449337720870972,0.2195691615343094,0.1260833442211151,0.05779055878520012,0.021365785971283913,0.04692700132727623,1.2219500541687012,1.9860944747924805,0.5148441791534424,0.2845408320426941
199,10,guijiao_10_0,9,0.2750000059604645,6875.0,121.0,0.4310641288757324,0.3914025127887726,0.39769798517227173,-0.006295476108789444,0.26121973991394043,0.1364782303571701,0.060922931879758835,0.02335314266383648,0.05220216140151024,1.2014418840408325,1.9714887142181396,0.5099787712097168,0.263226181268692
200,10,guijiao_10_0,10,0.30000001192092896,7500.0,144.0,0.40116769075393677,0.4441390633583069,0.45252418518066406,-0.008385108783841133,0.30561700463294983,0.14690719544887543,0.06397496908903122,0.025372246280312538,0.05755998194217682,1.1811285018920898,1.9565811157226562,0.5058594942092896,0.24566520750522614
201,10,guijiao_10_0,11,0.32499998807907104,8125.0,169.0,0.506271243095398,0.49961262941360474,0.5103187561035156,-0.010706128552556038,0.35271161794662476,0.15760716795921326,0.06710497289896011,0.0274517759680748,0.06305042654275894,1.1614892482757568,1.941628336906433,0.5023777484893799,0.23113198578357697
202,10,guijiao_10_0,12,0.3499999940395355,8750.0,196.0,0.5606998205184937,0.5579751133918762,0.5712229013442993,-0.013247791677713394,0.40248408913612366,0.16873881220817566,0.07041466236114502,0.02961190789937973,0.0687122493982315,1.1428120136260986,1.9268450736999512,0.49943220615386963,0.21903054416179657
203,10,guijiao_10_0,13,0.375,9375.0,225.0,0.5885866284370422,0.6193392276763916,0.6353400945663452,-0.01600085198879242,0.45493486523628235,0.18040519952774048,0.07396411150693893,0.03186653554439545,0.0745745524764061,1.1252495050430298,1.9123964309692383,0.4969342052936554,0.2088828682899475
204,10,guijiao_10_0,14,0.4000000059604645,10000.0,256.0,0.6958703994750977,0.6837871670722961,0.7027447819709778,-0.01895761303603649,0.5100756287574768,0.19266916811466217,0.07778532058000565,0.03422503545880318,0.08065880835056305,1.108859896659851,1.898398518562317,0.4948080778121948,0.2003098875284195
205,10,guijiao_10_0,15,0.42500001192092896,10625.0,289.0,0.6730650663375854,0.751378059387207,0.7734899520874023,-0.02211187221109867,0.5679236650466919,0.20556631684303284,0.08189249783754349,0.03669352829456329,0.08698029816150665,1.093639612197876,1.8849241733551025,0.49299079179763794,0.19301210343837738
206,10,guijiao_10_0,16,0.44999998807907104,11250.0,324.0,0.6925672888755798,0.8221563696861267,0.8476150035858154,-0.025458654388785362,0.6284991502761841,0.21911585330963135,0.08628963679075241,0.03927602618932724,0.0935501903295517,1.0795477628707886,1.8720165491104126,0.4914301931858063,0.18675337731838226
207,10,guijiao_10_0,17,0.4749999940395355,11875.0,361.0,0.7913765907287598,0.8961536884307861,0.9251478314399719,-0.028994135558605194,0.6918219923973083,0.23332582414150238,0.09097474813461304,0.0419749841094017,0.10037608444690704,1.0665206909179688,1.8596928119659424,0.4900835454463959,0.18134674429893494
208,10,guijiao_10_0,18,0.5,12500.0,400.0,0.9285801649093628,0.9733937382698059,1.0061089992523193,-0.03271528333425522,0.7579108476638794,0.24819815158843994,0.09594295173883438,0.04479185491800308,0.10746334493160248,1.0544846057891846,1.8479535579681396,0.4889160096645355,0.17664377391338348
209,11,guijiao_10_180,0,0.05000000074505806,1250.0,4.0,0.06980589777231216,0.029113896191120148,0.027585800737142563,0.0015280951047316194,0.009914923459291458,0.017670877277851105,0.011162618175148964,4.2943013589535894e-09,0.006508254446089268,1.379467487335205,2.809694766998291,0.5608552098274231,0.6982038021087646
210,11,guijiao_10_180,1,0.07500000298023224,1875.0,9.0,0.03306988999247551,0.057614829391241074,0.05494803935289383,0.0026667900383472443,0.02268749289214611,0.03226054832339287,0.019943375140428543,7.84204079451456e-09,0.012317165732383728,1.4028979539871216,2.660482406616211,0.5507276058197021,0.6035280823707581
211,11,guijiao_10_180,2,0.10000000149011612,2500.0,16.0,0.15503378212451935,0.0924474447965622,0.08864651620388031,0.0038009323179721832,0.041108813136816025,0.047537706792354584,0.02870585396885872,1.1550024936468617e-08,0.01883183978497982,1.4298715591430664,2.5769994258880615,0.5418648719787598,0.5244860053062439
212,11,guijiao_10_180,3,0.125,3125.0,25.0,0.1742364466190338,0.13254225254058838,0.12768560647964478,0.004856639076024294,0.06514518707990646,0.06254042685031891,0.03682683780789375,1.524353443471682e-08,0.02571357600390911,1.450188398361206,2.526531457901001,0.5341529846191406,0.4600379168987274
213,11,guijiao_10_180,4,0.15000000596046448,3750.0,36.0,0.2257920205593109,0.17726854979991913,0.17148327827453613,0.005785276181995869,0.0945870652794838,0.07689622044563293,0.044097062200307846,1.8880559338185776e-08,0.032799139618873596,1.462215542793274,2.4933857917785645,0.527477502822876,0.4081554412841797
214,11,guijiao_10_180,5,0.17499999701976776,4375.0,49.0,0.24175983667373657,0.22629840672016144,0.2197461575269699,0.006552248261868954,0.12914662063121796,0.09059953689575195,0.05056731402873993,2.2480167061189604e-08,0.04003220424056053,1.4667940139770508,2.46939754486084,0.5217270851135254,0.36659228801727295
215,11,guijiao_10_180,6,0.20000000298023224,5000.0,64.0,0.24040131270885468,0.2794886827468872,0.2723557651042938,0.007132911588996649,0.168522447347641,0.10383332520723343,0.05642039328813553,2.6082263460125432e-08,0.04741290584206581,1.4654123783111572,2.4502463340759277,0.5167879462242126,0.3332521617412567
216,11,guijiao_10_180,7,0.22499999403953552,5625.0,81.0,0.35061752796173096,0.33678480982780457,0.32927489280700684,0.007509921677410603,0.21243423223495483,0.1168406754732132,0.06187562644481659,2.9727729611295217e-08,0.05496502295136452,1.4595589637756348,2.433649778366089,0.5125479698181152,0.30635544657707214
217,11,guijiao_10_180,8,0.25,6250.0,100.0,0.3476819396018982,0.3981601595878601,0.39048874378204346,0.007671423256397247,0.2606373429298401,0.12985140085220337,0.06713323295116425,3.345086696526778e-08,0.06271814554929733,1.4505033493041992,2.4184184074401855,0.5089027285575867,0.284473180770874
218,11,guijiao_10_180,9,0.2750000059604645,6875.0,121.0,0.38224053382873535,0.4635865092277527,0.4559767544269562,0.007609768304973841,0.31292515993118286,0.14305159449577332,0.0723518580198288,3.7277974485050436e-08,0.07069970667362213,1.439253330230713,2.4039409160614014,0.5057597756385803,0.266494482755661
219,11,guijiao_10_180,10,0.30000001192092896,7500.0,144.0,0.5158165097236633,0.5330262184143066,0.5257055759429932,0.00732062105089426,0.369126558303833,0.15657898783683777,0.0776466503739357,4.122833274777804e-08,0.07893230020999908,1.426576018333435,2.3899176120758057,0.5030393600463867,0.2515692114830017
220,11,guijiao_10_180,11,0.32499998807907104,8125.0,169.0,0.47507306933403015,0.6064328551292419,0.5996305346488953,0.0068022930063307285,0.4291011393070221,0.17052938044071198,0.08309587836265564,4.531562325382765e-08,0.08743345737457275,1.4130420684814453,2.3762104511260986,0.5006742477416992,0.23905013501644135
221,11,guijiao_10_180,12,0.3499999940395355,8750.0,196.0,0.5916249752044678,0.6837570667266846,0.6777019500732422,0.006055131088942289,0.49273473024368286,0.1849672496318817,0.0887506827712059,4.954960530767494e-08,0.09621652215719223,1.3990693092346191,2.3627634048461914,0.49860841035842896,0.22844481468200684
222,11,guijiao_10_180,13,0.375,9375.0,225.0,0.7030403017997742,0.7649492621421814,0.7598682641983032,0.005081023555248976,0.5599339604377747,0.19993430376052856,0.09464290738105774,5.393710011958319e-08,0.10529133677482605,1.3849573135375977,2.34956431388855,0.4967954158782959,0.21937629580497742
223,11,guijiao_10_180,14,0.4000000059604645,10000.0,256.0,0.7948856353759766,0.8499630093574524,0.8460801243782043,0.0038829059340059757,0.6306235790252686,0.2154565453529358,0.10079140216112137,5.848283990417258e-08,0.11466508358716965,1.3709206581115723,2.336616277694702,0.49519675970077515,0.21155399084091187
224,11,guijiao_10_180,15,0.42500001192092896,10625.0,289.0,0.9257188439369202,0.9387562274932861,0.9362918138504028,0.002464406192302704,0.704741895198822,0.23154988884925842,0.1072068139910698,6.31901926340106e-08,0.12434302270412445,1.3571078777313232,2.3239316940307617,0.49378079175949097,0.20475220680236816
225,11,guijiao_10_180,16,0.44999998807907104,11250.0,324.0,1.0905781984329224,1.0312923192977905,1.0304627418518066,0.000829577911645174,0.7822391986846924,0.24822358787059784,0.11389439553022385,6.806151731097998e-08,0.13432912528514862,1.343620777130127,2.3115243911743164,0.4925210475921631,0.19879379868507385
226,11,guijiao_10_180,17,0.4749999940395355,11875.0,361.0,1.0394068956375122,1.1275402307510376,1.128557562828064,-0.00101738260127604,0.8630750775337219,0.26548245549201965,0.12085621058940887,7.309846949965504e-08,0.1446261703968048,1.330526351928711,2.299405574798584,0.49139565229415894,0.1935385763645172
227,11,guijiao_10_180,18,0.5,12500.0,400.0,1.115393042564392,1.2274723052978516,1.2305445671081543,-0.0030722974333912134,0.9472161531448364,0.28332847356796265,0.1280921846628189,7.830220738469507e-08,0.15523619949817657,1.3178658485412598,2.2875845432281494,0.4903862774372101,0.18887461721897125
