sample_index,split,source_id,sample_weight,aux_weight,config_index,config_name,velocity_index,U,Re,Ca,F_target,F_pred,F_physics,F_residual,F_stem,F_leaf,Fcol_1_pred,Fcol_2_pred,Fcol_3_pred,Fcol_1_true,Fcol_2_true,Fcol_3_true,Cd_stem_eff,Cd_leaf_eff,shielding_coef,shielding_target,angle_diff_deg,reconfiguration_factor,reconfiguration_correction,reconfiguration_gain,column_correction_1,column_correction_2,column_correction_3
0,train,0,1.0,1.0,0,PVC_20_0,0,0.05000000074505806,1250.0,0.15360000729560852,0.07093784958124161,0.0294976606965065,0.028645113110542297,0.0008525468874722719,0.022404832765460014,0.006240279413759708,0.000903972948435694,0.005278322380036116,5.798403435619548e-05,0.0008135348907671869,0.012708019465208054,0.012708019465208054,3.1171939373016357,0.735758900642395,0.9104336500167847,0.9039982557296753,100.79964447021484,0.6699301600456238,2.1880492568016052e-05,0.6699301600456238,1.0505279302597046,1.050632357597351,1.0507794618606567
1,train,0,1.0,1.0,0,PVC_20_0,1,0.07500000298023224,1875.0,0.3456000089645386,0.17443148791790009,0.06691938638687134,0.06498450040817261,0.0019348834175616503,0.05071321874856949,0.014271285384893417,0.002033346565440297,0.01210747379809618,0.00013046516687609255,0.0018697602208703756,0.027825873345136642,0.027825873345136642,3.135889768600464,0.735758900642395,0.9281618595123291,0.9087178111076355,101.7435531616211,0.6698427200317383,0.01679897867143154,0.6698427200317383,1.0504975318908691,1.0506317615509033,1.050788402557373
2,val,0,1.0,1.0,0,PVC_20_0,2,0.10000000149011612,2500.0,0.6144000291824341,0.14795003831386566,0.12004818022251129,0.11657620966434479,0.0034719728864729404,0.0907687246799469,0.025807488709688187,0.0036133723333477974,0.021962175145745277,0.00023193984816316515,0.003428105963394046,0.0476507768034935,0.0476507768034935,3.157172679901123,0.735758900642395,0.947040319442749,0.91482013463974,102.96401977539062,0.6697205901145935,0.027843398973345757,0.6697205901145935,1.0504565238952637,1.0506305694580078,1.0507962703704834
3,train,0,1.0,1.0,0,PVC_20_0,3,0.125,3125.0,0.9599999785423279,0.20464740693569183,0.1892777681350708,0.18380260467529297,0.005475157871842384,0.14278066158294678,0.04102195054292679,0.005642938427627087,0.03501660376787186,0.0003624078235588968,0.005584338214248419,0.07105002552270889,0.07105002552270889,3.17842173576355,0.735758900642395,0.9663821458816528,0.9218372106552124,104.36743927001953,0.6695635318756104,0.034828051924705505,0.6695635318756104,1.050402045249939,1.0506263971328735,1.0508017539978027
4,val,0,1.0,1.0,0,PVC_20_0,4,0.15000000596046448,3750.0,1.3824000358581543,0.270246684551239,0.27486759424209595,0.2669159471988678,0.007951649837195873,0.20685598254203796,0.06005996838212013,0.008120589889585972,0.0514175109565258,0.0005218681180849671,0.008491037413477898,0.09684506058692932,0.09684506058692932,3.1977734565734863,0.735758900642395,0.9854332804679871,0.9292217493057251,105.84434509277344,0.6693717837333679,0.03844999521970749,0.6693717837333679,1.0503294467926025,1.0506173372268677,1.0508034229278564
5,train,0,1.0,1.0,0,PVC_20_0,5,0.17499999701976776,4375.0,1.881600022315979,0.3938428461551666,0.3769177198410034,0.3660140037536621,0.010903717949986458,0.28299480676651,0.0830192044377327,0.011044483631849289,0.07126440107822418,0.0007103179232217371,0.012395291589200497,0.12395953387022018,0.12395953387022018,3.2141382694244385,0.735758900642395,1.003463864326477,0.9363734722137451,107.27469635009766,0.669145405292511,0.03910796344280243,0.669145405292511,1.050232172012329,1.050601601600647,1.0507997274398804
6,train,0,1.0,1.0,0,PVC_20_0,6,0.20000000298023224,5000.0,2.4576001167297363,0.43085381388664246,0.4953914284706116,0.4810622036457062,0.014329228550195694,0.37112247943878174,0.10993972420692444,0.014412340708076954,0.09459962695837021,0.0009277529316022992,0.01771606132388115,0.1515229493379593,0.1515229493379593,3.227151393890381,0.735758900642395,1.0198695659637451,0.9426351189613342,108.52703094482422,0.6688846945762634,0.03714077174663544,0.6688846945762634,1.050101399421692,1.050577163696289,1.0507888793945312
7,train,0,1.0,1.0,0,PVC_20_0,7,0.22499999403953552,5625.0,3.1103999614715576,0.6180073022842407,0.6301642656326294,0.6119413375854492,0.018222924321889877,0.47113412618637085,0.14080722630023956,0.018221359699964523,0.12141170352697372,0.0011741650523617864,0.025219960138201714,0.178911954164505,0.178911954164505,3.236992359161377,0.735758900642395,1.0342493057250977,0.9472165703773499,109.44332122802734,0.6685895323753357,0.03290770202875137,0.6685895323753357,1.049925684928894,1.0505422353744507,1.0507692098617554
8,train,0,1.0,1.0,0,PVC_20_0,8,0.25,6250.0,3.8399999141693115,0.8448036313056946,0.7810782194137573,0.7585004568099976,0.022577788680791855,0.5829327702522278,0.1755676567554474,0.022468138486146927,0.15164998173713684,0.0014495437499135733,0.03648537024855614,0.2057376205921173,0.2057376205921173,3.244147777557373,0.735758900642395,1.046433687210083,0.9489527344703674,109.79054260253906,0.6682601571083069,0.02682437188923359,0.6682601571083069,1.049689769744873,1.0504947900772095,1.0507383346557617
9,train,0,1.0,1.0,0,PVC_20_0,9,0.2750000059604645,6875.0,4.646399974822998,1.050018072128296,0.9479796886444092,0.9205938577651978,0.027385855093598366,0.706447958946228,0.21414592862129211,0.02714848332107067,0.18524357676506042,0.0017538737738505006,0.055444035679101944,0.2318010926246643,0.2318010926246643,3.2492034435272217,0.735758900642395,1.0564594268798828,0.9455310702323914,109.10620880126953,0.6678969264030457,0.019356492906808853,0.6678969264030457,1.0493736267089844,1.0504326820373535,1.0506938695907593
10,train,0,1.0,1.0,0,PVC_20_0,10,0.30000001192092896,7500.0,5.529600143432617,1.2444380521774292,1.1307404041290283,1.0981019735336304,0.03263844922184944,0.8416386842727661,0.25646325945854187,0.032257258892059326,0.22211886942386627,0.002087133005261421,0.09599050879478455,0.25704047083854675,0.25704047083854675,3.2527101039886475,0.7357589602470398,1.0645127296447754,0.9301102161407471,106.02204132080078,0.667499840259552,0.011014899238944054,0.667499840259552,1.0489524602890015,1.0503530502319336,1.0506324768066406
11,train,0,1.0,1.0,0,PVC_20_0,11,0.32499998807907104,8125.0,6.48960018157959,1.354056715965271,1.3292620182037354,1.2909362316131592,0.03832577168941498,0.9884877800941467,0.30244845151901245,0.03778811916708946,0.26221102476119995,0.002449291991069913,0.2500753104686737,0.28148239850997925,0.28148239850997925,3.255117893218994,0.7357590198516846,1.0708619356155396,0.8688808679580688,93.77617645263672,0.6670691967010498,0.0023448201827704906,0.6670691967010498,1.0483952760696411,1.0502530336380005,1.0505505800247192
12,val,0,1.0,1.0,0,PVC_20_0,12,0.3499999940395355,8750.0,7.526400089263916,1.6986725330352783,1.5434709787368774,1.4990348815917969,0.04443608969449997,1.1469923257827759,0.3520425856113434,0.04373331740498543,0.30546894669532776,0.0028403084725141525,0.5733868479728699,0.30520471930503845,0.30520471930503845,3.2567663192749023,0.7357591390609741,1.0757999420166016,0.778120756149292,75.62416076660156,0.6666052937507629,-0.006095151416957378,0.6666052937507629,1.047666311264038,1.0501288175582886,1.050443172454834
13,train,0,1.0,1.0,0,PVC_20_0,13,0.375,9375.0,8.640000343322754,1.9440239667892456,1.7733116149902344,1.7223570346832275,0.050954580307006836,1.3171583414077759,0.40519869327545166,0.05008343607187271,0.3518551290035248,0.0032601298298686743,0.8262953162193298,0.3283105492591858,0.3283105492591858,3.2578985691070557,0.7357593774795532,1.0796051025390625,0.7271667718887329,65.43335723876953,0.6661083102226257,-0.013738393783569336,0.6661083102226257,1.0467252731323242,1.049975872039795,1.050304651260376
14,train,0,1.0,1.0,0,PVC_20_0,14,0.4000000059604645,10000.0,9.830400466918945,2.125422716140747,2.018733263015747,1.9608715772628784,0.05786177143454552,1.498993158340454,0.4618784189224243,0.05682729557156563,0.4013424217700958,0.0037086824886500835,1.0331017971038818,0.3509112596511841,0.3509112596511841,3.2586803436279297,0.7357598543167114,1.082519769668579,0.6930793523788452,58.615875244140625,0.6655785441398621,-0.020043397322297096,0.6655785441398621,1.0455306768417358,1.0497887134552002,1.0501282215118408
15,train,0,1.0,1.0,0,PVC_20_0,15,0.42500001192092896,10625.0,11.097599983215332,2.3944380283355713,2.27968430519104,2.214552640914917,0.065131776034832,1.6925047636032104,0.5220478177070618,0.06395193934440613,0.4539100229740143,0.004185873549431562,1.2118146419525146,0.3731164038181305,0.3731164038181305,3.259223699569702,0.7357609272003174,1.084742546081543,0.6676045656204224,53.52091598510742,0.6650163531303406,-0.024510275572538376,0.6650163531303406,1.0440421104431152,1.0495600700378418,1.0499056577682495
16,train,0,1.0,1.0,0,PVC_20_0,16,0.44999998807907104,11250.0,12.44159984588623,2.6817269325256348,2.5561039447784424,2.4833738803863525,0.07272996753454208,1.8976995944976807,0.5856743454933167,0.07144284248352051,0.5095399022102356,0.004691584967076778,1.370949149131775,0.395028293132782,0.395028293132782,3.2596023082733154,0.7357633113861084,1.0864304304122925,0.6474189162254333,49.48377990722656,0.6644219756126404,-0.02670971117913723,0.6644219756126404,1.0422245264053345,1.0492812395095825,1.049627423286438
17,train,0,1.0,1.0,0,PVC_20_0,17,0.4749999940395355,11875.0,13.86240005493164,2.9678232669830322,2.8479158878326416,2.767305850982666,0.08061010390520096,2.1145830154418945,0.6527227163314819,0.07928424328565598,0.5682128071784973,0.005225670989602804,1.515420913696289,0.4167393147945404,0.4167393147945404,3.2598650455474854,0.7357686161994934,1.087702989578247,0.6308286190032959,46.16572570800781,0.6637957692146301,-0.026299918070435524,0.6637957692146301,1.0400511026382446,1.048940896987915,1.049282193183899
18,train,0,1.0,1.0,0,PVC_20_0,18,0.5,12500.0,15.359999656677246,3.0878708362579346,3.155021905899048,3.0663113594055176,0.08871054649353027,2.343156337738037,0.72315514087677,0.08745992183685303,0.6299072504043579,0.005787964444607496,1.6484487056732178,0.4383312165737152,0.4383312165737152,3.2600436210632324,0.7357810735702515,1.0886493921279907,0.6168425679206848,43.36851501464844,0.6631380915641785,-0.023039182648062706,0.6631380915641785,1.0375064611434937,1.0485248565673828,1.048856258392334
19,train,0,1.0,1.0,1,PVC_20_180,0,0.05000000074505806,1250.0,0.15360000729560852,0.30792152881622314,0.0299261175096035,0.02906024269759655,0.0008658755687065423,0.023205891251564026,0.005854351446032524,0.005796368233859539,6.936336921503639e-11,5.7983063015853986e-05,0.013280894607305527,1.3017747316988583e-22,0.013280894607305527,3.2286453247070312,0.735758900642395,0.8974254131317139,0.9950531721115112,119.01063537597656,0.3399057686328888,-0.07329493016004562,0.3399057686328888,1.0507076978683472,1.0505003929138184,1.0507618188858032
20,val,0,1.0,1.0,1,PVC_20_180,1,0.07500000298023224,1875.0,0.3456000089645386,0.17357100546360016,0.06744014471769333,0.06548788398504257,0.0019522574730217457,0.05231977254152298,0.013168108649551868,0.013037648051977158,1.5699438971061852e-10,0.0001304603210883215,0.030723044648766518,2.8289993467871503e-22,0.030723044648766518,3.23523211479187,0.735758900642395,0.902791440486908,0.9886112809181213,117.72225952148438,0.33978796005249023,-0.06891833245754242,0.33978796005249023,1.050742506980896,1.0504580736160278,1.05074942111969
21,train,0,1.0,1.0,1,PVC_20_180,2,0.10000000149011612,2500.0,0.6144000291824341,0.34319770336151123,0.12004213780164719,0.11656578630208969,0.0034763512667268515,0.09316671639680862,0.023399071767926216,0.023167146369814873,2.8082861036615725e-10,0.00023192614025902003,0.05678054317831993,4.807654095618108e-22,0.05678054317831993,3.2405807971954346,0.735758900642395,0.9084153771400452,0.9791058301925659,115.8211669921875,0.33962297439575195,-0.06495588272809982,0.33962297439575195,1.0507689714431763,1.0504158735275269,1.0507341623306274
22,train,0,1.0,1.0,1,PVC_20_180,3,0.125,3125.0,0.9599999785423279,0.31932196021080017,0.1877489984035492,0.1823100447654724,0.00543894711881876,0.14577136933803558,0.036538682878017426,0.03617630526423454,4.415952603586959e-10,0.00036237831227481365,0.09318999201059341,7.104417698677035e-22,0.09318999201059341,3.244997024536133,0.735758900642395,0.9142522215843201,0.9660651087760925,113.21302032470703,0.339410662651062,-0.06065204367041588,0.339410662651062,1.0507899522781372,1.0503714084625244,1.0507161617279053
23,train,0,1.0,1.0,1,PVC_20_180,4,0.15000000596046448,3750.0,1.3824000358581543,0.31083568930625916,0.2705608606338501,0.2627205550670624,0.007840299978852272,0.21014469861984253,0.052575863897800446,0.05205405130982399,6.399930585487823e-10,0.000521814392413944,0.14211547374725342,3.0935381589327246e-21,0.14211547374725342,3.2486135959625244,0.735758900642395,0.9201836585998535,0.9489836692810059,109.7967300415039,0.3391510546207428,-0.0557200089097023,0.3391510546207428,1.0508065223693848,1.0503227710723877,1.0506951808929443
24,train,0,1.0,1.0,1,PVC_20_180,5,0.17499999701976776,4375.0,1.881600022315979,0.5591400265693665,0.36846426129341125,0.3577840328216553,0.010680214501917362,0.28628700971603394,0.07149701565504074,0.07078678160905838,8.766349313127364e-10,0.0007102307281456888,0.20557907223701477,4.078542853266631e-21,0.20557907223701477,3.2515292167663574,0.735758900642395,0.9260764718055725,0.927563488483429,105.51270294189453,0.33884397149086,-0.050084974616765976,0.33884397149086,1.0508195161819458,1.050268530845642,1.0506707429885864
25,train,0,1.0,1.0,1,PVC_20_180,6,0.20000000298023224,5000.0,2.4576001167297363,0.6062102913856506,0.4814361333847046,0.4674779772758484,0.013958142139017582,0.3741919994354248,0.09328597784042358,0.09235835075378418,1.1520078224691588e-09,0.0009276234195567667,0.28418269753456116,5.143182058862414e-21,0.28418269753456116,3.253843069076538,0.735758900642395,0.9318046569824219,0.9021280407905579,100.42560577392578,0.3384893238544464,-0.043784137815237045,0.3384893238544464,1.0508290529251099,1.050207257270813,1.0506422519683838
26,train,0,1.0,1.0,1,PVC_20_180,7,0.22499999403953552,5625.0,3.1103999614715576,0.8631705045700073,0.6094474792480469,0.5917741656303406,0.017673293128609657,0.47385016083717346,0.11792399734258652,0.11675000935792923,1.4664470748826375e-09,0.0011739861220121384,0.3756729066371918,6.2701978720074416e-21,0.3756729066371918,3.2556533813476562,0.735758900642395,0.9372591376304626,0.8739358186721802,94.78716278076172,0.33808696269989014,-0.03689512610435486,0.33808696269989014,1.0508356094360352,1.0501376390457153,1.0506091117858887
27,train,0,1.0,1.0,1,PVC_20_180,8,0.25,6250.0,3.8399999141693115,1.0573121309280396,0.7524665594100952,0.7306418418884277,0.021824711933732033,0.5852521061897278,0.14538976550102234,0.14394044876098633,1.8201308238374736e-09,0.0014493119670078158,0.47503334283828735,2.200904255082346e-21,0.47503334283828735,3.2570550441741943,0.735758900642395,0.9423533082008362,0.8448962569236755,88.97925567626953,0.33763670921325684,-0.02950606681406498,0.33763670921325684,1.0508389472961426,1.050058126449585,1.0505702495574951
28,val,0,1.0,1.0,1,PVC_20_180,9,0.2750000059604645,6875.0,4.646399974822998,1.2427419424057007,0.9104599356651306,0.8840486407279968,0.026411322876811028,0.7083892226219177,0.1756594330072403,0.17390583455562592,2.2130728360991725e-09,0.0017535918159410357,0.5766147971153259,2.6106018041597455e-21,0.5766147971153259,3.258132219314575,0.735758900642395,0.9470203518867493,0.8167735934257507,83.3547134399414,0.33713850378990173,-0.021687325090169907,0.33713850378990173,1.0508394241333008,1.049966812133789,1.0505249500274658
29,train,0,1.0,1.0,1,PVC_20_180,10,0.30000001192092896,7500.0,5.529600143432617,1.5060391426086426,1.0833933353424072,1.0519614219665527,0.03143194317817688,0.8432550430297852,0.20870643854141235,0.20661962032318115,2.6451323353882117e-09,0.0020868137944489717,0.6762266159057617,3.0584045913771367e-21,0.6762266159057617,3.2589564323425293,0.735758900642395,0.9512119293212891,0.7906438708305359,78.12877655029297,0.33659207820892334,-0.013483545742928982,0.33659207820892334,1.0508368015289307,1.0498617887496948,1.0504719018936157
30,train,0,1.0,1.0,1,PVC_20_180,11,0.32499998807907104,8125.0,6.48960018157959,1.597334623336792,1.2712315320968628,1.2343462705612183,0.03688529133796692,0.989844560623169,0.24450166523456573,0.24205270409584045,3.116018332249837e-09,0.0024489632342010736,0.771656334400177,3.5438832744536875e-21,0.771656334400177,3.2595858573913574,0.735758900642395,0.9548953771591187,0.766912579536438,73.38251495361328,0.33599743247032166,-0.004903299733996391,0.33599743247032166,1.0508311986923218,1.0497406721115112,1.0504097938537598
31,train,0,1.0,1.0,1,PVC_20_180,12,0.3499999940395355,8750.0,7.526400089263916,1.9695085287094116,1.4739381074905396,1.4311680793762207,0.04276997596025467,1.1481547355651855,0.28301337361335754,0.2801733613014221,3.625298505838259e-09,0.00284002092666924,0.8621596693992615,1.1680538468040135e-22,0.8621596693992615,3.2600667476654053,0.7357589602470398,0.9580495953559875,0.7455744743347168,69.1148910522461,0.3353542983531952,0.004076315090060234,0.3353542983531952,1.0508224964141846,1.0496008396148682,1.0503369569778442
32,train,0,1.0,1.0,1,PVC_20_180,13,0.375,9375.0,8.640000343322754,2.2906291484832764,1.6914753913879395,1.6423908472061157,0.04908449202775955,1.3181837797164917,0.32420703768730164,0.3209470808506012,4.172403311741846e-09,0.003259963821619749,0.9478147625923157,1.0756810115930194e-22,0.9478147625923157,3.260435104370117,0.7357590198516846,0.9606630802154541,0.7264378666877747,65.2875747680664,0.3346625864505768,0.01350622158497572,0.3346625864505768,1.05081045627594,1.049438714981079,1.0502517223358154
33,train,0,1.0,1.0,1,PVC_20_180,14,0.4000000059604645,10000.0,9.830400466918945,2.650298833847046,1.9238029718399048,1.8679758310317993,0.055827170610427856,1.4999302625656128,0.3680455982685089,0.36433684825897217,4.756628868562984e-09,0.003708762349560857,1.0290770530700684,9.475226058219414e-23,1.0290770530700684,3.2607176303863525,0.7357590198516846,0.9627299308776855,0.7092531323432922,61.850624084472656,0.3339221775531769,0.023459533229470253,0.3339221775531769,1.0507949590682983,1.049250602722168,1.0501519441604614
34,train,0,1.0,1.0,1,PVC_20_180,15,0.42500001192092896,10625.0,11.097599983215332,2.8269872665405273,2.1708788871765137,2.1078827381134033,0.06299618631601334,1.693393588066101,0.41448912024497986,0.4103027284145355,5.377140066542552e-09,0.004186379723250866,1.1065337657928467,8.751692933370289e-23,1.1065337657928467,3.2609355449676514,0.7357591390609741,0.9642491936683655,0.6937710642814636,58.754215240478516,0.3331330120563507,0.03402477875351906,0.3331330120563507,1.0507756471633911,1.0490316152572632,1.0500351190567017
35,train,0,1.0,1.0,1,PVC_20_180,16,0.44999998807907104,11250.0,12.44159984588623,3.2195968627929688,2.4326586723327637,2.3620691299438477,0.07058953493833542,1.8985741138458252,0.463495135307312,0.45880237221717834,6.032967903024655e-09,0.004692769609391689,1.1807831525802612,1.4413170314209997e-23,1.1807831525802612,3.2611043453216553,0.7357592582702637,0.9652225971221924,0.6797662973403931,55.95326232910156,0.33229491114616394,0.045299094170331955,0.33229491114616394,1.0507524013519287,1.0487762689590454,1.049898386001587
36,val,0,1.0,1.0,1,PVC_20_180,17,0.4749999940395355,11875.0,13.86240005493164,3.643343448638916,2.7090954780578613,2.63049054145813,0.07860501110553741,2.115471839904785,0.5150186419487,0.5097907781600952,6.723006595876768e-09,0.005227876361459494,1.2523813247680664,2.179188649855603e-23,1.2523813247680664,3.261235237121582,0.735759437084198,0.9656532406806946,0.6670430302619934,53.408607482910156,0.33140796422958374,0.05738169327378273,0.33140796422958374,1.0507245063781738,1.0484778881072998,1.0497381687164307
37,train,0,1.0,1.0,1,PVC_20_180,18,0.5,12500.0,15.359999656677246,4.037886619567871,3.0001378059387207,2.913097620010376,0.08704007416963577,2.3440864086151123,0.5690112709999084,0.5632196664810181,7.445995819921336e-09,0.0057916282676160336,1.3218237161636353,7.380154498657305e-22,1.3218237161636353,3.2613377571105957,0.7357597351074219,0.9655447006225586,0.6554343104362488,51.08686828613281,0.33047202229499817,0.07036442309617996,0.33047202229499817,1.0506914854049683,1.0481282472610474,1.0495505332946777
38,train,0,1.0,1.0,2,PVC_10_0,0,0.05000000074505806,1250.0,0.15360000729560852,0.004296653904020786,0.022709239274263382,0.022054482251405716,0.0006547564407810569,0.019169803708791733,0.002884679241105914,0.0004520077200140804,0.0024036830291152,2.8988673875574023e-05,0.00040676744538359344,0.006354009732604027,0.006354009732604027,2.667102813720703,0.735758900642395,0.8292536735534668,0.9039982557296753,100.79964447021484,0.6699301600456238,0.011861263774335384,0.6699301600456238,1.0505772829055786,1.0505650043487549,1.0506582260131836
39,train,0,1.0,1.0,2,PVC_10_0,1,0.07500000298023224,1875.0,0.3456000089645386,0.0044425735250115395,0.04960809648036957,0.04817785695195198,0.0014302391791716218,0.04168540984392166,0.0064924475736916065,0.0010167208965867758,0.005410503130406141,6.52236703899689e-05,0.0009348801104351878,0.013912936672568321,0.013912936672568321,2.577648401260376,0.735758900642395,0.8296003341674805,0.9087178111076355,101.7435531616211,0.6698427200317383,0.020918000489473343,0.6698427200317383,1.050546646118164,1.0505565404891968,1.050644874572754
40,val,0,1.0,1.0,2,PVC_10_0,2,0.10000000149011612,2500.0,0.6144000291824341,0.11792551726102829,0.08614072948694229,0.083657406270504,0.00248332298360765,0.07208756357431412,0.011569843627512455,0.0018067859346047044,0.009647104889154434,0.00011595206160563976,0.001714052981697023,0.02382538840174675,0.02382538840174675,2.5073931217193604,0.735758900642395,0.8320562243461609,0.91482013463974,102.96401977539062,0.6697205901145935,0.02526213228702545,0.6697205901145935,1.050514578819275,1.0505518913269043,1.0506343841552734
41,val,0,1.0,1.0,2,PVC_10_0,3,0.125,3125.0,0.9599999785423279,0.3397746682167053,0.13211891055107117,0.1283103972673416,0.0038085111882537603,0.11016222834587097,0.018148163333535194,0.0028216850478202105,0.015145303681492805,0.00018117351282853633,0.0027921691071242094,0.035525012761354446,0.035525012761354446,2.4523069858551025,0.735758900642395,0.8360158801078796,0.9218372106552124,104.36743927001953,0.6695635318756104,0.0270694512873888,0.6695635318756104,1.0504823923110962,1.050549864768982,1.0506254434585571
42,train,0,1.0,1.0,2,PVC_10_0,4,0.15000000596046448,3750.0,1.3824000358581543,0.16250543296337128,0.18756896257400513,0.18216246366500854,0.005406505893915892,0.1558978259563446,0.026264632120728493,0.0040607634000480175,0.021942980587482452,0.0002608879003673792,0.004245518706738949,0.04842253029346466,0.04842253029346466,2.4100146293640137,0.735758900642395,0.8411429524421692,0.9292217493057251,105.84434509277344,0.6693717837333679,0.027418335899710655,0.6693717837333679,1.0504505634307861,1.0505495071411133,1.0506175756454468
43,train,0,1.0,1.0,2,PVC_10_0,5,0.17499999701976776,4375.0,1.881600022315979,0.17313167452812195,0.2526855170726776,0.24540266394615173,0.007282865699380636,0.20944195985794067,0.03596069663763046,0.005523226223886013,0.030082374811172485,0.0003550949622876942,0.006197645794600248,0.06197976693511009,0.06197976693511009,2.3787550926208496,0.735758900642395,0.8472124934196472,0.9363734722137451,107.27469635009766,0.669145405292511,0.026913035660982132,0.669145405292511,1.0504194498062134,1.0505504608154297,1.0506103038787842
44,train,0,1.0,1.0,2,PVC_10_0,6,0.20000000298023224,5000.0,2.4576001167297363,0.32816481590270996,0.32779204845428467,0.31834518909454346,0.009446859359741211,0.27106454968452454,0.04728063568472862,0.0072081428952515125,0.03960869833827019,0.00046379450941458344,0.008858030661940575,0.07576147466897964,0.07576147466897964,2.3570828437805176,0.735758900642395,0.8540554046630859,0.9426351189613342,108.52703094482422,0.6688846945762634,0.025918928906321526,0.6688846945762634,1.0503888130187988,1.0505523681640625,1.0506032705307007
45,val,0,1.0,1.0,2,PVC_10_0,7,0.22499999403953552,5625.0,3.1103999614715576,0.4748879671096802,0.4133073389530182,0.40139684081077576,0.01191048976033926,0.3411264717578888,0.06027036905288696,0.009114435873925686,0.050568945705890656,0.0005869859596714377,0.012609980069100857,0.0894559770822525,0.0894559770822525,2.343756914138794,0.735758900642395,0.8615359663963318,0.9472165703773499,109.44332122802734,0.6685895323753357,0.024669224396348,0.6685895323753357,1.0503584146499634,1.0505547523498535,1.0505963563919067
46,train,0,1.0,1.0,2,PVC_10_0,8,0.25,6250.0,3.8399999141693115,0.5574852824211121,0.5097173452377319,0.49502965807914734,0.014687670394778252,0.4200531542301178,0.07497650384902954,0.011240893974900246,0.06301094591617584,0.0007246690220199525,0.01824268512427807,0.10286881029605865,0.10286881029605865,2.3376870155334473,0.735758900642395,0.8695396184921265,0.9489527344703674,109.79054260253906,0.6682601571083069,0.023322030901908875,0.6682601571083069,1.0503275394439697,1.0505574941635132,1.0505892038345337
47,train,0,1.0,1.0,2,PVC_10_0,9,0.2750000059604645,6875.0,4.646399974822998,0.5972995758056641,0.6175522804260254,0.5997587442398071,0.01779356226325035,0.5083134174346924,0.09144535660743713,0.013586170971393585,0.07698234170675278,0.0008768434054218233,0.027722017839550972,0.11590054631233215,0.11590054631233215,2.3379127979278564,0.735758900642395,0.8779666423797607,0.9455310702323914,109.10620880126953,0.6678969264030457,0.02198883332312107,0.6678969264030457,1.0502958297729492,1.0505603551864624,1.0505818128585815
48,train,0,1.0,1.0,2,PVC_10_0,10,0.30000001192092896,7500.0,5.529600143432617,0.7768981456756592,0.7373676300048828,0.716123640537262,0.021244002506136894,0.6064016222953796,0.10972202569246292,0.016148772090673447,0.09252975136041641,0.0010435080621391535,0.04799525439739227,0.12852023541927338,0.12852023541927338,2.343581199645996,0.735758900642395,0.886726975440979,0.9301102161407471,106.02204132080078,0.667499840259552,0.020752612501382828,0.667499840259552,1.050262689590454,1.0505632162094116,1.050573706626892
49,train,0,1.0,1.0,2,PVC_10_0,11,0.32499998807907104,8125.0,6.48960018157959,0.982464611530304,0.8697272539138794,0.8446722030639648,0.025055037811398506,0.7148226499557495,0.12984958291053772,0.01892707496881485,0.1096978411078453,0.0012246625265106559,0.12503765523433685,0.14074119925498962,0.14074119925498962,2.353931188583374,0.735758900642395,0.8957385420799255,0.8688808679580688,93.77617645263672,0.6670691967010498,0.019675713032484055,0.6670691967010498,1.0502275228500366,1.0505660772323608,1.0505650043487549
50,train,0,1.0,1.0,2,PVC_10_0,12,0.3499999940395355,8750.0,7.526400089263916,1.096636176109314,1.01518976688385,0.98594731092453,0.029242491349577904,0.8340790271759033,0.1518682986497879,0.021919317543506622,0.1285286843776703,0.001420305809006095,0.28669342398643494,0.15260235965251923,0.15260235965251923,2.368281364440918,0.735758900642395,0.9049253463745117,0.778120756149292,75.62416076660156,0.6666052937507629,0.018811115995049477,0.6666052937507629,1.0501896142959595,1.050568699836731,1.0505555868148804
51,train,0,1.0,1.0,2,PVC_10_0,13,0.375,9375.0,8.640000343322754,1.2108826637268066,1.174299955368042,1.140478253364563,0.033821720629930496,0.9646632671356201,0.17581497132778168,0.02512359991669655,0.1490609347820282,0.0016304370947182178,0.4131476581096649,0.1641552746295929,0.1641552746295929,2.3860268592834473,0.735758900642395,0.9142165780067444,0.7271667718887329,65.43335723876953,0.6661083102226257,0.018205229192972183,0.6661083102226257,1.0501484870910645,1.050571084022522,1.0505450963974
52,train,0,1.0,1.0,2,PVC_10_0,14,0.4000000059604645,10000.0,9.830400466918945,1.3690028190612793,1.3475737571716309,1.3087666034698486,0.038807183504104614,1.1070443391799927,0.20172224938869476,0.02853788249194622,0.1713293045759201,0.001855054753832519,0.5165508985519409,0.17545562982559204,0.17545562982559204,2.4066178798675537,0.735758900642395,0.9235460162162781,0.6930793523788452,58.615875244140625,0.6655786037445068,0.017900416627526283,0.6655786037445068,1.0501031875610352,1.0505731105804443,1.050533413887024
53,train,0,1.0,1.0,2,PVC_10_0,15,0.42500001192092896,10625.0,11.097599983215332,1.6664570569992065,1.5354955196380615,1.4912831783294678,0.04421232268214226,1.2616649866104126,0.2296181321144104,0.032159991562366486,0.19536399841308594,0.0020941568072885275,0.6059073209762573,0.18655820190906525,0.18655820190906525,2.4295639991760254,0.735758900642395,0.9328523278236389,0.6676045656204224,53.52091598510742,0.6650163531303406,0.01793590560555458,0.6650163531303406,1.050053358078003,1.0505748987197876,1.0505205392837524
54,train,0,1.0,1.0,2,PVC_10_0,16,0.44999998807907104,11250.0,12.44159984588623,1.7020379304885864,1.7385096549987793,1.688460350036621,0.05004933103919029,1.4289345741271973,0.2595258057117462,0.03598763048648834,0.2211904376745224,0.0023477424401789904,0.6854745745658875,0.197514146566391,0.197514146566391,2.454423427581787,0.735758900642395,0.9420782923698425,0.6474189162254333,49.48377990722656,0.6644219756126404,0.018353624269366264,0.6644219756126404,1.0499979257583618,1.0505762100219727,1.0505062341690063
55,val,0,1.0,1.0,2,PVC_10_0,17,0.4749999940395355,11875.0,13.86240005493164,1.914313793182373,1.9570152759552002,1.900686264038086,0.05632897466421127,1.6092230081558228,0.29146331548690796,0.040018390864133835,0.24882911145687103,0.0026158096734434366,0.7577104568481445,0.2083696573972702,0.2083696573972702,2.4807965755462646,0.735758900642395,0.9511724710464478,0.6308286190032959,46.16572570800781,0.6637958884239197,0.01919005624949932,0.6637958884239197,1.049936294555664,1.0505770444869995,1.050490379333496
56,train,0,1.0,1.0,2,PVC_10_0,18,0.5,12500.0,15.359999656677246,2.087332010269165,2.19136118888855,2.128300666809082,0.06306042522192001,1.802857756614685,0.32544299960136414,0.04424965754151344,0.27829498052597046,0.002898354781791568,0.8242243528366089,0.2191656082868576,0.2191656082868576,2.5083236694335938,0.735758900642395,0.9600869417190552,0.6168425679206848,43.36851501464844,0.663138210773468,0.02048278972506523,0.663138210773468,1.0498675107955933,1.0505774021148682,1.0504727363586426
57,val,0,1.0,1.0,3,PVC_10_180,0,0.05000000074505806,1250.0,0.15360000729560852,0.1761522889137268,0.02629261277616024,0.025532299652695656,0.0007603136473335326,0.02260504476726055,0.0029272541869431734,0.002898263046517968,3.248917801457196e-11,2.8991142244194634e-05,0.006640447303652763,6.508873658494291e-23,0.006640447303652763,3.1450490951538086,0.735758900642395,0.8406897783279419,0.9950531721115112,119.01063537597656,0.3399057686328888,-0.032004714012145996,0.3399057686328888,1.0507363080978394,1.0505032539367676,1.0507477521896362
58,val,0,1.0,1.0,3,PVC_10_180,1,0.07500000298023224,1875.0,0.3456000089645386,0.1749381422996521,0.05915099382400513,0.05743979662656784,0.0017111987108364701,0.050855621695518494,0.006584174931049347,0.006518945097923279,7.282351804915876e-11,6.522990588564426e-05,0.015361522324383259,1.4144996733935752e-22,0.015361522324383259,3.144695520401001,0.735758900642395,0.8375240564346313,0.9886112809181213,117.72225952148438,0.33978796005249023,-0.030910667032003403,0.33978796005249023,1.0507620573043823,1.0504765510559082,1.0507452487945557
59,train,0,1.0,1.0,3,PVC_10_180,2,0.10000000149011612,2500.0,0.6144000291824341,0.10751472413539886,0.10515983402729034,0.10211661458015442,0.003043222241103649,0.09041692316532135,0.01169968955218792,0.011583725921809673,1.2908707436309896e-10,0.00011596389958867803,0.028390271589159966,2.403827047809054e-22,0.028390271589159966,3.1449360847473145,0.735758900642395,0.8351047039031982,0.9791058301925659,115.8211669921875,0.33962297439575195,-0.030326243489980698,0.33962297439575195,1.0507827997207642,1.0504519939422607,1.0507416725158691
60,train,0,1.0,1.0,3,PVC_10_180,3,0.125,3125.0,0.9599999785423279,0.198393777012825,0.16434751451015472,0.15959006547927856,0.0047574471682310104,0.14132052659988403,0.01826953887939453,0.01808834634721279,2.0125101585222183e-10,0.00018119286687579006,0.04659499600529671,3.5522088493385176e-22,0.04659499600529671,3.1459174156188965,0.735758900642395,0.8332710266113281,0.9660651087760925,113.21302032470703,0.339410662651062,-0.029630091041326523,0.339410662651062,1.0508012771606445,1.050428032875061,1.050737738609314
61,train,0,1.0,1.0,3,PVC_10_180,4,0.15000000596046448,3750.0,1.3824000358581543,0.27636855840682983,0.23675961792469025,0.2299041897058487,0.00685542356222868,0.2036159485578537,0.026288243010640144,0.02602732554078102,2.8933394569108373e-10,0.00026091677136719227,0.07105773687362671,1.5467690794663623e-21,0.07105773687362671,3.147686243057251,0.735758900642395,0.8319459557533264,0.9489836692810059,109.7967300415039,0.3391510546207428,-0.028596563264727592,0.3391510546207428,1.0508185625076294,1.0504039525985718,1.0507338047027588
62,train,0,1.0,1.0,3,PVC_10_180,5,0.17499999701976776,4375.0,1.881600022315979,0.3855060040950775,0.32245564460754395,0.31311655044555664,0.009339097887277603,0.277367502450943,0.035749051719903946,0.03539391607046127,3.9339606572319497e-10,0.0003551353293005377,0.10278953611850739,2.0392714266333154e-21,0.10278953611850739,3.1502254009246826,0.735758900642395,0.831078827381134,0.927563488483429,105.51270294189453,0.33884397149086,-0.027141936123371124,0.33884397149086,1.050835132598877,1.0503795146942139,1.0507298707962036
63,train,0,1.0,1.0,3,PVC_10_180,6,0.20000000298023224,5000.0,2.4576001167297363,0.4729076027870178,0.4215037226676941,0.4092930555343628,0.012210654094815254,0.3626490533351898,0.046643998473882675,0.04618015140295029,5.135311620385608e-10,0.0004638488171622157,0.14209134876728058,2.571591029431207e-21,0.14209134876728058,3.1534698009490967,0.735758900642395,0.830625593662262,0.9021280407905579,100.42560577392578,0.3384893238544464,-0.025244668126106262,0.3384893238544464,1.0508512258529663,1.0503545999526978,1.050726294517517
64,val,0,1.0,1.0,3,PVC_10_180,7,0.22499999403953552,5625.0,3.1103999614715576,0.585237979888916,0.5339742302894592,0.518501877784729,0.01547232735902071,0.4595380425453186,0.05896381288766861,0.05837675556540489,6.49855502743435e-10,0.0005870566237717867,0.1878364533185959,3.1350989360037208e-21,0.1878364533185959,3.157320022583008,0.735758900642395,0.8305408954620361,0.8739358186721802,94.78716278076172,0.33808696269989014,-0.0229045357555151,0.33808696269989014,1.0508671998977661,1.0503288507461548,1.0507228374481201
65,val,0,1.0,1.0,3,PVC_10_180,8,0.25,6250.0,3.8399999141693115,0.6845232844352722,0.6599345207214355,0.6408082842826843,0.019126247614622116,0.5681102871894836,0.07269798219203949,0.07197321951389313,8.024979014642497e-10,0.0007247589528560638,0.23751667141914368,1.100452127541173e-21,0.23751667141914368,3.1616570949554443,0.735758900642395,0.8307763338088989,0.8448962569236755,88.97925567626953,0.33763670921325684,-0.020132096484303474,0.33763670921325684,1.0508826971054077,1.050302267074585,1.0507194995880127
66,train,0,1.0,1.0,3,PVC_10_180,9,0.2750000059604645,6875.0,4.646399974822998,0.8764917254447937,0.7994441986083984,0.7762699127197266,0.023174278438091278,0.6884351968765259,0.08783471584320068,0.08695776015520096,9.71588476339491e-10,0.0008769555133767426,0.28830739855766296,1.3053009020798728e-21,0.28830739855766296,3.1663565635681152,0.735758900642395,0.8312824368476868,0.8167735934257507,83.3547134399414,0.33713850378990173,-0.016939278692007065,0.33713850378990173,1.0508979558944702,1.0502746105194092,1.0507161617279053
67,train,0,1.0,1.0,3,PVC_10_180,10,0.30000001192092896,7500.0,5.529600143432617,0.9029657244682312,0.9525513648986816,0.9249334335327148,0.027617935091257095,0.8205724954605103,0.10436093807220459,0.10331729054450989,1.1572490743461117e-09,0.001043646247126162,0.33811330795288086,1.5292022956885683e-21,0.33811330795288086,3.1712944507598877,0.735758900642395,0.8320087790489197,0.7906438708305359,78.12877655029297,0.33659207820892334,-0.013336948119103909,0.33659207820892334,1.050912857055664,1.0502458810806274,1.0507128238677979
68,val,0,1.0,1.0,3,PVC_10_180,11,0.32499998807907104,8125.0,6.48960018157959,1.0138746500015259,1.1192915439605713,1.0868332386016846,0.03245832026004791,0.964570939540863,0.12226223945617676,0.12103740870952606,1.3595888859185834e-09,0.0012248305138200521,0.3858281672000885,1.7719416372268438e-21,0.3858281672000885,3.1763594150543213,0.735758900642395,0.8329077959060669,0.766912579536438,73.38251495361328,0.33599743247032166,-0.009328418411314487,0.33599743247032166,1.0509272813796997,1.050215721130371,1.0507091283798218
69,train,0,1.0,1.0,3,PVC_10_180,12,0.3499999940395355,8750.0,7.526400089263916,1.313947081565857,1.2996870279312134,1.2619909048080444,0.03769613057374954,1.1204679012298584,0.14152298867702484,0.14010247588157654,1.5786982832111107e-09,0.0014205081388354301,0.43107983469963074,5.840269234020067e-23,0.43107983469963074,3.181452989578247,0.735758900642395,0.8339349627494812,0.7455744743347168,69.1148910522461,0.3353542387485504,-0.004919820930808783,0.3353542387485504,1.0509412288665771,1.0501840114593506,1.0507051944732666
70,train,0,1.0,1.0,3,PVC_10_180,13,0.375,9375.0,8.640000343322754,1.5928974151611328,1.4937478303909302,1.4504162073135376,0.04333166778087616,1.288290023803711,0.16212621331214905,0.16049553453922272,1.814645766984313e-09,0.0016306783072650433,0.47390738129615784,5.378405057965097e-23,0.47390738129615784,3.186495065689087,0.735758900642395,0.835049569606781,0.7264378666877747,65.2875747680664,0.3346625864505768,-0.00010663643479347229,0.3346625864505768,1.0509545803070068,1.0501506328582764,1.0507005453109741
71,train,0,1.0,1.0,3,PVC_10_180,14,0.4000000059604645,10000.0,9.830400466918945,1.7449835538864136,1.7014728784561157,1.6521079540252686,0.049364879727363586,1.4680542945861816,0.18405359983444214,0.18219825625419617,2.067479520917459e-09,0.0018553404370322824,0.5145385265350342,4.737613029109707e-23,0.5145385265350342,3.1914217472076416,0.735758900642395,0.8362162709236145,0.7092531323432922,61.850624084472656,0.3339221775531769,0.005116729065775871,0.3339221775531769,1.0509672164916992,1.0501154661178589,1.0506951808929443
72,train,0,1.0,1.0,3,PVC_10_180,15,0.42500001192092896,10625.0,11.097599983215332,1.9275760650634766,1.922849416732788,1.8670541048049927,0.05579536780714989,1.6597685813903809,0.2072855532169342,0.20519106090068817,2.3372201951588067e-09,0.00209449278190732,0.5532668828964233,4.3758464666851443e-23,0.5532668828964233,3.1961843967437744,0.735758900642395,0.8374032378196716,0.6937710642814636,58.754215240478516,0.3331330120563507,0.010760752484202385,0.3331330120563507,1.0509792566299438,1.050078272819519,1.0506891012191772
73,train,0,1.0,1.0,3,PVC_10_180,16,0.44999998807907104,11250.0,12.44159984588623,2.2017436027526855,2.157860279083252,2.0952377319335938,0.0626225695014,1.8634363412857056,0.23180130124092102,0.2294531613588333,2.6238700101544055e-09,0.002348134759813547,0.5903915762901306,7.206585157104998e-24,0.5903915762901306,3.200749635696411,0.735758900642395,0.8385837078094482,0.6797662973403931,55.95326232910156,0.33229494094848633,0.01684008352458477,0.33229494094848633,1.0509907007217407,1.0500389337539673,1.0506818294525146
74,val,0,1.0,1.0,3,PVC_10_180,17,0.4749999940395355,11875.0,13.86240005493164,2.481191635131836,2.406477928161621,2.336632251739502,0.06984558701515198,2.0790536403656006,0.25757864117622375,0.25496238470077515,2.9274043189531085e-09,0.002616266021504998,0.6261906623840332,1.0895943249278015e-23,0.6261906623840332,3.2050929069519043,0.735758900642395,0.8397340774536133,0.6670430302619934,53.408607482910156,0.33140796422958374,0.023370621725916862,0.33140796422958374,1.0510014295578003,1.049997329711914,1.0506736040115356
75,train,0,1.0,1.0,3,PVC_10_180,18,0.5,12500.0,15.359999656677246,2.5872838497161865,2.668670892715454,2.591207504272461,0.07746344059705734,2.3066134452819824,0.2845940887928009,0.2816952168941498,3.247772717429598e-09,0.002898882608860731,0.6609118580818176,3.6900772493286525e-22,0.6609118580818176,3.2092010974884033,0.735758900642395,0.8408340215682983,0.6554343104362488,51.08686828613281,0.33047202229499817,0.030373943969607353,0.33047202229499817,1.0510114431381226,1.0499531030654907,1.0506640672683716
76,val,0,1.0,1.0,8,guijiao_20_0,0,0.05000000074505806,1250.0,4.0,0.03274283930659294,0.03116939775645733,0.030270211398601532,0.0008991871145553887,0.019788367673754692,0.010481842793524265,0.005754056852310896,0.004669809713959694,5.797556514153257e-05,0.01904510147869587,0.008109244517982006,0.008109244517982006,2.7531635761260986,0.735758900642395,0.8055496215820312,0.6207086443901062,44.14173126220703,0.6675379276275635,0.018095405772328377,0.6675379276275635,1.0505024194717407,1.0505337715148926,1.0506259202957153
77,train,0,1.0,1.0,8,guijiao_20_0,1,0.07500000298023224,1875.0,9.0,0.1314956545829773,0.06685344874858856,0.06492584943771362,0.0019276017555966973,0.04170425236225128,0.02322159893810749,0.012825100682675838,0.010266060009598732,0.0001304399484070018,0.03737829253077507,0.012877439148724079,0.012877439148724079,2.5788135528564453,0.735758900642395,0.7870804071426392,0.5476172566413879,29.523452758789062,0.664438784122467,0.018367430195212364,0.664438784122467,1.0504812002182007,1.0505226850509644,1.0505852699279785
78,train,0,1.0,1.0,8,guijiao_20_0,2,0.10000000149011612,2500.0,16.0,0.1263606995344162,0.11268264055252075,0.1094355657696724,0.0032470785081386566,0.06884274631738663,0.04059281945228577,0.02249593287706375,0.017865004017949104,0.00023188366321846843,0.05183761939406395,0.01717318408191204,0.01717318408191204,2.3945300579071045,0.735758900642395,0.7704499959945679,0.5097271203994751,21.9454288482666,0.6600717902183533,0.014312077313661575,0.6600717902183533,1.0504586696624756,1.0505139827728271,1.0505417585372925
79,train,0,1.0,1.0,8,guijiao_20_0,3,0.125,3125.0,25.0,0.10596927255392075,0.16615772247314453,0.16137270629405975,0.004785018507391214,0.09910780191421509,0.062264904379844666,0.03453643620014191,0.027366165071725845,0.00036230223486199975,0.06461422890424728,0.02142789214849472,0.02142789214849472,2.206225872039795,0.735758900642395,0.7553331851959229,0.48791635036468506,17.583267211914062,0.6544344425201416,0.008235130459070206,0.6544344425201416,1.050436019897461,1.0505061149597168,1.0504956245422363
80,val,0,1.0,1.0,8,guijiao_20_0,4,0.15000000596046448,3750.0,36.0,0.2565729320049286,0.2250266820192337,0.21855056285858154,0.006476119626313448,0.130685955286026,0.08786460757255554,0.04865496978163719,0.03868795186281204,0.0005216910503804684,0.07707758992910385,0.02586590126156807,0.02586590126156807,2.020266056060791,0.735758900642395,0.7415507435798645,0.47369226813316345,14.738452911376953,0.6475563645362854,0.0012554109562188387,0.6475563645362854,1.0504136085510254,1.0504988431930542,1.05044686794281
81,train,0,1.0,1.0,8,guijiao_20_0,5,0.17499999701976776,4375.0,49.0,0.34047091007232666,0.2874425947666168,0.279175728559494,0.008266877382993698,0.16219033300876617,0.11698538810014725,0.06451088190078735,0.05176445469260216,0.0007100448128767312,0.08983232080936432,0.030577916651964188,0.030577916651964188,1.8420908451080322,0.735758900642395,0.7289642691612244,0.4635932743549347,12.71865463256836,0.6395167708396912,-0.0060324049554765224,0.6395167708396912,1.0503913164138794,1.0504915714263916,1.0503956079483032
82,train,0,1.0,1.0,8,guijiao_20_0,6,0.20000000298023224,5000.0,64.0,0.37226971983909607,0.35202810168266296,0.341910719871521,0.01011738646775484,0.1927042156457901,0.1492065191268921,0.08173629641532898,0.0665428563952446,0.0009273580508306623,0.1031419187784195,0.0355924554169178,0.0355924554169178,1.6756885051727295,0.735758900642395,0.7174555063247681,0.45599478483200073,11.198957443237305,0.6304553151130676,-0.013312715105712414,0.6304553151130676,1.0503690242767334,1.0504844188690186,1.0503416061401367
83,train,0,1.0,1.0,8,guijiao_20_0,7,0.22499999403953552,5625.0,81.0,0.4480170011520386,0.4178672432899475,0.40586617588996887,0.012001055292785168,0.22174598276615143,0.18412019312381744,0.09996538609266281,0.0829811841249466,0.001173623837530613,0.11711513996124268,0.04091043025255203,0.04091043025255203,1.5235365629196167,0.735758900642395,0.7069215774536133,0.45003658533096313,10.007320404052734,0.6205723881721497,-0.020418774336576462,0.6205723881721497,1.0503462553024292,1.050477147102356,1.0502848625183105
84,train,0,1.0,1.0,8,guijiao_20_0,8,0.25,6250.0,100.0,0.5355852842330933,0.4844529926776886,0.47054994106292725,0.013903062790632248,0.24918800592422485,0.2213619351387024,0.11886605620384216,0.10104703158140182,0.0014488358283415437,0.1317870318889618,0.046520885080099106,0.046520885080099106,1.3867853879928589,0.735758900642395,0.6972737312316895,0.4452192783355713,9.043856620788574,0.6101160645484924,-0.02727261558175087,0.6101160645484924,1.0503228902816772,1.0504696369171143,1.0502251386642456
85,train,0,1.0,1.0,8,guijiao_20_0,9,0.2750000059604645,6875.0,121.0,0.537065327167511,0.5516088604927063,0.5357908010482788,0.015818066895008087,0.27515551447868347,0.2606353163719177,0.13816630840301514,0.12071602791547775,0.0017529861070215702,0.14715644717216492,0.052408237010240555,0.052408237010240555,1.2655373811721802,0.735758900642395,0.688434362411499,0.4412316679954529,8.246335983276367,0.5993581414222717,-0.03384261950850487,0.5993581414222717,1.0502986907958984,1.0504618883132935,1.0501620769500732
86,train,0,1.0,1.0,8,guijiao_20_0,10,0.30000001192092896,7500.0,144.0,0.6555957198143005,0.6194062829017639,0.6016584634780884,0.01774781011044979,0.29993170499801636,0.301726758480072,0.1576698124408722,0.14197087287902832,0.0020860666409134865,0.16320447623729706,0.05855567753314972,0.05855567753314972,1.159156322479248,0.735758900642395,0.680335283279419,0.43786895275115967,7.573787689208984,0.5885652303695679,-0.040123146027326584,0.5885652303695679,1.0502732992172241,1.0504539012908936,1.050095796585083
87,train,0,1.0,1.0,8,guijiao_20_0,11,0.32499998807907104,8125.0,169.0,0.7337173223495483,0.6880830526351929,0.668384313583374,0.019698763266205788,0.32387810945510864,0.3445062041282654,0.17725786566734314,0.1648002713918686,0.0024480680003762245,0.17990387976169586,0.064946748316288,0.064946748316288,1.0665397644042969,0.735758900642395,0.672916054725647,0.43499016761779785,6.998030662536621,0.5779734253883362,-0.04612177610397339,0.5779734253883362,1.0502467155456543,1.0504456758499146,1.0500258207321167
88,train,0,1.0,1.0,8,guijiao_20_0,12,0.3499999940395355,8750.0,196.0,0.7751927375793457,0.7579765915870667,0.7362964153289795,0.021680191159248352,0.347377747297287,0.3889186978340149,0.19688159227371216,0.18919815123081207,0.00283897970803082,0.19722402095794678,0.07156606018543243,0.07156606018543243,0.986343264579773,0.735758900642395,0.6661224365234375,0.4324948787689209,6.498973846435547,0.5677726864814758,-0.05184953287243843,0.5677726864814758,1.0502188205718994,1.0504369735717773,1.0499520301818848
89,val,0,1.0,1.0,8,guijiao_20_0,13,0.375,9375.0,225.0,0.7986027598381042,0.8294709920883179,0.8057683706283569,0.02370261400938034,0.3707966208457947,0.43497171998023987,0.21655018627643585,0.2151627242565155,0.003258791984990239,0.2151336669921875,0.07839954644441605,0.07839954644441605,0.91713947057724,0.735758900642395,0.659905195236206,0.43030932545661926,6.06186580657959,0.5581037998199463,-0.057319119572639465,0.5581037998199463,1.0501892566680908,1.050427794456482,1.0498743057250977
90,val,0,1.0,1.0,8,guijiao_20_0,14,0.4000000059604645,10000.0,256.0,0.884392499923706,0.9029687643051147,0.8771917819976807,0.02577701024711132,0.394465833902359,0.48272594809532166,0.2363225668668747,0.2426958829164505,0.003707492956891656,0.23360233008861542,0.08543454110622406,0.08543454110622406,0.8575343489646912,0.735758900642395,0.6542192697525024,0.42837801575660706,5.675602912902832,0.5490655899047852,-0.06254113465547562,0.5490655899047852,1.0501582622528076,1.0504182577133179,1.0497925281524658
91,val,0,1.0,1.0,8,guijiao_20_0,15,0.42500001192092896,10625.0,289.0,1.0040017366409302,0.9788749814033508,0.950960636138916,0.02791433036327362,0.41866976022720337,0.5322908759117126,0.256303608417511,0.2718021869659424,0.004185067489743233,0.2526010274887085,0.09265967458486557,0.09265967458486557,0.8062242865562439,0.735758900642395,0.6490233540534973,0.4266582429409027,5.331648349761963,0.5407266020774841,-0.06752519309520721,0.5407266020774841,1.0501254796981812,1.0504080057144165,1.0497063398361206
92,train,0,1.0,1.0,8,guijiao_20_0,16,0.44999998807907104,11250.0,324.0,1.018639326095581,1.0575978755950928,1.0274723768234253,0.03012552112340927,0.4436485767364502,0.5838238000869751,0.2766432762145996,0.3024890422821045,0.004691504407674074,0.2721027135848999,0.10006482899188995,0.10006482899188995,0.7620373368263245,0.735758900642395,0.6442794799804688,0.4251165986061096,5.02332067489624,0.5331339240074158,-0.07227731496095657,0.5331339240074158,1.050091028213501,1.050397276878357,1.049615740776062
93,train,0,1.0,1.0,8,guijiao_20_0,17,0.4749999940395355,11875.0,361.0,1.1686152219772339,1.1395418643951416,1.1071205139160156,0.0324212908744812,0.46959877014160156,0.6375217437744141,0.29752951860427856,0.3347654342651367,0.005226789508014917,0.2920822501182556,0.10764095932245255,0.10764095932245255,0.7239388227462769,0.735758900642395,0.6399524807929993,0.42372652888298035,4.74530553817749,0.5263166427612305,-0.0768033042550087,0.5263166427612305,1.0500547885894775,1.05038583278656,1.0495206117630005
94,train,0,1.0,1.0,8,guijiao_20_0,18,0.5,12500.0,400.0,1.143523097038269,1.2234673500061035,1.188701868057251,0.03476553410291672,0.49667948484420776,0.6920223236083984,0.3191731870174408,0.36705824732780457,0.005790903232991695,0.31251654028892517,0.11538002640008926,0.11538002640008926,0.6910322904586792,0.735758900642395,0.6360096335411072,0.42246657609939575,4.493317604064941,0.5188516974449158,-0.08110607415437698,0.5188516974449158,1.0500166416168213,1.0503736734390259,1.0494205951690674
95,train,0,1.0,1.0,9,guijiao_20_180,0,0.05000000074505806,1250.0,4.0,0.08496236801147461,0.02883094921708107,0.027997611090540886,0.0008333373698405921,0.02218448556959629,0.005813125520944595,0.005755145568400621,6.476244540642995e-11,5.797990525024943e-05,0.01904510147869587,3.115521200628112e-22,0.01904510147869587,3.0865368843078613,0.735758900642395,0.8378766775131226,0.838975191116333,87.79503631591797,0.33753788471221924,-0.009708784520626068,0.33753788471221924,1.0507012605667114,1.050527811050415,1.0507045984268188
96,val,0,1.0,1.0,9,guijiao_20_180,1,0.07500000298023224,1875.0,9.0,0.20686888694763184,0.06391339749097824,0.0620657242834568,0.0018476746045053005,0.049107059836387634,0.012958664447069168,0.012828213162720203,1.4332643405445822e-10,0.00013045156083535403,0.03737829253077507,3.9326089374331247e-22,0.03737829253077507,3.036571502685547,0.735758900642395,0.8241629600524902,0.7209258079528809,64.1851577758789,0.3344387710094452,2.6920810341835022e-05,0.3344387710094452,1.0507360696792603,1.0504980087280273,1.0506788492202759
97,train,0,1.0,1.0,9,guijiao_20_180,2,0.10000000149011612,2500.0,16.0,0.23048630356788635,0.11155585199594498,0.10833066701889038,0.0032251884695142508,0.08559630811214447,0.02273436263203621,0.02250245399773121,2.507405116869421e-10,0.00023190777574200183,0.05183761939406395,7.925297521407882e-22,0.05183761939406395,2.977262496948242,0.735758900642395,0.8110451102256775,0.6509374380111694,50.1874885559082,0.3300718069076538,0.005029131192713976,0.3300718069076538,1.0507632493972778,1.0504705905914307,1.050650954246521
98,train,0,1.0,1.0,9,guijiao_20_180,3,0.125,3125.0,25.0,0.37194958329200745,0.17050296068191528,0.16557349264621735,0.00492946757003665,0.1306632161140442,0.03491027653217316,0.03454793244600296,3.8578534811151144e-10,0.00036234562867321074,0.06461422890424728,6.314029432525771e-23,0.06461422890424728,2.908676862716675,0.735758900642395,0.7986510992050171,0.6060657501220703,41.2131462097168,0.32443445920944214,0.007169518619775772,0.32443445920944214,1.0507856607437134,1.0504446029663086,1.050621509552002
99,train,0,1.0,1.0,9,guijiao_20_180,4,0.15000000596046448,3750.0,36.0,0.4915699362754822,0.2392914593219757,0.23237337172031403,0.0069180866703391075,0.18317851424217224,0.049194853752851486,0.04867308959364891,5.47497380765094e-10,0.0005217625293880701,0.07707758992910385,1.1234837105300057e-22,0.07707758992910385,2.831745147705078,0.735758900642395,0.7871204018592834,0.5746968984603882,34.93937683105469,0.31755638122558594,0.00745966425165534,0.31755638122558594,1.0508047342300415,1.050419807434082,1.0505908727645874
100,val,0,1.0,1.0,9,guijiao_20_180,5,0.17499999701976776,4375.0,49.0,0.4082214832305908,0.31634974479675293,0.3072042465209961,0.009145504795014858,0.24195683002471924,0.06524743139743805,0.06453727930784225,7.351742548067364e-10,0.0007101556402631104,0.08983232080936432,1.3686390868963706e-22,0.08983232080936432,2.7480459213256836,0.735758900642395,0.7765430212020874,0.551417887210846,30.2835750579834,0.3095167577266693,0.006517508067190647,0.3095167577266693,1.0508211851119995,1.05039644241333,1.050559639930725
101,train,0,1.0,1.0,9,guijiao_20_180,6,0.20000000298023224,5000.0,64.0,0.6384890079498291,0.40011364221572876,0.38854721188545227,0.01156641822308302,0.3058471083641052,0.08270011097192764,0.0817725881934166,9.483448470959388e-10,0.0009275226038880646,0.1031419187784195,1.1510744046800364e-22,0.1031419187784195,2.6595396995544434,0.735758900642395,0.7669491767883301,0.533397376537323,26.679471969604492,0.3004553020000458,0.004757806193083525,0.3004553020000458,1.050835371017456,1.0503743886947632,1.0505280494689941
102,val,0,1.0,1.0,9,guijiao_20_180,7,0.22499999403953552,5625.0,81.0,0.6797599196434021,0.4891307055950165,0.47499191761016846,0.01413878146559,0.3738049268722534,0.10118698328733444,0.1000131219625473,1.1867146154642683e-09,0.0011738603934645653,0.11711513996124268,1.050909643209376e-21,0.11711513996124268,2.5682787895202637,0.735758900642395,0.7583158612251282,0.5190048217773438,23.800962448120117,0.2905723750591278,0.0024721776135265827,0.2905723750591278,1.0508477687835693,1.0503538846969604,1.0504965782165527
103,val,0,1.0,1.0,9,guijiao_20_180,8,0.25,6250.0,100.0,0.6456429958343506,0.5821413397789001,0.5653151869773865,0.016826141625642776,0.4449393153190613,0.1203758642077446,0.11892669647932053,1.4501156941904014e-09,0.0014491667971014977,0.1317870318889618,2.441323209599568e-21,0.1317870318889618,2.4761838912963867,0.735758900642395,0.7505843639373779,0.507230281829834,21.44605827331543,0.2801160514354706,-0.00013143382966518402,0.2801160514354706,1.050858736038208,1.0503346920013428,1.0504651069641113
104,train,0,1.0,1.0,9,guijiao_20_180,9,0.2750000059604645,6875.0,121.0,0.7804605960845947,0.6781205534934998,0.6585217118263245,0.019598841667175293,0.5185270309448242,0.13999469578266144,0.1382412612438202,1.7384617079230225e-09,0.0017534398939460516,0.14715644717216492,7.467274025110506e-22,0.14715644717216492,2.3848888874053955,0.735758900642395,0.7436763048171997,0.49741220474243164,19.482440948486328,0.2693581283092499,-0.0029116154182702303,0.2693581283092499,1.0508683919906616,1.0503168106079102,1.050433874130249
105,train,0,1.0,1.0,9,guijiao_20_180,10,0.30000001192092896,7500.0,144.0,0.7066598534584045,0.7762877345085144,0.753853440284729,0.02243429236114025,0.594006359577179,0.15984708070755005,0.1577604115009308,2.0517114673879178e-09,0.0020866766571998596,0.16320447623729706,1.0497243475137566e-20,0.16320447623729706,2.2956767082214355,0.735758900642395,0.7375048995018005,0.48909759521484375,17.819517135620117,0.258565217256546,-0.005775171332061291,0.258565217256546,1.0508768558502197,1.050300121307373,1.0504027605056763
106,train,0,1.0,1.0,9,guijiao_20_180,11,0.32499998807907104,8125.0,169.0,0.8475066423416138,0.8760839104652405,0.8507676124572754,0.02531631663441658,0.6709532141685486,0.17981436848640442,0.1773654967546463,2.3898549805778657e-09,0.002448874292895198,0.17990387976169586,1.9914623663219895e-20,0.17990387976169586,2.209467887878418,0.735758900642395,0.7319854497909546,0.48196521401405334,16.393043518066406,0.24797342717647552,-0.008666994981467724,0.24797342717647552,1.0508843660354614,1.0502843856811523,1.0503716468811035
107,train,0,1.0,1.0,9,guijiao_20_180,12,0.3499999940395355,8750.0,196.0,0.8986618518829346,0.9771347045898438,0.9489006400108337,0.028234053403139114,0.7490530014038086,0.19984763860702515,0.19700761139392853,2.7528987978087116e-09,0.002840030239894986,0.19722402095794678,3.602878215793624e-20,0.19722402095794678,2.1268584728240967,0.735758900642395,0.7270395755767822,0.4757799208164215,15.155984878540039,0.23777265846729279,-0.011557831428945065,0.23777265846729279,1.0508910417556763,1.0502692461013794,1.0503405332565308
108,train,0,1.0,1.0,9,guijiao_20_180,13,0.375,9375.0,225.0,0.9627761244773865,1.0792068243026733,1.0480260848999023,0.031180724501609802,0.8280698657035828,0.21995621919631958,0.21669608354568481,3.140861792871874e-09,0.003260142169892788,0.2151336669921875,6.256844559669679e-20,0.2151336669921875,2.04817271232605,0.735758900642395,0.7225968837738037,0.4703657627105713,14.073150634765625,0.22810377180576324,-0.01443543191999197,0.22810377180576324,1.0508968830108643,1.0502548217773438,1.0503093004226685
109,train,0,1.0,1.0,9,guijiao_20_180,14,0.4000000059604645,10000.0,256.0,1.150991439819336,1.1821775436401367,1.1480247974395752,0.034152720123529434,0.9078256487846375,0.24019916355609894,0.23648995161056519,3.5537774945026968e-09,0.003709206124767661,0.23360233008861542,1.048540348326812e-19,0.23360233008861542,1.9735337495803833,0.735758900642395,0.7185976505279541,0.4655887186527252,13.117743492126465,0.2190656065940857,-0.017295576632022858,0.2190656065940857,1.0509021282196045,1.0502407550811768,1.0502777099609375
110,train,0,1.0,1.0,9,guijiao_20_180,15,0.42500001192092896,10625.0,289.0,1.2544622421264648,1.2860095500946045,1.2488605976104736,0.03714889660477638,0.9881791472434998,0.26068150997161865,0.25649428367614746,3.99169008957756e-09,0.0041872174479067326,0.2526010274887085,1.7030078461772696e-19,0.2526010274887085,1.902917504310608,0.735758900642395,0.7149907350540161,0.4613442122936249,12.268844604492188,0.2107265591621399,-0.02014041692018509,0.2107265591621399,1.050906777381897,1.0502268075942993,1.0502456426620483
111,train,0,1.0,1.0,9,guijiao_20_180,16,0.44999998807907104,11250.0,324.0,1.3411883115768433,1.3907357454299927,1.3505656719207764,0.040170129388570786,1.0690122842788696,0.28155338764190674,0.27685922384262085,4.454665081254916e-09,0.004694174509495497,0.2721027135848999,2.690328686616003e-19,0.2721027135848999,1.836199402809143,0.735758900642395,0.7117331624031067,0.4575488269329071,11.509765625,0.20313389599323273,-0.02296929992735386,0.20313389599323273,1.0509107112884521,1.0502129793167114,1.050213098526001
112,train,0,1.0,1.0,9,guijiao_20_180,17,0.4749999940395355,11875.0,361.0,1.5874711275100708,1.4964438676834106,1.453225016593933,0.04321885108947754,1.1502219438552856,0.30300307273864746,0.29777300357818604,4.942783071726353e-09,0.0052300733514130116,0.2920822501182556,2.5470766692546686e-18,0.2920822501182556,1.7731953859329224,0.735758900642395,0.7087894082069397,0.45413661003112793,10.827320098876953,0.1963166445493698,-0.025783466175198555,0.1963166445493698,1.0509141683578491,1.050199031829834,1.0501799583435059
113,train,0,1.0,1.0,9,guijiao_20_180,18,0.5,12500.0,400.0,1.6530265808105469,1.6032565832138062,1.5569580793380737,0.04629850760102272,1.231716275215149,0.3252418041229248,0.3194468915462494,5.456139096082779e-09,0.00579490652307868,0.31251654028892517,1.337401227409797e-18,0.31251654028892517,1.7136921882629395,0.735758900642395,0.7061293125152588,0.45105257630348206,10.210517883300781,0.19028335809707642,-0.02857961505651474,0.19028335809707642,1.050917148590088,1.0501848459243774,1.0501459836959839
114,train,0,1.0,1.0,10,guijiao_10_0,0,0.05000000074505806,1250.0,4.0,0.061789702624082565,0.022916225716471672,0.022256772965192795,0.0006594521109946072,0.017126381397247314,0.005130392033606768,0.0028768826741725206,0.0022245245054364204,2.8984874006710015e-05,0.009522550739347935,0.004054622258991003,0.004054622258991003,2.382800579071045,0.735758900642395,0.7675307393074036,0.6207086443901062,44.14173126220703,0.6675379276275635,0.03174417093396187,0.6675379276275635,1.0504491329193115,1.0504480600357056,1.0505205392837524
115,train,0,1.0,1.0,10,guijiao_10_0,1,0.07500000298023224,1875.0,9.0,0.07487817108631134,0.047729622572660446,0.046357378363609314,0.001372245722450316,0.03498854860663414,0.011368830688297749,0.006412120535969734,0.004891497083008289,6.521267641801387e-05,0.018689146265387535,0.0064387195743620396,0.0064387195743620396,2.1635429859161377,0.735758900642395,0.7501131892204285,0.5476172566413879,29.523452758789062,0.664438784122467,0.034131716936826706,0.664438784122467,1.0504107475280762,1.0504266023635864,1.0504677295684814
116,train,0,1.0,1.0,10,guijiao_10_0,2,0.10000000149011612,2500.0,16.0,0.08106280863285065,0.07877196371555328,0.07650922238826752,0.0022627392318099737,0.05661947652697563,0.019889747723937035,0.011247056536376476,0.008526763878762722,0.00011592814553296193,0.025918809697031975,0.00858659204095602,0.00858659204095602,1.9693728685379028,0.735758900642395,0.7355279922485352,0.5097271203994751,21.9454288482666,0.6600717902183533,0.03416156396269798,0.6600717902183533,1.0503736734390259,1.0504083633422852,1.0504176616668701
117,val,0,1.0,1.0,10,guijiao_10_0,3,0.125,3125.0,25.0,0.11539952456951141,0.11462418735027313,0.11133436858654022,0.0032898213248699903,0.08079195022583008,0.030542416498064995,0.017266614362597466,0.013094672933220863,0.00018112930411007255,0.03230711445212364,0.01071394607424736,0.01071394607424736,1.7984988689422607,0.735758900642395,0.7229305505752563,0.48791635036468506,17.583267211914062,0.6544344425201416,0.03301792964339256,0.6544344425201416,1.0503385066986084,1.050391674041748,1.050369143486023
118,val,0,1.0,1.0,10,guijiao_10_0,4,0.15000000596046448,3750.0,36.0,0.22257539629936218,0.15426121652126312,0.14983737468719482,0.004423835314810276,0.10668424516916275,0.043153129518032074,0.024324974045157433,0.018567342311143875,0.00026081447140313685,0.038538794964551926,0.012932950630784035,0.012932950630784035,1.6492249965667725,0.735758900642395,0.7118618488311768,0.47369226813316345,14.738452911376953,0.6475563645362854,0.031228000298142433,0.6475563645362854,1.0503051280975342,1.0503759384155273,1.0503218173980713
119,train,0,1.0,1.0,10,guijiao_10_0,5,0.17499999701976776,4375.0,49.0,0.19035470485687256,0.19695526361465454,0.19131150841712952,0.005643748212605715,0.13378222286701202,0.05752929300069809,0.03225181996822357,0.024922490119934082,0.00035498171928338706,0.04491616040468216,0.015288958325982094,0.015288958325982094,1.519443154335022,0.735758900642395,0.7020208835601807,0.4635932743549347,12.71865463256836,0.6395167708396912,0.029059873893857002,0.6395167708396912,1.0502735376358032,1.050360918045044,1.0502753257751465
120,val,0,1.0,1.0,10,guijiao_10_0,6,0.20000000298023224,5000.0,64.0,0.2699236571788788,0.24219055473804474,0.2352558970451355,0.006934659089893103,0.1617870032787323,0.0734689012169838,0.040863268077373505,0.03214200586080551,0.00046362957800738513,0.05157095938920975,0.0177962277084589,0.0177962277084589,1.4068433046340942,0.735758900642395,0.6931921243667603,0.45599478483200073,11.198957443237305,0.6304553151130676,0.026663504540920258,0.6304553151130676,1.050243616104126,1.0503463745117188,1.0502296686172485
121,train,0,1.0,1.0,10,guijiao_10_0,7,0.22499999403953552,5625.0,81.0,0.29202887415885925,0.28960129618644714,0.28131529688835144,0.008285999298095703,0.19054116308689117,0.09077412635087967,0.04997645318508148,0.040210917592048645,0.0005867558065801859,0.05855756998062134,0.020455215126276016,0.020455215126276016,1.3091394901275635,0.735758900642395,0.6852127313613892,0.45003658533096313,10.007320404052734,0.6205723881721497,0.02413257770240307,0.6205723881721497,1.0502151250839233,1.0503324270248413,1.0501844882965088
122,train,0,1.0,1.0,10,guijiao_10_0,8,0.25,6250.0,100.0,0.29831641912460327,0.33893468976020813,0.3292442262172699,0.009690454229712486,0.21997779607772827,0.10926643013954163,0.05942538008093834,0.04911669343709946,0.0007243588916026056,0.0658935159444809,0.023260442540049553,0.023260442540049553,1.2242242097854614,0.735758900642395,0.6779555082321167,0.4452192783355713,9.043856620788574,0.6101160645484924,0.02153007872402668,0.6101160645484924,1.0501878261566162,1.0503188371658325,1.0501396656036377
123,train,0,1.0,1.0,10,guijiao_10_0,9,0.2750000059604645,6875.0,121.0,0.4310641288757324,0.3900274634361267,0.3788841962814331,0.011143278330564499,0.25008484721183777,0.12879934906959534,0.0690741315484047,0.058848779648542404,0.0008764370577409863,0.07357822358608246,0.026204118505120277,0.026204118505120277,1.150228500366211,0.735758900642395,0.6713200211524963,0.4412316679954529,8.246335983276367,0.5993581414222717,0.018901469185948372,0.5993581414222717,1.0501614809036255,1.050305724143982,1.0500949621200562
124,val,0,1.0,1.0,10,guijiao_10_0,10,0.30000001192092896,7500.0,144.0,0.40116769075393677,0.4427897334098816,0.4301479160785675,0.01264182385057211,0.28088217973709106,0.14926573634147644,0.07882460206747055,0.06939813494682312,0.0010429881513118744,0.08160223811864853,0.02927783876657486,0.02927783876657486,1.085534930229187,0.735758900642395,0.6652243137359619,0.43786895275115967,7.573787689208984,0.5885652303695679,0.016278889030218124,0.5885652303695679,1.0501360893249512,1.0502928495407104,1.0500502586364746
125,train,0,1.0,1.0,10,guijiao_10_0,11,0.32499998807907104,8125.0,169.0,0.506271243095398,0.4971899688243866,0.4830048680305481,0.01418510265648365,0.31240636110305786,0.17059850692749023,0.08861749619245529,0.0807570070028305,0.0012240101350471377,0.08995193988084793,0.032473374158144,0.032473374158144,1.028762936592102,0.735758900642395,0.6596013307571411,0.43499016761779785,6.998030662536621,0.5779734253883362,0.01368499081581831,0.5779734253883362,1.050111174583435,1.0502803325653076,1.0500054359436035
126,train,0,1.0,1.0,10,guijiao_10_0,12,0.3499999940395355,8750.0,196.0,0.5606998205184937,0.553242564201355,0.5374691486358643,0.015773437917232513,0.34470248222351074,0.19276665151119232,0.09842844307422638,0.09291871637105942,0.0014195011463016272,0.09861201047897339,0.03578303009271622,0.03578303009271622,0.9787471294403076,0.735758900642395,0.6543954610824585,0.4324948787689209,6.498973846435547,0.5677726864814758,0.011136442422866821,0.5677726864814758,1.0500869750976562,1.0502679347991943,1.0499603748321533
127,train,0,1.0,1.0,10,guijiao_10_0,13,0.375,9375.0,225.0,0.5885866284370422,0.6109941601753235,0.5935860872268677,0.017408045008778572,0.3778170347213745,0.21576903760433197,0.1082620695233345,0.10587751120328903,0.0016294590895995498,0.10756683349609375,0.03919977322220802,0.03919977322220802,0.9345039129257202,0.735758900642395,0.6495600342750549,0.43030932545661926,6.06186580657959,0.5581037998199463,0.008643683977425098,0.5581037998199463,1.0500630140304565,1.0502558946609497,1.0499149560928345
128,val,0,1.0,1.0,10,guijiao_10_0,14,0.4000000059604645,10000.0,256.0,0.6958703994750977,0.6705178022384644,0.6514269113540649,0.019090892747044563,0.41179680824279785,0.23963013291358948,0.11814792454242706,0.11962831765413284,0.001853881636634469,0.11680116504430771,0.04271727055311203,0.04271727055311203,0.895210325717926,0.735758900642395,0.6450554132461548,0.42837801575660706,5.675602912902832,0.5490655899047852,0.00621592253446579,0.5490655899047852,1.050039529800415,1.050243854522705,1.0498690605163574
129,val,0,1.0,1.0,10,guijiao_10_0,15,0.42500001192092896,10625.0,289.0,0.6730650663375854,0.731907308101654,0.7110828161239624,0.020824508741497993,0.44668492674827576,0.26439791917800903,0.128138467669487,0.1341666877269745,0.0020927656441926956,0.12630051374435425,0.046329837292432785,0.046329837292432785,0.8601725697517395,0.735758900642395,0.6408478021621704,0.4266582429409027,5.331648349761963,0.5407266020774841,0.0038552763871848583,0.5407266020774841,1.050016164779663,1.05023193359375,1.0498226881027222
130,val,0,1.0,1.0,10,guijiao_10_0,16,0.44999998807907104,11250.0,324.0,0.6925672888755798,0.7952784895896912,0.7726664543151855,0.022612040862441063,0.4825226962566376,0.290143758058548,0.13830873370170593,0.1494889259338379,0.0023461095988750458,0.13605135679244995,0.05003241449594498,0.05003241449594498,0.8288097977638245,0.735758900642395,0.6369082927703857,0.4251165986061096,5.02332067489624,0.5331339240074158,0.0015655910829082131,0.5331339240074158,1.0499930381774902,1.0502201318740845,1.0497756004333496
131,val,0,1.0,1.0,10,guijiao_10_0,17,0.4749999940395355,11875.0,361.0,0.7913765907287598,0.8607624769210815,0.8363054394721985,0.024457046762108803,0.5193472504615784,0.3169581890106201,0.14875271916389465,0.16559158265590668,0.0026139107067137957,0.1460411250591278,0.05382047966122627,0.05382047966122627,0.8006316423416138,0.735758900642395,0.6332114934921265,0.42372652888298035,4.74530553817749,0.5263166427612305,-0.0006523354677483439,0.5263166427612305,1.0499699115753174,1.050208330154419,1.0497277975082397
132,train,0,1.0,1.0,10,guijiao_10_0,18,0.5,12500.0,400.0,0.9285801649093628,0.9276934266090393,0.9013530015945435,0.026340432465076447,0.5571928024291992,0.3441602289676666,0.15957598388195038,0.1816880851984024,0.002896165242418647,0.15625827014446259,0.05769001320004463,0.05769001320004463,0.7752247452735901,0.735758900642395,0.6297358274459839,0.42246657609939575,4.493317604064941,0.5188516974449158,-0.002797831082716584,0.5188516974449158,1.049946904182434,1.0501965284347534,1.049679160118103
133,train,0,1.0,1.0,11,guijiao_10_180,0,0.05000000074505806,1250.0,4.0,0.06980589777231216,0.023934852331876755,0.023244213312864304,0.0006906386115588248,0.020337864756584167,0.002906349254772067,0.0028773611411452293,3.060592404513507e-11,2.8988100893911906e-05,0.009522550739347935,1.557760600314056e-22,0.009522550739347935,2.829615592956543,0.735758900642395,0.7919824719429016,0.838975191116333,87.79503631591797,0.33753788471221924,0.019121406599879265,0.33753788471221924,1.050623893737793,1.0504716634750366,1.0506374835968018
134,train,0,1.0,1.0,11,guijiao_10_180,1,0.07500000298023224,1875.0,9.0,0.03306988999247551,0.051588766276836395,0.05010049790143967,0.0014882665127515793,0.043621838092803955,0.0064786579459905624,0.006413436960428953,6.745580483080715e-11,6.522105832118541e-05,0.018689146265387535,1.9663044687165624e-22,0.018689146265387535,2.6973888874053955,0.735758900642395,0.7758222222328186,0.7209258079528809,64.1851577758789,0.3344387710094452,0.02230428345501423,0.3344387710094452,1.0506263971328735,1.050434947013855,1.0506027936935425
135,train,0,1.0,1.0,11,guijiao_10_180,2,0.10000000149011612,2500.0,16.0,0.15503378212451935,0.08749484270811081,0.08497137576341629,0.0025234688073396683,0.07360567152500153,0.011365705169737339,0.011249760165810585,1.1773222674538175e-10,0.00011594470561249182,0.025918809697031975,3.962648760703941e-22,0.025918809697031975,2.560196876525879,0.735758900642395,0.761684775352478,0.6509374380111694,50.1874885559082,0.3300718069076538,0.02277042157948017,0.3300718069076538,1.050626277923584,1.0503995418548584,1.0505677461624146
136,train,0,1.0,1.0,11,guijiao_10_180,3,0.125,3125.0,25.0,0.1742364466190338,0.13000112771987915,0.12625274062156677,0.003748389659449458,0.1088002622127533,0.017452482134103775,0.01727132499217987,1.8093238018934699e-10,0.00018115750572178513,0.03230711445212364,3.1570147162628854e-23,0.03230711445212364,2.4219882488250732,0.735758900642395,0.7491878271102905,0.6060657501220703,41.2131462097168,0.32443445920944214,0.02181643806397915,0.32443445920944214,1.0506250858306885,1.0503647327423096,1.0505326986312866
137,train,0,1.0,1.0,11,guijiao_10_180,4,0.15000000596046448,3750.0,36.0,0.2257920205593109,0.17764252424240112,0.17252188920974731,0.005120629444718361,0.14792869985103607,0.02459319680929184,0.024332338944077492,2.566873380516199e-10,0.00026085812714882195,0.038538794964551926,5.617418552650028e-23,0.038538794964551926,2.286820411682129,0.735758900642395,0.7381261587142944,0.5746968984603882,34.93937683105469,0.31755638122558594,0.020136026665568352,0.31755638122558594,1.0506231784820557,1.0503302812576294,1.0504976511001587
138,train,0,1.0,1.0,11,guijiao_10_180,5,0.17499999701976776,4375.0,49.0,0.24175983667373657,0.22922423481941223,0.22261857986450195,0.006605647504329681,0.19000104069709778,0.03261754289269447,0.032262496650218964,3.447364893549576e-10,0.00035504516563378274,0.04491616040468216,6.843195434481853e-23,0.04491616040468216,2.1579535007476807,0.735758900642395,0.7283391952514648,0.551417887210846,30.2835750579834,0.3095167577266693,0.018149830400943756,0.3095167577266693,1.0506211519241333,1.050296664237976,1.0504629611968994
139,train,0,1.0,1.0,11,guijiao_10_180,6,0.20000000298023224,5000.0,64.0,0.24040131270885468,0.2838378846645355,0.2756606638431549,0.008177218027412891,0.2343190759420395,0.041341595351696014,0.04087787866592407,4.449002555251269e-10,0.0004637175297830254,0.05157095938920975,5.755372023400182e-23,0.05157095938920975,2.0375568866729736,0.735758900642395,0.7196786403656006,0.533397376537323,26.679471969604492,0.3004553020000458,0.016127103939652443,0.3004553020000458,1.050619125366211,1.0502640008926392,1.050428867340088
140,train,0,1.0,1.0,11,guijiao_10_180,7,0.22499999403953552,5625.0,81.0,0.35061752796173096,0.34083259105682373,0.33101600408554077,0.009816574864089489,0.2804335355758667,0.05058245733380318,0.049995582550764084,5.57054569139126e-10,0.0005868736770935357,0.05855756998062134,5.25454821604688e-22,0.05855756998062134,1.926757574081421,0.735758900642395,0.7120028734207153,0.5190048217773438,23.800962448120117,0.2905723750591278,0.014235558919608593,0.2905723750591278,1.0506170988082886,1.0502326488494873,1.0503953695297241
141,train,0,1.0,1.0,11,guijiao_10_180,8,0.25,6250.0,100.0,0.3476819396018982,0.399769127368927,0.38825803995132446,0.011511079035699368,0.32808396220207214,0.060174085199832916,0.05944957211613655,6.811121666672193e-10,0.0007245127926580608,0.0658935159444809,1.220661604799784e-21,0.0658935159444809,1.825858473777771,0.735758900642395,0.7051802277565002,0.507230281829834,21.44605827331543,0.2801160514354706,0.012575246393680573,0.2801160514354706,1.0506153106689453,1.0502023696899414,1.0503627061843872
142,train,0,1.0,1.0,11,guijiao_10_180,9,0.2750000059604645,6875.0,121.0,0.38224053382873535,0.46037229895591736,0.44711947441101074,0.013252835720777512,0.3771389424800873,0.06998051702976227,0.06910388171672821,8.170064624835049e-10,0.0008766338578425348,0.07357822358608246,3.733637012555253e-22,0.07357822358608246,1.7345950603485107,0.735758900642395,0.6990907192230225,0.49741220474243164,19.482440948486328,0.2693581283092499,0.011199272237718105,0.2693581283092499,1.0506137609481812,1.0501735210418701,1.0503307580947876
143,train,0,1.0,1.0,11,guijiao_10_180,10,0.30000001192092896,7500.0,144.0,0.5158165097236633,0.5224878787994385,0.5074504613876343,0.015037436969578266,0.4275468587875366,0.07990361005067825,0.07886037230491638,9.646837773047423e-10,0.0010432357667014003,0.08160223811864853,5.248621737568783e-21,0.08160223811864853,1.6523549556732178,0.735758900642395,0.6936293840408325,0.48909759521484375,17.819517135620117,0.258565217256546,0.01012776792049408,0.258565217256546,1.0506125688552856,1.0501457452774048,1.0502995252609253
144,val,0,1.0,1.0,11,guijiao_10_180,11,0.32499998807907104,8125.0,169.0,0.47507306933403015,0.5860483646392822,0.5691853761672974,0.01686297543346882,0.4793013334274292,0.08988405019044876,0.08865973353385925,1.1240969266523848e-09,0.0012243174714967608,0.08995193988084793,9.957311831609947e-21,0.08995193988084793,1.5783528089523315,0.735758900642395,0.6887047290802002,0.48196521401405334,16.393043518066406,0.24797342717647552,0.009360367432236671,0.24797342717647552,1.0506117343902588,1.0501190423965454,1.0502690076828003
145,train,0,1.0,1.0,11,guijiao_10_180,12,0.3499999940395355,8750.0,196.0,0.5916249752044678,0.6510424613952637,0.6323133111000061,0.018729154020547867,0.5324158668518066,0.09989745914936066,0.09847757965326309,1.2952020567169598e-09,0.001419877982698381,0.09861201047897339,1.801439107896812e-20,0.09861201047897339,1.5117398500442505,0.735758900642395,0.6842392683029175,0.4757799208164215,15.155984878540039,0.23777265846729279,0.008884645067155361,0.23777265846729279,1.0506112575531006,1.050093412399292,1.050239086151123
146,train,0,1.0,1.0,11,guijiao_10_180,13,0.375,9375.0,225.0,0.7030403017997742,0.7174961566925049,0.6968594193458557,0.020636744797229767,0.5869109034538269,0.10994849354028702,0.10831857472658157,1.477956645956624e-09,0.001629916368983686,0.10756683349609375,3.1284222798348394e-20,0.10756683349609375,1.4516829252243042,0.735758900642395,0.6801676750183105,0.4703657627105713,14.073150634765625,0.22810377180576324,0.008679715916514397,0.22810377180576324,1.0506110191345215,1.0500686168670654,1.050209641456604
147,val,0,1.0,1.0,11,guijiao_10_180,14,0.4000000059604645,10000.0,256.0,0.7948856353759766,0.785457193851471,0.7628700733184814,0.022587133571505547,0.6428033709526062,0.12006668746471405,0.1182122528553009,1.6723206153201886e-09,0.0018544316990301013,0.11680116504430771,5.24270174163406e-20,0.11680116504430771,1.3973984718322754,0.735758900642395,0.6764352321624756,0.4655887186527252,13.117743492126465,0.2190656065940857,0.008718623779714108,0.2190656065940857,1.0506112575531006,1.0500446557998657,1.0501806735992432
148,val,0,1.0,1.0,11,guijiao_10_180,15,0.42500001192092896,10625.0,289.0,0.9257188439369202,0.85499107837677,0.8304088711738586,0.024582205340266228,0.700104296207428,0.13030456006526947,0.1282111406326294,1.878253552689557e-09,0.002093422459438443,0.12630051374435425,8.515039230886348e-20,0.12630051374435425,1.3481773138046265,0.735758900642395,0.6729965209960938,0.4613442122936249,12.268844604492188,0.2107265591621399,0.008978699333965778,0.2107265591621399,1.0506117343902588,1.0500212907791138,1.0501521825790405
149,train,0,1.0,1.0,11,guijiao_10_180,16,0.44999998807907104,11250.0,324.0,1.0905781984329224,0.9261766076087952,0.8995524048805237,0.026624219492077827,0.7588151693344116,0.14073722064495087,0.13839033246040344,2.0957189317272196e-09,0.002346887718886137,0.13605135679244995,1.3451643433080014e-19,0.13605135679244995,1.3033862113952637,0.735758900642395,0.6698135733604431,0.4575488269329071,11.509765625,0.20313389599323273,0.009432785212993622,0.20313389599323273,1.050612449645996,1.04999840259552,1.0501238107681274
150,val,0,1.0,1.0,11,guijiao_10_180,17,0.4749999940395355,11875.0,361.0,1.0394068956375122,0.9991040229797363,0.9703882932662964,0.028715752065181732,0.8189295530319214,0.1514587253332138,0.1488438993692398,2.3246828906309247e-09,0.0026148268952965736,0.1460411250591278,1.2735383346273343e-18,0.1460411250591278,1.2624711990356445,0.735758900642395,0.6668553352355957,0.45413661003112793,10.827320098876953,0.1963166445493698,0.010058613494038582,0.1963166445493698,1.0506134033203125,1.0499759912490845,1.0500956773757935
151,val,0,1.0,1.0,11,guijiao_10_180,18,0.5,12500.0,400.0,1.115393042564392,1.0738657712936401,1.0430063009262085,0.030859429389238358,0.8804316520690918,0.16257469356060028,0.15967746078968048,2.5651101243084895e-09,0.0028972369618713856,0.15625827014446259,6.687006137048985e-19,0.15625827014446259,1.2249484062194824,0.735758900642395,0.6640951633453369,0.45105257630348206,10.210517883300781,0.19028335809707642,0.010832727886736393,0.19028335809707642,1.050614595413208,1.0499539375305176,1.0500675439834595
